CompanyID,WorkRecordID,MachineID,PointStart,PointEnd,CalcUsageTime,CalcProductionTime,OrderNo,MachineOperatorID,ProductID,ProducedDuringThePeriod,TotalProducedByTheEndOfPeriod,NeedToProduce,Timer,CycleCurrency,UtilisationRate,OrderComplete,TargetUnitsPerMinute,Productionday,BookingNo,JOBNr,OldState,TimeOldState,WorkerCount,Shift,StoppageTimeOrganiz,StoppageTimeTechnic,CreateDate,AddEditDate
1,10000,AXO12,2025-06-10 12:00:00,2025-06-10 12:37:00,2220,963,700000,18,10269202062,840,840,1046,2220,1.059,0.434,0,55,2025-06-10,10000,10000,0,0,1,F,996,260,2025-06-10 12:00:00,2025-06-10 12:00:00
1,10001,AXO12,2025-06-10 13:19:00,2025-06-10 14:42:28,5008,2172,700000,6,10269202062,1894,1894,2038,5008,0.989,0.434,0,55,2025-06-10,10001,10001,0,0,2,S,1489,1346,2025-06-10 13:19:00,2025-06-10 13:19:00
1,10002,AXO12,2025-06-10 15:34:28,2025-06-10 16:34:16,3588,1556,700000,16,10269202062,1357,1357,1610,3588,1.098,0.434,0,55,2025-06-10,10002,10002,0,0,4,S,1723,308,2025-06-10 15:34:28,2025-06-10 15:34:28
1,10003,AXO12,2025-06-10 16:54:16,2025-06-10 18:20:19,5163,2240,700000,4,10269202062,1954,1954,1979,5163,0.907,0.434,0,55,2025-06-10,10003,10003,0,0,1,S,1974,948,2025-06-10 16:54:16,2025-06-10 16:54:16
1,10004,AXO10,2025-08-23 01:00:00,2025-08-23 01:44:08,2648,1022,700001,5,10269202066,911,911,963,2648,1.038,0.386,0,55,2025-08-23,10004,10004,0,0,4,F,659,966,2025-08-23 01:00:00,2025-08-23 01:00:00
1,10005,AXO10,2025-08-23 02:49:08,2025-08-23 03:32:23,2595,1001,700001,12,10269202066,893,893,934,2595,0.954,0.386,0,55,2025-08-23,10005,10005,0,0,4,"F,S",640,953,2025-08-23 02:49:08,2025-08-23 02:49:08
1,10006,AXO10,2025-08-23 04:51:23,2025-08-23 05:18:08,1605,619,700001,10,10269202066,552,552,657,1605,1.048,0.386,0,55,2025-08-23,10006,10006,0,0,2,F,770,215,2025-08-23 04:51:23,2025-08-23 04:51:23
1,10007,AXO10,2025-08-23 05:40:08,2025-08-23 06:38:50,3522,1359,700001,12,10269202066,1212,1212,1343,3522,1.02,0.386,0,55,2025-08-23,10007,10007,0,0,4,F,1359,803,2025-08-23 05:40:08,2025-08-23 05:40:08
1,10008,AXO11,2025-08-07 01:00:00,2025-08-07 01:44:09,2649,1181,700002,8,10269202057,469,469,554,2649,1.028,0.446,0,10,2025-08-07,10008,10008,0,0,3,S,1233,234,2025-08-07 01:00:00,2025-08-07 01:00:00
1,10009,AXO11,2025-08-07 02:45:09,2025-08-07 04:21:15,5766,2572,700002,3,10269202057,1022,1022,1095,5766,0.98,0.446,0,25,2025-08-07,10009,10009,0,0,4,F,1910,1283,2025-08-07 02:45:09,2025-08-07 02:45:09
1,10010,AXO11,2025-08-07 04:58:15,2025-08-07 06:35:21,5826,2599,700002,1,10269202057,1033,1033,1126,5826,1.075,0.446,0,25,2025-08-07,10010,10010,0,0,3,F,1603,1623,2025-08-07 04:58:15,2025-08-07 04:58:15
1,10011,AXO11,2025-08-07 07:34:21,2025-08-07 08:32:19,3478,1551,700002,3,10269202057,616,616,790,3478,1.081,0.446,0,25,2025-08-07,10011,10011,0,0,4,S,1503,423,2025-08-07 07:34:21,2025-08-07 07:34:21
1,10012,AXO11,2025-08-07 08:57:19,2025-08-07 09:20:24,1385,617,700002,15,10269202057,245,245,285,1385,0.936,0.446,0,25,2025-08-07,10012,10012,0,0,4,S,373,394,2025-08-07 08:57:19,2025-08-07 08:57:19
1,10013,AXO11,2025-08-07 10:39:24,2025-08-07 12:16:39,5835,2603,700002,13,10269202057,1035,1035,1151,5835,0.982,0.446,0,25,2025-08-07,10013,10013,0,0,1,F,2121,1110,2025-08-07 10:39:24,2025-08-07 10:39:24
1,10014,AXO11,2025-08-07 13:20:39,2025-08-07 13:34:04,805,359,700002,11,10269202057,142,142,165,805,0.964,0.446,0,25,2025-08-07,10014,10014,0,0,2,S,354,91,2025-08-07 13:20:39,2025-08-07 13:20:39
1,10015,AXO11,2025-08-07 14:41:04,2025-08-07 14:56:01,897,400,700002,1,10269202057,159,159,160,897,0.925,0.446,0,25,2025-08-07,10015,10015,0,0,2,"F,S",282,214,2025-08-07 14:41:04,2025-08-07 14:41:04
1,10016,AXO11,2025-07-28 14:00:00,2025-07-28 14:15:13,913,377,700003,12,10269202064,193,193,213,913,1.004,0.413,0,30,2025-07-28,10016,10016,0,0,3,"F,S",379,156,2025-07-28 14:00:00,2025-07-28 14:00:00
1,10017,AXO11,2025-07-28 15:26:13,2025-07-28 16:58:02,5509,2275,700003,8,10269202064,1168,1168,1169,5509,1.051,0.413,0,30,2025-07-28,10017,10017,0,0,4,"F,S",1513,1720,2025-07-28 15:26:13,2025-07-28 15:26:13
1,10018,AXO11,2025-07-28 18:11:02,2025-07-28 19:18:58,4076,1683,700003,3,10269202064,864,864,1075,4076,0.903,0.413,0,30,2025-07-28,10018,10018,0,0,4,S,1408,984,2025-07-28 18:11:02,2025-07-28 18:11:02
1,10019,AXO11,2025-07-28 20:02:58,2025-07-28 21:24:20,4882,2016,700003,2,10269202064,1035,1035,1105,4882,0.94,0.413,0,30,2025-07-28,10019,10019,0,0,3,"F,S",1808,1057,2025-07-28 20:02:58,2025-07-28 20:02:58
1,10020,AXO11,2025-07-28 21:57:20,2025-07-28 22:16:53,1173,484,700003,4,10269202064,248,248,318,1173,1.015,0.413,0,30,2025-07-28,10020,10020,0,0,4,S,382,306,2025-07-28 21:57:20,2025-07-28 21:57:20
1,10021,AXO11,2025-07-28 22:29:53,2025-07-28 23:04:19,2066,853,700003,5,10269202064,438,438,566,2066,1.003,0.413,0,30,2025-07-28,10021,10021,0,0,2,"F,S",1004,208,2025-07-28 22:29:53,2025-07-28 22:29:53
1,10022,AXO11,2025-07-28 23:51:19,2025-07-29 01:22:13,5454,2253,700003,18,10269202064,1157,1157,1358,5454,0.985,0.413,0,30,2025-07-28,10022,10022,0,0,4,"F,S",2350,850,2025-07-28 23:51:19,2025-07-28 23:51:19
1,10023,AXO10,2025-08-26 20:00:00,2025-08-26 20:58:43,3523,1013,700004,19,10269202064,935,935,1161,3523,1.035,0.288,0,55,2025-08-26,10023,10023,0,0,2,"F,S",1287,1222,2025-08-26 20:00:00,2025-08-26 20:00:00
1,10024,AXO10,2025-08-26 21:10:43,2025-08-26 22:17:22,3999,1150,700004,6,10269202064,1062,1062,1188,3999,0.941,0.288,0,55,2025-08-26,10024,10024,0,0,2,F,2385,463,2025-08-26 21:10:43,2025-08-26 21:10:43
1,10025,AXO10,2025-08-26 22:22:22,2025-08-26 23:14:37,3135,902,700004,5,10269202064,833,833,1042,3135,0.922,0.288,0,55,2025-08-26,10025,10025,0,0,3,S,1813,419,2025-08-26 22:22:22,2025-08-26 22:22:22
1,10026,AXO10,2025-08-27 00:35:37,2025-08-27 01:28:44,3187,917,700004,9,10269202064,847,847,924,3187,1.092,0.288,0,55,2025-08-27,10026,10026,0,0,3,"F,S",1515,754,2025-08-27 00:35:37,2025-08-27 00:35:37
1,10027,KM2,2025-09-22 04:00:00,2025-09-22 04:47:02,2822,1342,700005,14,10269202062,820,820,999,2822,0.923,0.476,0,40,2025-09-22,10027,10027,0,0,4,"F,S",1100,379,2025-09-22 04:00:00,2025-09-22 04:00:00
1,10028,KM2,2025-09-22 06:09:02,2025-09-22 07:21:30,4348,2068,700005,16,10269202062,1264,1264,1462,4348,1.083,0.476,0,40,2025-09-22,10028,10028,0,0,2,F,1812,467,2025-09-22 06:09:02,2025-09-22 06:09:02
1,10029,KM2,2025-09-22 07:37:30,2025-09-22 07:50:13,763,362,700005,5,10269202062,221,221,237,763,0.938,0.476,0,40,2025-09-22,10029,10029,0,0,2,"F,S",164,236,2025-09-22 07:37:30,2025-09-22 07:37:30
1,10030,KM2,2025-06-15 22:00:00,2025-06-15 22:11:53,713,256,700006,11,10269202050,82,82,95,713,1.062,0.359,0,20,2025-06-15,10030,10030,0,0,4,S,246,210,2025-06-15 22:00:00,2025-06-15 22:00:00
1,10031,KM2,2025-06-15 23:10:53,2025-06-15 23:40:21,1768,635,700006,12,10269202050,204,204,239,1768,0.908,0.359,0,20,2025-06-15,10031,10031,0,0,1,"F,S",550,582,2025-06-15 23:10:53,2025-06-15 23:10:53
1,10032,KM2,2025-06-16 00:22:21,2025-06-16 01:58:45,5784,2079,700006,1,10269202050,671,671,739,5784,0.964,0.359,0,20,2025-06-16,10032,10032,0,0,1,F,2905,799,2025-06-16 00:22:21,2025-06-16 00:22:21
1,10033,KM2,2025-06-16 02:09:45,2025-06-16 02:46:52,2227,800,700006,12,10269202050,258,258,282,2227,1.073,0.359,0,20,2025-06-16,10033,10033,0,0,2,"F,S",1082,344,2025-06-16 02:09:45,2025-06-16 02:09:45
1,10034,KM2,2025-06-16 03:14:52,2025-06-16 03:36:29,1297,466,700006,15,10269202050,150,150,158,1297,1.015,0.359,0,20,2025-06-16,10034,10034,0,0,4,S,619,211,2025-06-16 03:14:52,2025-06-16 03:14:52
1,10035,KM2,2025-06-16 04:33:29,2025-06-16 05:07:10,2021,726,700006,12,10269202050,234,234,280,2021,1.026,0.359,0,20,2025-06-16,10035,10035,0,0,4,"F,S",574,720,2025-06-16 04:33:29,2025-06-16 04:33:29
1,10036,KM2,2025-06-16 06:09:10,2025-06-16 07:31:28,4938,1774,700006,2,10269202050,572,572,720,4938,1.079,0.359,0,20,2025-06-16,10036,10036,0,0,3,F,1731,1432,2025-06-16 06:09:10,2025-06-16 06:09:10
1,10037,KM2,2025-09-14 18:00:00,2025-09-14 19:35:01,5701,2834,700007,4,10269202050,945,945,1074,5701,1.031,0.497,0,20,2025-09-14,10037,10037,0,0,2,S,1636,1230,2025-09-14 18:00:00,2025-09-14 18:00:00
1,10038,KM2,2025-09-14 19:44:01,2025-09-14 20:47:10,3789,1883,700007,8,10269202050,628,628,752,3789,1.066,0.497,0,20,2025-09-14,10038,10038,0,0,3,S,877,1028,2025-09-14 19:44:01,2025-09-14 19:44:01
1,10039,KM2,2025-09-14 21:15:10,2025-09-14 21:58:37,2607,1296,700007,6,10269202050,432,432,464,2607,0.966,0.497,0,20,2025-09-14,10039,10039,0,0,1,"F,S",842,468,2025-09-14 21:15:10,2025-09-14 21:15:10
1,10040,KM2,2025-09-14 22:39:37,2025-09-14 23:43:08,3811,1894,700007,2,10269202050,631,631,740,3811,0.96,0.497,0,20,2025-09-14,10040,10040,0,0,1,F,1416,500,2025-09-14 22:39:37,2025-09-14 22:39:37
1,10041,KM2,2025-09-15 00:01:08,2025-09-15 01:19:49,4721,2347,700007,10,10269202050,782,782,812,4721,0.916,0.497,0,20,2025-09-15,10041,10041,0,0,1,"F,S",1089,1284,2025-09-15 00:01:08,2025-09-15 00:01:08
1,10042,KM2,2025-09-15 02:40:49,2025-09-15 03:56:39,4550,2262,700007,6,10269202050,754,754,942,4550,1.024,0.497,0,20,2025-09-15,10042,10042,0,0,4,F,1230,1057,2025-09-15 02:40:49,2025-09-15 02:40:49
1,10043,AXO10,2025-06-17 09:00:00,2025-06-17 10:09:37,4177,1626,700008,14,10269202053,1386,1386,1729,4177,1.035,0.389,0,55,2025-06-17,10043,10043,0,0,2,S,1911,639,2025-06-17 09:00:00,2025-06-17 09:00:00
1,10044,AXO10,2025-06-17 11:14:37,2025-06-17 11:30:23,946,368,700008,18,10269202053,313,313,330,946,0.953,0.389,0,55,2025-06-17,10044,10044,0,0,4,"F,S",366,211,2025-06-17 11:14:37,2025-06-17 11:14:37
1,10045,AXO10,2025-06-17 12:18:23,2025-06-17 12:47:23,1740,677,700008,15,10269202053,577,577,598,1740,0.937,0.389,0,55,2025-06-17,10045,10045,0,0,1,"F,S",854,208,2025-06-17 12:18:23,2025-06-17 12:18:23
1,10046,AXO10,2025-06-17 13:28:23,2025-06-17 14:36:23,4080,1588,700008,8,10269202053,1354,1354,1735,4080,1.069,0.389,0,55,2025-06-17,10046,10046,0,0,4,F,1805,686,2025-06-17 13:28:23,2025-06-17 13:28:23
1,10047,AXO10,2025-06-17 15:46:23,2025-06-17 16:50:40,3857,1501,700008,8,10269202053,1279,1279,1349,3857,1.052,0.389,0,55,2025-06-17,10047,10047,0,0,3,"F,S",1622,733,2025-06-17 15:46:23,2025-06-17 15:46:23
1,10048,AXO10,2025-06-17 17:19:40,2025-06-17 18:34:34,4494,1750,700008,3,10269202053,1492,1492,1679,4494,0.907,0.389,0,55,2025-06-17,10048,10048,0,0,2,S,1646,1097,2025-06-17 17:19:40,2025-06-17 17:19:40
1,10049,AXO10,2025-10-07 13:00:00,2025-10-07 13:44:19,2659,1051,700009,5,10269202060,336,336,375,2659,0.928,0.395,0,20,2025-10-07,10049,10049,0,0,4,F,1244,363,2025-10-07 13:00:00,2025-10-07 13:00:00
1,10050,AXO10,2025-10-07 14:52:19,2025-10-07 16:25:38,5599,2213,700009,19,10269202060,707,707,858,5599,1.065,0.395,0,20,2025-10-07,10050,10050,0,0,2,"F,S",1579,1806,2025-10-07 14:52:19,2025-10-07 14:52:19
1,10051,AXO10,2025-10-07 16:48:38,2025-10-07 17:09:44,1266,500,700009,13,10269202060,159,159,164,1266,0.935,0.395,0,20,2025-10-07,10051,10051,0,0,4,S,338,427,2025-10-07 16:48:38,2025-10-07 16:48:38
1,10052,AXO10,2025-10-07 18:01:44,2025-10-07 19:37:17,5733,2266,700009,9,10269202060,724,724,765,5733,1.083,0.395,0,20,2025-10-07,10052,10052,0,0,4,F,2557,909,2025-10-07 18:01:44,2025-10-07 18:01:44
1,10053,AXO10,2025-10-07 20:53:17,2025-10-07 22:12:30,4753,1879,700009,5,10269202060,601,601,606,4753,0.963,0.395,0,20,2025-10-07,10053,10053,0,0,2,S,1237,1636,2025-10-07 20:53:17,2025-10-07 20:53:17
1,10054,AXO10,2025-10-07 22:40:30,2025-10-07 23:30:45,3015,1192,700009,14,10269202060,381,381,387,3015,1.099,0.395,0,20,2025-10-07,10054,10054,0,0,2,"F,S",1102,720,2025-10-07 22:40:30,2025-10-07 22:40:30
1,10055,AXO10,2025-10-07 23:53:45,2025-10-08 01:26:13,5548,2193,700009,2,10269202060,701,701,748,5548,0.925,0.395,0,20,2025-10-07,10055,10055,0,0,2,S,1714,1640,2025-10-07 23:53:45,2025-10-07 23:53:45
1,10056,AXO10,2025-10-08 01:29:13,2025-10-08 03:07:59,5926,2343,700009,10,10269202060,749,749,788,5926,1.072,0.395,0,20,2025-10-08,10056,10056,0,0,3,S,1631,1951,2025-10-08 01:29:13,2025-10-08 01:29:13
1,10057,KM1,2025-07-18 09:00:00,2025-07-18 10:24:09,5049,2694,700010,10,10269202053,1627,1627,1888,5049,0.979,0.534,0,40,2025-07-18,10057,10057,0,0,4,"F,S",1608,746,2025-07-18 09:00:00,2025-07-18 09:00:00
1,10058,KM1,2025-07-18 10:41:09,2025-07-18 12:09:45,5316,2836,700010,5,10269202053,1713,1713,1771,5316,1.096,0.534,0,40,2025-07-18,10058,10058,0,0,1,"F,S",1192,1287,2025-07-18 10:41:09,2025-07-18 10:41:09
1,10059,KM1,2025-07-18 13:33:45,2025-07-18 14:05:41,1916,1022,700010,5,10269202053,617,617,655,1916,1.001,0.534,0,10,2025-07-18,10059,10059,0,0,2,S,747,146,2025-07-18 13:33:45,2025-07-18 13:33:45
1,10060,KM1,2025-07-18 14:54:41,2025-07-18 16:27:01,5540,2956,700010,15,10269202053,1786,1786,2107,5540,0.913,0.534,0,10,2025-07-18,10060,10060,0,0,2,S,1080,1503,2025-07-18 14:54:41,2025-07-18 14:54:41
1,10061,KM1,2025-07-18 16:49:01,2025-07-18 18:21:15,5534,2952,700010,9,10269202053,1783,1783,2190,5534,1.066,0.534,0,40,2025-07-18,10061,10061,0,0,4,"F,S",2056,525,2025-07-18 16:49:01,2025-07-18 16:49:01
1,10062,KM1,2025-07-18 19:36:15,2025-07-18 20:49:56,4421,2358,700010,14,10269202053,1424,1424,1738,4421,0.96,0.534,0,40,2025-07-18,10062,10062,0,0,3,F,1614,448,2025-07-18 19:36:15,2025-07-18 19:36:15
1,10063,KM1,2025-07-18 21:04:56,2025-07-18 21:22:14,1038,553,700010,15,10269202053,334,334,426,1038,1.019,0.534,0,40,2025-07-18,10063,10063,0,0,4,F,230,254,2025-07-18 21:04:56,2025-07-18 21:04:56
1,10064,KM1,2025-07-18 22:38:14,2025-07-19 00:12:31,5657,3018,700010,6,10269202053,1823,1823,1873,5657,1.093,0.534,0,40,2025-07-18,10064,10064,0,0,3,S,1239,1399,2025-07-18 22:38:14,2025-07-18 22:38:14
1,10065,AXO10,2025-10-12 17:00:00,2025-10-12 18:07:55,4075,1717,700011,5,10269202066,823,823,925,4075,1.038,0.421,0,30,2025-10-12,10065,10065,0,0,2,F,1951,406,2025-10-12 17:00:00,2025-10-12 17:00:00
1,10066,AXO10,2025-10-12 19:22:55,2025-10-12 20:37:37,4482,1888,700011,7,10269202066,905,905,961,4482,1.01,0.421,0,30,2025-10-12,10066,10066,0,0,3,"F,S",1819,774,2025-10-12 19:22:55,2025-10-12 19:22:55
1,10067,AXO10,2025-10-12 20:49:37,2025-10-12 21:05:29,952,401,700011,16,10269202066,192,192,247,952,0.994,0.421,0,30,2025-10-12,10067,10067,0,0,1,S,400,150,2025-10-12 20:49:37,2025-10-12 20:49:37
1,10068,AXO10,2025-10-12 21:42:29,2025-10-12 21:57:25,896,377,700011,14,10269202066,180,180,219,896,0.917,0.421,0,30,2025-10-12,10068,10068,0,0,4,S,329,189,2025-10-12 21:42:29,2025-10-12 21:42:29
1,10069,AXO10,2025-10-12 22:33:25,2025-10-12 23:33:38,3613,1522,700011,12,10269202066,729,729,828,3613,1.026,0.421,0,30,2025-10-12,10069,10069,0,0,1,F,1713,377,2025-10-12 22:33:25,2025-10-12 22:33:25
1,10070,AXO10,2025-10-13 00:23:38,2025-10-13 01:42:08,4710,1984,700011,2,10269202066,951,951,1014,4710,0.939,0.421,0,30,2025-10-13,10070,10070,0,0,2,"F,S",1818,907,2025-10-13 00:23:38,2025-10-13 00:23:38
1,10071,AXO10,2025-10-13 02:28:08,2025-10-13 02:55:56,1668,702,700011,16,10269202066,336,336,407,1668,1.011,0.421,0,30,2025-10-13,10071,10071,0,0,4,S,583,382,2025-10-13 02:28:08,2025-10-13 02:28:08
1,10072,KM1,2025-09-18 03:00:00,2025-09-18 04:07:45,4065,2722,700012,2,10269202059,994,994,1112,4065,1.049,0.67,0,25,2025-09-18,10072,10072,0,0,3,"F,S",782,560,2025-09-18 03:00:00,2025-09-18 03:00:00
1,10073,KM1,2025-09-18 04:41:45,2025-09-18 05:29:53,2888,1934,700012,9,10269202059,706,706,812,2888,0.968,0.67,0,25,2025-09-18,10073,10073,0,0,1,"F,S",705,248,2025-09-18 04:41:45,2025-09-18 04:41:45
1,10074,KM1,2025-09-18 06:41:53,2025-09-18 07:26:10,2657,1779,700012,2,10269202059,649,649,736,2657,1.043,0.67,0,25,2025-09-18,10074,10074,0,0,4,"F,S",684,193,2025-09-18 06:41:53,2025-09-18 06:41:53
1,10075,KM1,2025-09-18 07:30:10,2025-09-18 08:43:39,4409,2953,700012,8,10269202059,1078,1078,1265,4409,1.012,0.67,0,25,2025-09-18,10075,10075,0,0,4,S,1146,309,2025-09-18 07:30:10,2025-09-18 07:30:10
1,10076,KM1,2025-09-18 09:51:39,2025-09-18 11:02:38,4259,2852,700012,8,10269202059,1041,1041,1098,4259,0.959,0.67,0,25,2025-09-18,10076,10076,0,0,2,S,932,474,2025-09-18 09:51:39,2025-09-18 09:51:39
1,10077,KM1,2025-09-18 11:29:38,2025-09-18 12:01:56,1938,1298,700012,9,10269202059,474,474,524,1938,0.989,0.67,0,25,2025-09-18,10077,10077,0,0,4,S,543,96,2025-09-18 11:29:38,2025-09-18 11:29:38
1,10078,KM1,2025-09-18 12:23:56,2025-09-18 13:26:15,3739,2504,700012,6,10269202059,914,914,1017,3739,0.953,0.67,0,25,2025-09-18,10078,10078,0,0,4,F,1020,214,2025-09-18 12:23:56,2025-09-18 12:23:56
1,10079,KM2,2025-07-09 02:00:00,2025-07-09 02:38:10,2290,885,700013,2,10269202059,329,329,370,2290,1.066,0.387,0,25,2025-07-09,10079,10079,0,0,1,S,874,530,2025-07-09 02:00:00,2025-07-09 02:00:00
1,10080,KM2,2025-07-09 03:52:10,2025-07-09 04:16:29,1459,564,700013,9,10269202059,209,209,237,1459,0.975,0.387,0,25,2025-07-09,10080,10080,0,0,3,S,667,227,2025-07-09 03:52:10,2025-07-09 03:52:10
1,10081,KM2,2025-07-09 04:43:29,2025-07-09 05:11:36,1687,652,700013,10,10269202059,242,242,297,1687,0.911,0.387,0,25,2025-07-09,10081,10081,0,0,3,F,561,473,2025-07-09 04:43:29,2025-07-09 04:43:29
1,10082,KM2,2025-07-09 06:17:36,2025-07-09 07:21:10,3814,1475,700013,16,10269202059,548,548,558,3814,1.037,0.387,0,25,2025-07-09,10082,10082,0,0,3,F,1404,934,2025-07-09 06:17:36,2025-07-09 06:17:36
1,10083,KM2,2025-07-09 07:54:10,2025-07-09 09:02:04,4074,1576,700013,6,10269202059,586,586,631,4074,0.995,0.387,0,25,2025-07-09,10083,10083,0,0,3,F,1422,1075,2025-07-09 07:54:10,2025-07-09 07:54:10
1,10084,KM2,2025-07-09 09:49:04,2025-07-09 11:18:43,5379,2081,700013,12,10269202059,774,774,997,5379,0.958,0.387,0,25,2025-07-09,10084,10084,0,0,4,F,1620,1677,2025-07-09 09:49:04,2025-07-09 09:49:04
1,10085,KM2,2025-07-09 11:39:43,2025-07-09 12:12:47,1984,767,700013,13,10269202059,285,285,350,1984,1.042,0.387,0,25,2025-07-09,10085,10085,0,0,2,"F,S",523,693,2025-07-09 11:39:43,2025-07-09 11:39:43
1,10086,KM2,2025-07-09 12:30:47,2025-07-09 12:55:09,1462,565,700013,3,10269202059,210,210,258,1462,0.998,0.387,0,25,2025-07-09,10086,10086,0,0,4,"F,S",488,408,2025-07-09 12:30:47,2025-07-09 12:30:47
1,10087,KM2,2025-07-09 13:21:09,2025-07-09 14:30:13,4144,1603,700013,16,10269202059,596,596,730,4144,0.969,0.387,0,25,2025-07-09,10087,10087,0,0,4,F,1726,814,2025-07-09 13:21:09,2025-07-09 13:21:09
1,10088,AXO12,2025-07-09 21:00:00,2025-07-09 22:07:35,4055,1462,700014,16,10269202058,579,579,609,4055,0.957,0.361,0,25,2025-07-09,10088,10088,0,0,1,"F,S",1195,1397,2025-07-09 21:00:00,2025-07-09 21:00:00
1,10089,AXO12,2025-07-09 23:33:35,2025-07-10 00:03:18,1783,643,700014,1,10269202058,254,254,266,1783,0.995,0.361,0,25,2025-07-09,10089,10089,0,0,4,F,550,589,2025-07-09 23:33:35,2025-07-09 23:33:35
1,10090,AXO12,2025-07-10 00:15:18,2025-07-10 01:06:32,3074,1108,700014,1,10269202058,439,439,543,3074,0.937,0.361,0,25,2025-07-10,10090,10090,0,0,2,S,930,1035,2025-07-10 00:15:18,2025-07-10 00:15:18
1,10091,AXO12,2025-07-10 02:01:32,2025-07-10 02:24:46,1394,502,700014,8,10269202058,198,198,246,1394,0.932,0.361,0,25,2025-07-10,10091,10091,0,0,3,"F,S",524,367,2025-07-10 02:01:32,2025-07-10 02:01:32
1,10092,AXO12,2025-07-10 02:43:46,2025-07-10 04:14:10,5424,1956,700014,7,10269202058,775,775,929,5424,1.02,0.361,0,25,2025-07-10,10092,10092,0,0,1,S,2430,1037,2025-07-10 02:43:46,2025-07-10 02:43:46
1,10093,AXO12,2025-07-10 05:23:10,2025-07-10 06:58:15,5705,2057,700014,5,10269202058,815,815,1031,5705,0.923,0.361,0,25,2025-07-10,10093,10093,0,0,2,F,3024,623,2025-07-10 05:23:10,2025-07-10 05:23:10
1,10094,KM1,2025-09-11 05:00:00,2025-09-11 06:18:40,4720,2738,700015,13,10269202067,2146,2146,2513,4720,1.09,0.58,0,55,2025-09-11,10094,10094,0,0,4,S,1397,584,2025-09-11 05:00:00,2025-09-11 05:00:00
1,10095,KM1,2025-09-11 07:27:40,2025-09-11 08:07:52,2412,1399,700015,6,10269202067,1096,1096,1334,2412,1.039,0.58,0,55,2025-09-11,10095,10095,0,0,1,S,638,374,2025-09-11 07:27:40,2025-09-11 07:27:40
1,10096,KM1,2025-09-11 08:45:52,2025-09-11 10:01:10,4518,2621,700015,17,10269202067,2054,2054,2261,4518,0.915,0.58,0,55,2025-09-11,10096,10096,0,0,2,F,1403,493,2025-09-11 08:45:52,2025-09-11 08:45:52
1,10097,KM1,2025-09-11 10:51:10,2025-09-11 11:17:45,1595,925,700015,19,10269202067,725,725,926,1595,0.956,0.58,0,55,2025-09-11,10097,10097,0,0,2,S,359,310,2025-09-11 10:51:10,2025-09-11 10:51:10
1,10098,KM1,2025-09-11 12:37:45,2025-09-11 13:52:46,4501,2611,700015,13,10269202067,2046,2046,2293,4501,0.901,0.58,0,55,2025-09-11,10098,10098,0,0,1,"F,S",1481,408,2025-09-11 12:37:45,2025-09-11 12:37:45
1,10099,KM2,2025-07-06 15:00:00,2025-07-06 15:30:36,1836,774,700016,6,10269202051,235,235,253,1836,1.04,0.422,0,20,2025-07-06,10099,10099,0,0,2,F,873,188,2025-07-06 15:00:00,2025-07-06 15:00:00
1,10100,KM2,2025-07-06 15:58:36,2025-07-06 17:21:57,5001,2110,700016,18,10269202051,642,642,648,5001,1.01,0.422,0,20,2025-07-06,10100,10100,0,0,3,F,1309,1581,2025-07-06 15:58:36,2025-07-06 15:58:36
1,10101,KM2,2025-07-06 18:37:57,2025-07-06 19:33:18,3321,1401,700016,2,10269202051,426,426,523,3321,1.022,0.422,0,10,2025-07-06,10101,10101,0,0,4,F,1004,915,2025-07-06 18:37:57,2025-07-06 18:37:57
1,10102,KM2,2025-07-06 20:25:18,2025-07-06 21:31:54,3996,1686,700016,14,10269202051,513,513,558,3996,1.052,0.422,0,20,2025-07-06,10102,10102,0,0,4,"F,S",1396,913,2025-07-06 20:25:18,2025-07-06 20:25:18
1,10103,KM2,2025-07-06 22:28:54,2025-07-06 22:57:00,1686,711,700016,15,10269202051,216,216,262,1686,1.04,0.422,0,20,2025-07-06,10103,10103,0,0,1,S,555,419,2025-07-06 22:28:54,2025-07-06 22:28:54
1,10104,KM2,2025-07-06 23:08:00,2025-07-06 23:20:22,742,313,700016,11,10269202051,95,95,100,742,1.046,0.422,0,20,2025-07-06,10104,10104,0,0,3,S,357,71,2025-07-06 23:08:00,2025-07-06 23:08:00
1,10105,KM2,2025-07-06 23:45:22,2025-07-07 01:12:57,5255,2217,700016,9,10269202051,675,675,765,5255,0.958,0.422,0,20,2025-07-06,10105,10105,0,0,3,F,2390,647,2025-07-06 23:45:22,2025-07-06 23:45:22
1,10106,KM2,2025-07-07 01:58:57,2025-07-07 02:15:52,1015,428,700016,12,10269202051,130,130,136,1015,0.913,0.422,0,20,2025-07-07,10106,10106,0,0,2,"F,S",292,294,2025-07-07 01:58:57,2025-07-07 01:58:57
1,10107,AXO10,2025-06-14 02:00:00,2025-06-14 03:01:30,3690,1231,700017,10,10269202054,812,812,842,3690,1.077,0.334,0,40,2025-06-14,10107,10107,0,0,1,"F,S",1544,914,2025-06-14 02:00:00,2025-06-14 02:00:00
1,10108,AXO10,2025-06-14 03:44:30,2025-06-14 05:06:40,4930,1645,700017,16,10269202054,1085,1085,1278,4930,1.073,0.334,0,40,2025-06-14,10108,10108,0,0,4,"F,S",1412,1872,2025-06-14 03:44:30,2025-06-14 03:44:30
1,10109,AXO10,2025-06-14 05:08:40,2025-06-14 05:19:10,630,210,700017,5,10269202054,138,138,169,630,0.915,0.334,0,40,2025-06-14,10109,10109,0,0,2,S,266,153,2025-06-14 05:08:40,2025-06-14 05:08:40
1,10110,AXO10,2025-06-14 05:43:10,2025-06-14 06:19:10,2160,721,700017,16,10269202054,475,475,539,2160,1.094,0.334,0,40,2025-06-14,10110,10110,0,0,4,F,879,559,2025-06-14 05:43:10,2025-06-14 05:43:10
1,10111,KM1,2025-09-03 21:00:00,2025-09-03 21:31:02,1862,1055,700018,19,10269202064,403,403,481,1862,0.965,0.567,0,25,2025-09-03,10111,10111,0,0,3,S,533,273,2025-09-03 21:00:00,2025-09-03 21:00:00
1,10112,KM1,2025-09-03 22:33:02,2025-09-03 23:50:44,4662,2643,700018,2,10269202064,1011,1011,1177,4662,0.94,0.567,0,25,2025-09-03,10112,10112,0,0,4,S,1342,676,2025-09-03 22:33:02,2025-09-03 22:33:02
1,10113,KM1,2025-09-04 00:42:44,2025-09-04 02:02:29,4785,2713,700018,10,10269202064,1038,1038,1230,4785,1.063,0.567,0,25,2025-09-04,10113,10113,0,0,3,F,983,1088,2025-09-04 00:42:44,2025-09-04 00:42:44
1,10114,AXO10,2025-08-02 07:00:00,2025-08-02 08:12:43,4363,1619,700019,11,10269202066,1035,1035,1208,4363,0.921,0.371,0,40,2025-08-02,10114,10114,0,0,4,"F,S",1945,798,2025-08-02 07:00:00,2025-08-02 07:00:00
1,10115,AXO10,2025-08-02 09:13:43,2025-08-02 10:46:51,5588,2074,700019,8,10269202066,1325,1325,1394,5588,1.07,0.371,0,40,2025-08-02,10115,10115,0,0,1,F,1565,1948,2025-08-02 09:13:43,2025-08-02 09:13:43
1,10116,AXO10,2025-08-02 12:08:51,2025-08-02 13:22:12,4401,1634,700019,1,10269202066,1044,1044,1104,4401,0.994,0.371,0,40,2025-08-02,10116,10116,0,0,2,"F,S",1520,1246,2025-08-02 12:08:51,2025-08-02 12:08:51
1,10117,AXO10,2025-08-02 14:46:12,2025-08-02 15:02:30,978,363,700019,3,10269202066,232,232,268,978,1.049,0.371,0,40,2025-08-02,10117,10117,0,0,2,S,293,321,2025-08-02 14:46:12,2025-08-02 14:46:12
1,10118,AXO10,2025-08-02 15:41:30,2025-08-02 16:54:10,4360,1618,700019,3,10269202066,1034,1034,1338,4360,1.05,0.371,0,40,2025-08-02,10118,10118,0,0,4,F,1533,1208,2025-08-02 15:41:30,2025-08-02 15:41:30
1,10119,AXO10,2025-08-02 17:34:10,2025-08-02 18:56:54,4964,1843,700019,17,10269202066,1178,1178,1182,4964,1.074,0.371,0,40,2025-08-02,10119,10119,0,0,4,S,1685,1435,2025-08-02 17:34:10,2025-08-02 17:34:10
1,10120,AXO10,2025-08-02 19:11:54,2025-08-02 20:05:18,3204,1189,700019,9,10269202066,760,760,875,3204,0.933,0.371,0,40,2025-08-02,10120,10120,0,0,2,F,1406,608,2025-08-02 19:11:54,2025-08-02 19:11:54
1,10121,AXO10,2025-08-02 20:23:18,2025-08-02 20:58:54,2136,793,700019,17,10269202066,506,506,525,2136,0.993,0.371,0,40,2025-08-02,10121,10121,0,0,1,F,568,774,2025-08-02 20:23:18,2025-08-02 20:23:18
1,10122,AXO10,2025-10-13 18:00:00,2025-10-13 19:17:57,4677,2088,700020,5,10269202061,826,826,1013,4677,0.981,0.446,0,25,2025-10-13,10122,10122,0,0,2,F,1333,1255,2025-10-13 18:00:00,2025-10-13 18:00:00
1,10123,AXO10,2025-10-13 20:36:57,2025-10-13 21:35:14,3497,1561,700020,18,10269202061,617,617,753,3497,0.951,0.446,0,25,2025-10-13,10123,10123,0,0,2,F,1044,891,2025-10-13 20:36:57,2025-10-13 20:36:57
1,10124,AXO10,2025-10-13 23:02:14,2025-10-13 23:51:38,2964,1323,700020,16,10269202061,523,523,545,2964,1.042,0.446,0,25,2025-10-13,10124,10124,0,0,4,"F,S",1101,539,2025-10-13 23:02:14,2025-10-13 23:02:14
1,10125,AXO10,2025-10-14 00:34:38,2025-10-14 02:01:17,5199,2321,700020,3,10269202061,918,918,1109,5199,0.926,0.446,0,25,2025-10-14,10125,10125,0,0,1,"F,S",2410,467,2025-10-14 00:34:38,2025-10-14 00:34:38
1,10126,AXO10,2025-10-14 03:29:17,2025-10-14 03:48:33,1156,516,700020,16,10269202061,204,204,261,1156,0.907,0.446,0,25,2025-10-14,10126,10126,0,0,2,S,282,357,2025-10-14 03:29:17,2025-10-14 03:29:17
1,10127,KM2,2025-10-18 19:00:00,2025-10-18 20:00:45,3645,1254,700021,17,10269202062,1106,1106,1436,3645,0.931,0.344,0,55,2025-10-18,10127,10127,0,0,3,"F,S",1749,641,2025-10-18 19:00:00,2025-10-18 19:00:00
1,10128,KM2,2025-10-18 21:13:45,2025-10-18 21:57:03,2598,893,700021,8,10269202062,787,787,997,2598,1.098,0.344,0,55,2025-10-18,10128,10128,0,0,2,F,1282,422,2025-10-18 21:13:45,2025-10-18 21:13:45
1,10129,KM2,2025-10-18 22:17:03,2025-10-18 23:07:48,3045,1047,700021,10,10269202062,923,923,1026,3045,1.088,0.344,0,55,2025-10-18,10129,10129,0,0,4,S,1646,351,2025-10-18 22:17:03,2025-10-18 22:17:03
1,10130,KM2,2025-10-18 23:44:48,2025-10-19 01:02:09,4641,1596,700021,8,10269202062,1408,1408,1607,4641,0.99,0.344,0,55,2025-10-18,10130,10130,0,0,1,S,2254,790,2025-10-18 23:44:48,2025-10-18 23:44:48
1,10131,KM2,2025-10-19 01:13:09,2025-10-19 02:02:06,2937,1010,700021,3,10269202062,891,891,1092,2937,1.013,0.344,0,55,2025-10-19,10131,10131,0,0,1,S,892,1034,2025-10-19 01:13:09,2025-10-19 01:13:09
1,10132,KM2,2025-10-19 03:02:06,2025-10-19 03:45:46,2620,901,700021,16,10269202062,794,794,849,2620,0.956,0.344,0,55,2025-10-19,10132,10132,0,0,2,F,865,853,2025-10-19 03:02:06,2025-10-19 03:02:06
1,10133,AXO11,2025-07-02 08:00:00,2025-07-02 08:32:59,1979,1050,700022,3,10269202063,421,421,516,1979,0.959,0.531,0,25,2025-07-02,10133,10133,0,0,2,S,663,265,2025-07-02 08:00:00,2025-07-02 08:00:00
1,10134,AXO11,2025-07-02 09:31:59,2025-07-02 09:45:03,784,416,700022,18,10269202063,166,166,178,784,0.97,0.531,0,25,2025-07-02,10134,10134,0,0,3,"F,S",214,153,2025-07-02 09:31:59,2025-07-02 09:31:59
1,10135,AXO11,2025-07-02 10:40:03,2025-07-02 11:57:45,4662,2474,700022,12,10269202063,992,992,1202,4662,0.916,0.531,0,25,2025-07-02,10135,10135,0,0,3,"F,S",1027,1160,2025-07-02 10:40:03,2025-07-02 10:40:03
1,10136,AXO11,2025-07-02 12:25:45,2025-07-02 12:53:57,1692,897,700022,15,10269202063,359,359,465,1692,0.957,0.531,0,25,2025-07-02,10136,10136,0,0,1,S,408,386,2025-07-02 12:25:45,2025-07-02 12:25:45
1,10137,AXO11,2025-07-02 13:47:57,2025-07-02 14:02:06,849,450,700022,19,10269202063,180,180,182,849,1.004,0.531,0,25,2025-07-02,10137,10137,0,0,4,S,330,68,2025-07-02 13:47:57,2025-07-02 13:47:57
1,10138,AXO11,2025-07-02 14:27:06,2025-07-02 15:40:18,4392,2330,700022,12,10269202063,935,935,936,4392,0.907,0.531,0,25,2025-07-02,10138,10138,0,0,2,"F,S",1136,925,2025-07-02 14:27:06,2025-07-02 14:27:06
1,10139,AXO11,2025-07-02 16:29:18,2025-07-02 16:52:40,1402,744,700022,2,10269202063,298,298,327,1402,0.914,0.531,0,25,2025-07-02,10139,10139,0,0,3,F,323,334,2025-07-02 16:29:18,2025-07-02 16:29:18
1,10140,AXO11,2025-07-02 17:12:40,2025-07-02 18:46:05,5605,2974,700022,18,10269202063,1193,1193,1446,5605,0.902,0.531,0,25,2025-07-02,10140,10140,0,0,1,S,1567,1063,2025-07-02 17:12:40,2025-07-02 17:12:40
1,10141,KM2,2025-10-24 18:00:00,2025-10-24 18:38:37,2317,996,700023,16,10269202069,855,855,861,2317,0.925,0.43,0,55,2025-10-24,10141,10141,0,0,1,"F,S",545,775,2025-10-24 18:00:00,2025-10-24 18:00:00
1,10142,KM2,2025-10-24 19:35:37,2025-10-24 20:04:04,1707,733,700023,2,10269202069,629,629,799,1707,0.967,0.43,0,55,2025-10-24,10142,10142,0,0,3,F,457,516,2025-10-24 19:35:37,2025-10-24 19:35:37
1,10143,KM2,2025-10-24 20:21:04,2025-10-24 20:38:51,1067,458,700023,10,10269202069,393,393,457,1067,1.024,0.43,0,55,2025-10-24,10143,10143,0,0,3,F,461,147,2025-10-24 20:21:04,2025-10-24 20:21:04
1,10144,AXO12,2025-11-01 02:00:00,2025-11-01 03:07:39,4059,1813,700024,4,10269202055,1187,1187,1504,4059,0.913,0.447,0,40,2025-11-01,10144,10144,0,0,1,F,1422,823,2025-11-01 02:00:00,2025-11-01 02:00:00
1,10145,AXO12,2025-11-01 03:19:39,2025-11-01 04:03:24,2625,1172,700024,14,10269202055,767,767,947,2625,0.99,0.447,0,40,2025-11-01,10145,10145,0,0,3,F,1112,340,2025-11-01 03:19:39,2025-11-01 03:19:39
1,10146,AXO12,2025-11-01 05:05:24,2025-11-01 05:18:34,790,352,700024,7,10269202055,230,230,246,790,1.073,0.447,0,40,2025-11-01,10146,10146,0,0,4,"F,S",343,94,2025-11-01 05:05:24,2025-11-01 05:05:24
1,10147,AXO12,2025-11-01 05:54:34,2025-11-01 07:26:13,5499,2457,700024,6,10269202055,1609,1609,1612,5499,0.989,0.447,0,40,2025-11-01,10147,10147,0,0,4,F,1908,1133,2025-11-01 05:54:34,2025-11-01 05:54:34
1,10148,AXO12,2025-11-01 07:47:13,2025-11-01 09:01:20,4447,1986,700024,12,10269202055,1300,1300,1649,4447,0.963,0.447,0,40,2025-11-01,10148,10148,0,0,4,"F,S",1540,920,2025-11-01 07:47:13,2025-11-01 07:47:13
1,10149,AXO12,2025-11-01 09:26:20,2025-11-01 10:54:28,5288,2362,700024,18,10269202055,1546,1546,1590,5288,0.909,0.447,0,40,2025-11-01,10149,10149,0,0,2,"F,S",1834,1091,2025-11-01 09:26:20,2025-11-01 09:26:20
1,10150,AXO12,2025-11-01 11:57:28,2025-11-01 12:59:35,3727,1665,700024,13,10269202055,1090,1090,1254,3727,0.987,0.447,0,40,2025-11-01,10150,10150,0,0,3,"F,S",875,1186,2025-11-01 11:57:28,2025-11-01 11:57:28
1,10151,AXO12,2025-11-01 14:24:35,2025-11-01 15:07:06,2551,1139,700024,19,10269202055,745,745,778,2551,0.981,0.447,0,40,2025-11-01,10151,10151,0,0,3,"F,S",644,767,2025-11-01 14:24:35,2025-11-01 14:24:35
1,10152,AXO11,2025-10-15 13:00:00,2025-10-15 13:47:18,2838,990,700025,1,10269202069,611,611,646,2838,0.994,0.349,0,40,2025-10-15,10152,10152,0,0,2,"F,S",1320,527,2025-10-15 13:00:00,2025-10-15 13:00:00
1,10153,AXO11,2025-10-15 14:23:18,2025-10-15 15:21:48,3510,1224,700025,8,10269202069,756,756,905,3510,0.911,0.349,0,40,2025-10-15,10153,10153,0,0,2,S,972,1313,2025-10-15 14:23:18,2025-10-15 14:23:18
1,10154,AXO11,2025-10-15 15:44:48,2025-10-15 17:00:17,4529,1579,700025,1,10269202069,975,975,1086,4529,1.001,0.349,0,40,2025-10-15,10154,10154,0,0,4,F,1896,1053,2025-10-15 15:44:48,2025-10-15 15:44:48
1,10155,AXO11,2025-10-15 18:17:17,2025-10-15 19:26:23,4146,1446,700025,10,10269202069,893,893,1150,4146,0.999,0.349,0,40,2025-10-15,10155,10155,0,0,4,"F,S",1290,1409,2025-10-15 18:17:17,2025-10-15 18:17:17
1,10156,AXO11,2025-10-15 20:08:23,2025-10-15 21:17:32,4149,1447,700025,17,10269202069,894,894,1109,4149,0.957,0.349,0,40,2025-10-15,10156,10156,0,0,4,"F,S",1433,1268,2025-10-15 20:08:23,2025-10-15 20:08:23
1,10157,KM2,2025-10-13 19:00:00,2025-10-13 20:12:23,4343,1704,700026,11,10269202061,1090,1090,1204,4343,0.914,0.392,0,40,2025-10-13,10157,10157,0,0,3,F,1505,1133,2025-10-13 19:00:00,2025-10-13 19:00:00
1,10158,KM2,2025-10-13 20:50:23,2025-10-13 21:56:27,3964,1555,700026,12,10269202061,995,995,1282,3964,1.096,0.392,0,40,2025-10-13,10158,10158,0,0,3,F,1069,1339,2025-10-13 20:50:23,2025-10-13 20:50:23
1,10159,KM2,2025-10-13 23:16:27,2025-10-14 00:24:27,4080,1601,700026,16,10269202061,1024,1024,1322,4080,0.941,0.392,0,40,2025-10-13,10159,10159,0,0,3,"F,S",1190,1288,2025-10-13 23:16:27,2025-10-13 23:16:27
1,10160,KM2,2025-10-14 00:49:27,2025-10-14 02:18:27,5340,2095,700026,8,10269202061,1340,1340,1420,5340,1.004,0.392,0,40,2025-10-14,10160,10160,0,0,3,"F,S",2206,1038,2025-10-14 00:49:27,2025-10-14 00:49:27
1,10161,AXO10,2025-09-30 20:00:00,2025-09-30 20:22:46,1366,522,700027,6,10269202052,472,472,491,1366,0.938,0.383,0,10,2025-09-30,10161,10161,0,0,2,"F,S",342,501,2025-09-30 20:00:00,2025-09-30 20:00:00
1,10162,AXO10,2025-09-30 21:14:46,2025-09-30 21:47:16,1950,745,700027,9,10269202052,674,674,715,1950,1.033,0.383,0,55,2025-09-30,10162,10162,0,0,2,F,714,490,2025-09-30 21:14:46,2025-09-30 21:14:46
1,10163,AXO10,2025-09-30 22:57:16,2025-09-30 23:43:11,2755,1053,700027,14,10269202052,952,952,1022,2755,1.044,0.383,0,55,2025-09-30,10163,10163,0,0,4,S,1035,666,2025-09-30 22:57:16,2025-09-30 22:57:16
1,10164,AXO10,2025-10-01 00:11:11,2025-10-01 01:16:57,3946,1509,700027,17,10269202052,1365,1365,1571,3946,1.075,0.383,0,55,2025-10-01,10164,10164,0,0,3,"F,S",1406,1030,2025-10-01 00:11:11,2025-10-01 00:11:11
1,10165,AXO10,2025-10-01 02:29:57,2025-10-01 02:48:26,1109,424,700027,1,10269202052,383,383,386,1109,0.96,0.383,0,55,2025-10-01,10165,10165,0,0,4,S,316,368,2025-10-01 02:29:57,2025-10-01 02:29:57
1,10166,AXO10,2025-10-01 04:14:26,2025-10-01 05:15:44,3678,1406,700027,1,10269202052,1272,1272,1353,3678,0.917,0.383,0,55,2025-10-01,10166,10166,0,0,3,S,1073,1198,2025-10-01 04:14:26,2025-10-01 04:14:26
1,10167,AXO10,2025-10-01 06:05:44,2025-10-01 07:09:03,3799,1453,700027,11,10269202052,1314,1314,1633,3799,1.061,0.383,0,55,2025-10-01,10167,10167,0,0,1,S,1274,1071,2025-10-01 06:05:44,2025-10-01 06:05:44
1,10168,AXO10,2025-10-01 08:00:03,2025-10-01 08:51:58,3115,1191,700027,3,10269202052,1077,1077,1280,3115,0.986,0.383,0,55,2025-10-01,10168,10168,0,0,4,"F,S",1238,685,2025-10-01 08:00:03,2025-10-01 08:00:03
1,10169,AXO10,2025-10-01 09:33:58,2025-10-01 10:19:04,2706,1035,700027,15,10269202052,936,936,1094,2706,1.053,0.383,0,55,2025-10-01,10169,10169,0,0,1,S,1052,618,2025-10-01 09:33:58,2025-10-01 09:33:58
1,10170,AXO12,2025-10-13 10:00:00,2025-10-13 10:47:20,2840,1559,700028,11,10269202055,935,935,1114,2840,1.044,0.549,0,40,2025-10-13,10170,10170,0,0,1,"F,S",961,319,2025-10-13 10:00:00,2025-10-13 10:00:00
1,10171,AXO12,2025-10-13 11:33:20,2025-10-13 12:18:03,2683,1473,700028,17,10269202055,884,884,1007,2683,0.957,0.549,0,40,2025-10-13,10171,10171,0,0,4,"F,S",739,470,2025-10-13 11:33:20,2025-10-13 11:33:20
1,10172,AXO12,2025-10-13 13:34:03,2025-10-13 14:12:30,2307,1267,700028,18,10269202055,760,760,973,2307,1.09,0.549,0,40,2025-10-13,10172,10172,0,0,2,F,741,298,2025-10-13 13:34:03,2025-10-13 13:34:03
1,10173,AXO12,2025-10-13 14:15:30,2025-10-13 14:34:00,1110,609,700028,19,10269202055,365,365,373,1110,0.999,0.549,0,40,2025-10-13,10173,10173,0,0,2,F,336,164,2025-10-13 14:15:30,2025-10-13 14:15:30
1,10174,AXO12,2025-10-13 14:45:00,2025-10-13 15:44:24,3564,1957,700028,11,10269202055,1174,1174,1281,3564,1.02,0.549,0,40,2025-10-13,10174,10174,0,0,2,F,776,830,2025-10-13 14:45:00,2025-10-13 14:45:00
1,10175,AXO11,2025-10-14 20:00:00,2025-10-14 20:43:29,2609,887,700029,8,10269202068,413,413,520,2609,1.031,0.34,0,30,2025-10-14,10175,10175,0,0,1,F,1433,288,2025-10-14 20:00:00,2025-10-14 20:00:00
1,10176,AXO11,2025-10-14 21:10:29,2025-10-14 21:44:06,2017,686,700029,15,10269202068,319,319,404,2017,0.917,0.34,0,30,2025-10-14,10176,10176,0,0,2,F,705,625,2025-10-14 21:10:29,2025-10-14 21:10:29
1,10177,AXO11,2025-10-14 22:16:06,2025-10-14 23:33:36,4650,1582,700029,4,10269202068,736,736,849,4650,0.959,0.34,0,30,2025-10-14,10177,10177,0,0,1,"F,S",1847,1220,2025-10-14 22:16:06,2025-10-14 22:16:06
1,10178,AXO11,2025-07-10 23:00:00,2025-07-11 00:38:31,5911,2529,700030,1,10269202064,2178,2178,2241,5911,1.075,0.428,0,55,2025-07-10,10178,10178,0,0,4,F,2052,1329,2025-07-10 23:00:00,2025-07-10 23:00:00
1,10179,AXO11,2025-07-11 01:30:31,2025-07-11 02:29:29,3538,1513,700030,17,10269202064,1303,1303,1642,3538,0.911,0.428,0,55,2025-07-11,10179,10179,0,0,1,"F,S",1527,497,2025-07-11 01:30:31,2025-07-11 01:30:31
1,10180,AXO11,2025-07-11 03:49:29,2025-07-11 04:17:12,1663,711,700030,17,10269202064,612,612,720,1663,1.026,0.428,0,55,2025-07-11,10180,10180,0,0,2,F,494,457,2025-07-11 03:49:29,2025-07-11 03:49:29
1,10181,AXO11,2025-07-11 05:40:12,2025-07-11 07:12:37,5545,2372,700030,1,10269202064,2042,2042,2263,5545,1.064,0.428,0,55,2025-07-11,10181,10181,0,0,2,S,1545,1627,2025-07-11 05:40:12,2025-07-11 05:40:12
1,10182,AXO11,2025-07-11 07:47:37,2025-07-11 08:43:41,3364,1439,700030,1,10269202064,1239,1239,1346,3364,0.917,0.428,0,55,2025-07-11,10182,10182,0,0,3,F,1428,496,2025-07-11 07:47:37,2025-07-11 07:47:37
1,10183,AXO11,2025-07-11 09:25:41,2025-07-11 10:12:51,2830,1211,700030,17,10269202064,1043,1043,1059,2830,0.988,0.428,0,55,2025-07-11,10183,10183,0,0,2,S,1083,535,2025-07-11 09:25:41,2025-07-11 09:25:41
1,10184,AXO11,2025-07-11 10:57:51,2025-07-11 12:00:16,3745,1602,700030,3,10269202064,1379,1379,1518,3745,0.982,0.428,0,55,2025-07-11,10184,10184,0,0,4,F,1423,719,2025-07-11 10:57:51,2025-07-11 10:57:51
1,10185,AXO12,2025-06-18 16:00:00,2025-06-18 16:53:40,3220,1593,700031,11,10269202067,1040,1040,1079,3220,1.066,0.495,0,40,2025-06-18,10185,10185,0,0,2,"F,S",1356,270,2025-06-18 16:00:00,2025-06-18 16:00:00
1,10186,AXO12,2025-06-18 17:20:40,2025-06-18 18:01:15,2435,1204,700031,17,10269202067,786,786,906,2435,0.917,0.495,0,40,2025-06-18,10186,10186,0,0,2,"F,S",829,401,2025-06-18 17:20:40,2025-06-18 17:20:40
1,10187,AXO12,2025-06-18 18:28:15,2025-06-18 18:44:10,955,472,700031,16,10269202067,308,308,335,955,0.926,0.495,0,40,2025-06-18,10187,10187,0,0,4,F,402,80,2025-06-18 18:28:15,2025-06-18 18:28:15
1,10188,AXO12,2025-06-18 20:03:10,2025-06-18 21:13:58,4248,2101,700031,10,10269202067,1371,1371,1576,4248,0.949,0.495,0,40,2025-06-18,10188,10188,0,0,4,S,979,1167,2025-06-18 20:03:10,2025-06-18 20:03:10
1,10189,AXO12,2025-06-18 21:19:58,2025-06-18 22:27:35,4057,2007,700031,11,10269202067,1310,1310,1373,4057,0.995,0.495,0,40,2025-06-18,10189,10189,0,0,4,"F,S",1664,385,2025-06-18 21:19:58,2025-06-18 21:19:58
1,10190,AXO12,2025-06-18 23:11:35,2025-06-19 00:33:14,4899,2423,700031,19,10269202067,1582,1582,1824,4899,1.083,0.495,0,40,2025-06-18,10190,10190,0,0,1,S,1087,1388,2025-06-18 23:11:35,2025-06-18 23:11:35
1,10191,AXO12,2025-06-19 01:48:14,2025-06-19 02:21:47,2013,995,700031,10,10269202067,649,649,829,2013,0.917,0.495,0,40,2025-06-19,10191,10191,0,0,2,F,661,356,2025-06-19 01:48:14,2025-06-19 01:48:14
1,10192,AXO12,2025-06-19 02:40:47,2025-06-19 03:56:53,4566,2258,700031,2,10269202067,1474,1474,1603,4566,1.08,0.495,0,40,2025-06-19,10192,10192,0,0,2,"F,S",1662,645,2025-06-19 02:40:47,2025-06-19 02:40:47
1,10193,AXO12,2025-11-08 16:00:00,2025-11-08 16:40:46,2446,1001,700032,15,10269202054,399,399,483,2446,1.083,0.41,0,25,2025-11-08,10193,10193,0,0,3,"F,S",616,828,2025-11-08 16:00:00,2025-11-08 16:00:00
1,10194,AXO12,2025-11-08 17:21:46,2025-11-08 18:36:12,4466,1829,700032,18,10269202054,729,729,807,4466,0.92,0.41,0,25,2025-11-08,10194,10194,0,0,4,S,2078,558,2025-11-08 17:21:46,2025-11-08 17:21:46
1,10195,AXO12,2025-11-08 19:41:12,2025-11-08 20:46:57,3945,1615,700032,3,10269202054,644,644,836,3945,1.012,0.41,0,25,2025-11-08,10195,10195,0,0,1,S,1334,995,2025-11-08 19:41:12,2025-11-08 19:41:12
1,10196,AXO12,2025-11-08 22:01:57,2025-11-08 23:37:15,5718,2342,700032,8,10269202054,934,934,1189,5718,0.973,0.41,0,25,2025-11-08,10196,10196,0,0,4,"F,S",1781,1594,2025-11-08 22:01:57,2025-11-08 22:01:57
1,10197,AXO12,2025-11-09 00:07:15,2025-11-09 01:25:08,4673,1914,700032,3,10269202054,763,763,805,4673,0.902,0.41,0,25,2025-11-09,10197,10197,0,0,4,"F,S",2240,518,2025-11-09 00:07:15,2025-11-09 00:07:15
1,10198,AXO12,2025-11-09 01:27:08,2025-11-09 02:30:57,3829,1568,700032,14,10269202054,625,625,632,3829,0.918,0.41,0,25,2025-11-09,10198,10198,0,0,3,S,1587,673,2025-11-09 01:27:08,2025-11-09 01:27:08
1,10199,AXO12,2025-11-09 03:15:57,2025-11-09 04:00:03,2646,1083,700032,1,10269202054,432,432,527,2646,1.031,0.41,0,25,2025-11-09,10199,10199,0,0,4,S,979,583,2025-11-09 03:15:57,2025-11-09 03:15:57
1,10200,AXO12,2025-11-09 05:02:03,2025-11-09 05:16:13,850,348,700032,4,10269202054,138,138,143,850,1.007,0.41,0,25,2025-11-09,10200,10200,0,0,4,S,254,247,2025-11-09 05:02:03,2025-11-09 05:02:03
1,10201,AXO12,2025-11-09 05:21:13,2025-11-09 06:50:45,5372,2200,700032,18,10269202054,877,877,984,5372,1.009,0.41,0,25,2025-11-09,10201,10201,0,0,3,"F,S",1513,1658,2025-11-09 05:21:13,2025-11-09 05:21:13
1,10202,AXO12,2025-09-27 03:00:00,2025-09-27 04:17:55,4675,2360,700033,19,10269202058,1574,1574,1939,4675,0.935,0.505,0,40,2025-09-27,10202,10202,0,0,2,S,943,1371,2025-09-27 03:00:00,2025-09-27 03:00:00
1,10203,AXO12,2025-09-27 04:56:55,2025-09-27 05:53:57,3422,1727,700033,8,10269202058,1152,1152,1389,3422,0.978,0.505,0,40,2025-09-27,10203,10203,0,0,4,S,1146,548,2025-09-27 04:56:55,2025-09-27 04:56:55
1,10204,AXO12,2025-09-27 06:57:57,2025-09-27 07:51:16,3199,1614,700033,9,10269202058,1076,1076,1194,3199,0.999,0.505,0,40,2025-09-27,10204,10204,0,0,4,F,928,656,2025-09-27 06:57:57,2025-09-27 06:57:57
1,10205,AXO12,2025-09-27 08:19:16,2025-09-27 08:51:03,1907,962,700033,9,10269202058,641,641,697,1907,1.067,0.505,0,40,2025-09-27,10205,10205,0,0,2,S,441,503,2025-09-27 08:19:16,2025-09-27 08:19:16
1,10206,AXO12,2025-09-27 10:07:03,2025-09-27 10:27:57,1254,633,700033,7,10269202058,422,422,536,1254,0.972,0.505,0,40,2025-09-27,10206,10206,0,0,1,S,421,199,2025-09-27 10:07:03,2025-09-27 10:07:03
1,10207,AXO10,2025-11-09 03:00:00,2025-11-09 04:22:37,4957,1567,700034,13,10269202064,1018,1018,1211,4957,1.074,0.316,0,40,2025-11-09,10207,10207,0,0,3,F,2570,819,2025-11-09 03:00:00,2025-11-09 03:00:00
1,10208,AXO10,2025-11-09 05:33:37,2025-11-09 06:47:20,4423,1398,700034,8,10269202064,909,909,1094,4423,0.94,0.316,0,40,2025-11-09,10208,10208,0,0,3,"F,S",1569,1455,2025-11-09 05:33:37,2025-11-09 05:33:37
1,10209,AXO10,2025-11-09 06:53:20,2025-11-09 08:26:57,5617,1775,700034,16,10269202064,1154,1154,1384,5617,0.964,0.316,0,40,2025-11-09,10209,10209,0,0,1,S,2935,906,2025-11-09 06:53:20,2025-11-09 06:53:20
1,10210,KM1,2025-08-14 17:00:00,2025-08-14 17:53:07,3187,2023,700035,5,10269202055,1275,1275,1452,3187,1.049,0.635,0,40,2025-08-14,10210,10210,0,0,2,S,845,318,2025-08-14 17:00:00,2025-08-14 17:00:00
1,10211,KM1,2025-08-14 18:15:07,2025-08-14 18:33:01,1074,681,700035,14,10269202055,429,429,547,1074,1.078,0.635,0,40,2025-08-14,10211,10211,0,0,3,F,253,139,2025-08-14 18:15:07,2025-08-14 18:15:07
1,10212,KM1,2025-08-14 18:39:01,2025-08-14 18:54:24,923,585,700035,15,10269202055,368,368,444,923,0.976,0.635,0,40,2025-08-14,10212,10212,0,0,2,F,174,163,2025-08-14 18:39:01,2025-08-14 18:39:01
1,10213,KM1,2025-08-14 19:28:24,2025-08-14 20:22:20,3236,2054,700035,13,10269202055,1294,1294,1541,3236,1.036,0.635,0,40,2025-08-14,10213,10213,0,0,3,"F,S",754,427,2025-08-14 19:28:24,2025-08-14 19:28:24
1,10214,KM1,2025-08-03 07:00:00,2025-08-03 08:00:39,3639,1538,700036,2,10269202063,478,478,509,3639,0.977,0.423,0,10,2025-08-03,10214,10214,0,0,2,F,856,1244,2025-08-03 07:00:00,2025-08-03 07:00:00
1,10215,KM1,2025-08-03 08:07:39,2025-08-03 09:41:09,5610,2371,700036,13,10269202063,737,737,815,5610,0.921,0.423,0,20,2025-08-03,10215,10215,0,0,2,S,2597,641,2025-08-03 08:07:39,2025-08-03 08:07:39
1,10216,KM1,2025-08-03 10:40:09,2025-08-03 11:01:34,1285,543,700036,6,10269202063,168,168,186,1285,0.999,0.423,0,20,2025-08-03,10216,10216,0,0,1,F,594,147,2025-08-03 10:40:09,2025-08-03 10:40:09
1,10217,KM1,2025-08-03 11:12:34,2025-08-03 11:41:05,1711,723,700036,7,10269202063,224,224,271,1711,1.097,0.423,0,20,2025-08-03,10217,10217,0,0,2,S,517,470,2025-08-03 11:12:34,2025-08-03 11:12:34
1,10218,KM1,2025-08-03 12:50:05,2025-08-03 14:11:14,4869,2058,700036,6,10269202063,640,640,723,4869,0.958,0.423,0,20,2025-08-03,10218,10218,0,0,3,S,1301,1509,2025-08-03 12:50:05,2025-08-03 12:50:05
1,10219,KM1,2025-08-03 15:25:14,2025-08-03 16:08:08,2574,1088,700036,15,10269202063,338,338,367,2574,1.064,0.423,0,20,2025-08-03,10219,10219,0,0,1,"F,S",684,801,2025-08-03 15:25:14,2025-08-03 15:25:14
1,10220,AXO11,2025-09-16 16:00:00,2025-09-16 16:29:06,1746,510,700037,5,10269202054,425,425,504,1746,1.085,0.292,0,55,2025-09-16,10220,10220,0,0,4,F,700,535,2025-09-16 16:00:00,2025-09-16 16:00:00
1,10221,AXO11,2025-09-16 16:55:06,2025-09-16 17:40:40,2734,798,700037,4,10269202054,666,666,754,2734,1.06,0.292,0,55,2025-09-16,10221,10221,0,0,3,F,793,1142,2025-09-16 16:55:06,2025-09-16 16:55:06
1,10222,AXO11,2025-09-16 18:01:40,2025-09-16 18:35:09,2009,587,700037,13,10269202054,490,490,558,2009,0.938,0.292,0,55,2025-09-16,10222,10222,0,0,1,S,999,422,2025-09-16 18:01:40,2025-09-16 18:01:40
1,10223,AXO11,2025-09-16 19:36:09,2025-09-16 20:53:12,4623,1350,700037,11,10269202054,1127,1127,1283,4623,0.947,0.292,0,55,2025-09-16,10223,10223,0,0,1,F,1587,1685,2025-09-16 19:36:09,2025-09-16 19:36:09
1,10224,AXO11,2025-09-16 22:05:12,2025-09-16 23:09:08,3836,1120,700037,16,10269202054,935,935,1170,3836,1.029,0.292,0,55,2025-09-16,10224,10224,0,0,3,F,2241,474,2025-09-16 22:05:12,2025-09-16 22:05:12
1,10225,AXO11,2025-09-17 00:31:08,2025-09-17 01:55:12,5044,1473,700037,4,10269202054,1230,1230,1487,5044,1.066,0.292,0,55,2025-09-17,10225,10225,0,0,3,S,2598,972,2025-09-17 00:31:08,2025-09-17 00:31:08
1,10226,AXO11,2025-09-17 02:22:12,2025-09-17 03:31:46,4174,1219,700037,13,10269202054,1017,1017,1120,4174,0.965,0.292,0,55,2025-09-17,10226,10226,0,0,4,F,1869,1085,2025-09-17 02:22:12,2025-09-17 02:22:12
1,10227,AXO11,2025-09-17 04:07:46,2025-09-17 05:02:00,3254,950,700037,19,10269202054,793,793,995,3254,1.036,0.292,0,55,2025-09-17,10227,10227,0,0,2,S,1303,1000,2025-09-17 04:07:46,2025-09-17 04:07:46
1,10228,AXO11,2025-09-17 06:03:00,2025-09-17 07:06:43,3823,1117,700037,19,10269202054,932,932,1074,3823,0.919,0.292,0,55,2025-09-17,10228,10228,0,0,1,S,1347,1358,2025-09-17 06:03:00,2025-09-17 06:03:00
1,10229,AXO12,2025-08-25 01:00:00,2025-08-25 02:15:16,4516,1884,700038,16,10269202065,584,584,645,4516,1.001,0.417,0,20,2025-08-25,10229,10229,0,0,3,F,1575,1056,2025-08-25 01:00:00,2025-08-25 01:00:00
1,10230,AXO12,2025-08-25 02:54:16,2025-08-25 03:31:56,2260,943,700038,6,10269202065,292,292,321,2260,0.946,0.417,0,20,2025-08-25,10230,10230,0,0,4,"F,S",707,609,2025-08-25 02:54:16,2025-08-25 02:54:16
1,10231,AXO12,2025-08-25 04:55:56,2025-08-25 05:41:15,2719,1134,700038,3,10269202065,351,351,440,2719,1.029,0.417,0,20,2025-08-25,10231,10231,0,0,4,S,1322,262,2025-08-25 04:55:56,2025-08-25 04:55:56
1,10232,AXO12,2025-08-25 06:55:15,2025-08-25 07:23:00,1665,694,700038,15,10269202065,215,215,237,1665,0.981,0.417,0,20,2025-08-25,10232,10232,0,0,1,F,434,536,2025-08-25 06:55:15,2025-08-25 06:55:15
1,10233,AXO12,2025-08-25 08:46:00,2025-08-25 09:45:40,3580,1494,700038,11,10269202065,463,463,563,3580,0.929,0.417,0,20,2025-08-25,10233,10233,0,0,4,S,1764,321,2025-08-25 08:46:00,2025-08-25 08:46:00
1,10234,AXO12,2025-08-25 11:07:40,2025-08-25 11:32:00,1460,609,700038,19,10269202065,188,188,207,1460,0.938,0.417,0,20,2025-08-25,10234,10234,0,0,4,"F,S",355,495,2025-08-25 11:07:40,2025-08-25 11:07:40
1,10235,AXO12,2025-08-25 11:42:00,2025-08-25 12:58:08,4568,1906,700038,13,10269202065,591,591,593,4568,1.043,0.417,0,20,2025-08-25,10235,10235,0,0,3,F,1617,1044,2025-08-25 11:42:00,2025-08-25 11:42:00
1,10236,AXO11,2025-09-21 21:00:00,2025-09-21 21:19:26,1166,390,700039,19,10269202063,181,181,184,1166,0.999,0.335,0,30,2025-09-21,10236,10236,0,0,2,F,589,186,2025-09-21 21:00:00,2025-09-21 21:00:00
1,10237,AXO11,2025-09-21 21:38:26,2025-09-21 21:57:38,1152,385,700039,12,10269202063,179,179,230,1152,1.049,0.335,0,30,2025-09-21,10237,10237,0,0,1,"F,S",374,392,2025-09-21 21:38:26,2025-09-21 21:38:26
1,10238,AXO11,2025-09-21 23:13:38,2025-09-21 23:28:39,901,301,700039,14,10269202063,140,140,156,901,0.988,0.335,0,30,2025-09-21,10238,10238,0,0,1,F,325,274,2025-09-21 23:13:38,2025-09-21 23:13:38
1,10239,AXO11,2025-09-21 23:42:39,2025-09-22 00:30:34,2875,962,700039,11,10269202063,448,448,485,2875,0.996,0.335,0,30,2025-09-21,10239,10239,0,0,1,S,1429,483,2025-09-21 23:42:39,2025-09-21 23:42:39
1,10240,AXO10,2025-07-26 11:00:00,2025-07-26 11:37:48,2268,536,700040,17,10269202062,166,166,215,2268,1.037,0.237,0,20,2025-07-26,10240,10240,0,0,4,"F,S",912,819,2025-07-26 11:00:00,2025-07-26 11:00:00
1,10241,AXO10,2025-07-26 11:40:48,2025-07-26 12:05:36,1488,352,700040,6,10269202062,109,109,139,1488,1.019,0.237,0,20,2025-07-26,10241,10241,0,0,2,S,864,271,2025-07-26 11:40:48,2025-07-26 11:40:48
1,10242,AXO10,2025-07-26 13:22:36,2025-07-26 14:04:33,2517,595,700040,7,10269202062,184,184,202,2517,0.938,0.237,0,20,2025-07-26,10242,10242,0,0,4,"F,S",1316,605,2025-07-26 13:22:36,2025-07-26 13:22:36
1,10243,AXO10,2025-07-26 14:05:33,2025-07-26 14:16:21,648,153,700040,3,10269202062,47,47,55,648,1.098,0.237,0,20,2025-07-26,10243,10243,0,0,4,F,387,107,2025-07-26 14:05:33,2025-07-26 14:05:33
1,10244,KM2,2025-08-07 03:00:00,2025-08-07 03:29:45,1785,777,700041,13,10269202052,498,498,565,1785,0.938,0.436,0,40,2025-08-07,10244,10244,0,0,4,"F,S",715,292,2025-08-07 03:00:00,2025-08-07 03:00:00
1,10245,KM2,2025-08-07 04:19:45,2025-08-07 05:11:44,3119,1359,700041,13,10269202052,871,871,892,3119,0.947,0.436,0,40,2025-08-07,10245,10245,0,0,3,S,1272,487,2025-08-07 04:19:45,2025-08-07 04:19:45
1,10246,KM2,2025-08-07 05:17:44,2025-08-07 06:29:12,4288,1868,700041,4,10269202052,1198,1198,1347,4288,0.964,0.436,0,40,2025-08-07,10246,10246,0,0,2,S,1186,1233,2025-08-07 05:17:44,2025-08-07 05:17:44
1,10247,KM2,2025-08-07 07:26:12,2025-08-07 08:49:43,5011,2183,700041,4,10269202052,1400,1400,1739,5011,1.007,0.436,0,40,2025-08-07,10247,10247,0,0,1,S,1158,1669,2025-08-07 07:26:12,2025-08-07 07:26:12
1,10248,KM2,2025-08-07 09:29:43,2025-08-07 10:59:23,5380,2344,700041,6,10269202052,1503,1503,1602,5380,1.072,0.436,0,40,2025-08-07,10248,10248,0,0,2,"F,S",1955,1080,2025-08-07 09:29:43,2025-08-07 09:29:43
1,10249,KM2,2025-08-07 11:57:23,2025-08-07 12:36:20,2337,1018,700041,3,10269202052,653,653,711,2337,1.031,0.436,0,40,2025-08-07,10249,10249,0,0,4,F,542,776,2025-08-07 11:57:23,2025-08-07 11:57:23
1,10250,KM2,2025-08-07 13:53:20,2025-08-07 15:32:35,5955,2595,700041,16,10269202052,1664,1664,1908,5955,1.068,0.436,0,40,2025-08-07,10250,10250,0,0,1,S,2648,711,2025-08-07 13:53:20,2025-08-07 13:53:20
1,10251,KM2,2025-08-07 16:56:35,2025-08-07 17:30:19,2024,882,700041,12,10269202052,565,565,695,2024,1.066,0.436,0,40,2025-08-07,10251,10251,0,0,2,F,703,438,2025-08-07 16:56:35,2025-08-07 16:56:35
1,10252,KM2,2025-08-07 17:43:19,2025-08-07 18:42:05,3526,1536,700041,4,10269202052,985,985,1121,3526,1.091,0.436,0,40,2025-08-07,10252,10252,0,0,3,"F,S",1139,850,2025-08-07 17:43:19,2025-08-07 17:43:19
1,10253,AXO12,2025-08-02 08:00:00,2025-08-02 08:16:00,960,446,700042,1,10269202054,284,284,307,960,0.916,0.465,0,40,2025-08-02,10253,10253,0,0,2,F,398,115,2025-08-02 08:00:00,2025-08-02 08:00:00
1,10254,AXO12,2025-08-02 08:56:00,2025-08-02 09:35:05,2345,1090,700042,1,10269202054,695,695,742,2345,1.079,0.465,0,40,2025-08-02,10254,10254,0,0,1,F,910,344,2025-08-02 08:56:00,2025-08-02 08:56:00
1,10255,AXO12,2025-08-02 10:52:05,2025-08-02 11:08:00,955,444,700042,12,10269202054,283,283,301,955,1.075,0.465,0,40,2025-08-02,10255,10255,0,0,3,"F,S",332,178,2025-08-02 10:52:05,2025-08-02 10:52:05
1,10256,AXO12,2025-08-02 12:03:00,2025-08-02 12:59:09,3369,1566,700042,12,10269202054,998,998,1111,3369,0.966,0.465,0,40,2025-08-02,10256,10256,0,0,1,S,851,951,2025-08-02 12:03:00,2025-08-02 12:03:00
1,10257,AXO11,2025-07-15 08:00:00,2025-07-15 08:39:54,2394,1100,700043,3,10269202058,538,538,618,2394,0.94,0.46,0,30,2025-07-15,10257,10257,0,0,3,F,737,556,2025-07-15 08:00:00,2025-07-15 08:00:00
1,10258,AXO11,2025-07-15 09:50:54,2025-07-15 11:11:55,4861,2234,700043,10,10269202058,1094,1094,1328,4861,1.05,0.46,0,30,2025-07-15,10258,10258,0,0,2,"F,S",1592,1034,2025-07-15 09:50:54,2025-07-15 09:50:54
1,10259,AXO11,2025-07-15 12:27:55,2025-07-15 13:50:55,4980,2289,700043,15,10269202058,1121,1121,1173,4980,1.04,0.46,0,30,2025-07-15,10259,10259,0,0,3,S,1886,804,2025-07-15 12:27:55,2025-07-15 12:27:55
1,10260,AXO11,2025-07-15 14:13:55,2025-07-15 15:14:48,3653,1679,700043,5,10269202058,822,822,919,3653,0.904,0.46,0,30,2025-07-15,10260,10260,0,0,2,S,896,1077,2025-07-15 14:13:55,2025-07-15 14:13:55
1,10261,AXO11,2025-07-15 15:59:48,2025-07-15 17:17:07,4639,2132,700043,7,10269202058,1044,1044,1244,4639,1.068,0.46,0,30,2025-07-15,10261,10261,0,0,1,S,1877,629,2025-07-15 15:59:48,2025-07-15 15:59:48
1,10262,AXO11,2025-06-11 11:00:00,2025-06-11 11:58:29,3509,1339,700044,6,10269202053,558,558,646,3509,1.037,0.382,0,25,2025-06-11,10262,10262,0,0,3,"F,S",1203,966,2025-06-11 11:00:00,2025-06-11 11:00:00
1,10263,AXO11,2025-06-11 12:20:29,2025-06-11 13:20:08,3579,1365,700044,14,10269202053,568,568,691,3579,0.914,0.382,0,25,2025-06-11,10263,10263,0,0,1,"F,S",1617,596,2025-06-11 12:20:29,2025-06-11 12:20:29
1,10264,AXO11,2025-06-11 14:17:08,2025-06-11 15:19:03,3715,1417,700044,7,10269202053,590,590,681,3715,1.004,0.382,0,25,2025-06-11,10264,10264,0,0,2,S,1200,1097,2025-06-11 14:17:08,2025-06-11 14:17:08
1,10265,AXO11,2025-06-11 15:42:03,2025-06-11 16:09:18,1635,623,700044,6,10269202053,259,259,319,1635,0.987,0.382,0,25,2025-06-11,10265,10265,0,0,3,F,570,441,2025-06-11 15:42:03,2025-06-11 15:42:03
1,10266,AXO10,2025-07-20 04:00:00,2025-07-20 04:36:26,2186,901,700045,11,10269202055,374,374,379,2186,1.08,0.412,0,25,2025-07-20,10266,10266,0,0,2,"F,S",721,563,2025-07-20 04:00:00,2025-07-20 04:00:00
1,10267,AXO10,2025-07-20 05:52:26,2025-07-20 06:19:12,1606,661,700045,14,10269202055,274,274,287,1606,1.032,0.412,0,25,2025-07-20,10267,10267,0,0,2,F,555,389,2025-07-20 05:52:26,2025-07-20 05:52:26
1,10268,AXO10,2025-07-20 07:29:12,2025-07-20 08:16:06,2814,1159,700045,15,10269202055,481,481,483,2814,0.946,0.412,0,25,2025-07-20,10268,10268,0,0,1,S,1164,490,2025-07-20 07:29:12,2025-07-20 07:29:12
1,10269,AXO10,2025-07-20 09:40:06,2025-07-20 10:53:21,4395,1811,700045,14,10269202055,751,751,940,4395,0.905,0.412,0,25,2025-07-20,10269,10269,0,0,2,"F,S",1482,1101,2025-07-20 09:40:06,2025-07-20 09:40:06
1,10270,AXO10,2025-07-20 11:17:21,2025-07-20 12:41:20,5039,2076,700045,6,10269202055,861,861,919,5039,0.909,0.412,0,25,2025-07-20,10270,10270,0,0,2,S,2508,454,2025-07-20 11:17:21,2025-07-20 11:17:21
1,10271,AXO10,2025-07-20 12:45:20,2025-07-20 13:53:47,4107,1692,700045,13,10269202055,702,702,743,4107,1.041,0.412,0,25,2025-07-20,10271,10271,0,0,4,"F,S",1132,1282,2025-07-20 12:45:20,2025-07-20 12:45:20
1,10272,AXO10,2025-07-20 14:08:47,2025-07-20 15:01:53,3186,1313,700045,17,10269202055,545,545,664,3186,1.068,0.412,0,25,2025-07-20,10272,10272,0,0,3,F,918,954,2025-07-20 14:08:47,2025-07-20 14:08:47
1,10273,KM1,2025-10-09 11:00:00,2025-10-09 12:14:36,4476,3007,700046,9,10269202056,1391,1391,1594,4476,0.991,0.672,0,30,2025-10-09,10273,10273,0,0,1,S,916,552,2025-10-09 11:00:00,2025-10-09 11:00:00
1,10274,KM1,2025-10-09 13:17:36,2025-10-09 13:42:04,1468,986,700046,18,10269202056,456,456,489,1468,1.057,0.672,0,30,2025-10-09,10274,10274,0,0,2,F,256,225,2025-10-09 13:17:36,2025-10-09 13:17:36
1,10275,KM1,2025-10-09 13:53:04,2025-10-09 14:51:07,3483,2340,700046,4,10269202056,1082,1082,1183,3483,0.948,0.672,0,30,2025-10-09,10275,10275,0,0,3,S,727,415,2025-10-09 13:53:04,2025-10-09 13:53:04
1,10276,KM1,2025-10-09 16:07:07,2025-10-09 17:02:17,3310,2223,700046,14,10269202056,1028,1028,1290,3310,0.986,0.672,0,30,2025-10-09,10276,10276,0,0,4,"F,S",764,322,2025-10-09 16:07:07,2025-10-09 16:07:07
1,10277,AXO11,2025-09-27 05:00:00,2025-09-27 05:28:26,1706,404,700047,19,10269202058,167,167,180,1706,1.087,0.237,0,25,2025-09-27,10277,10277,0,0,3,"F,S",908,393,2025-09-27 05:00:00,2025-09-27 05:00:00
1,10278,AXO11,2025-09-27 06:05:26,2025-09-27 07:34:23,5337,1264,700047,12,10269202058,525,525,665,5337,0.921,0.237,0,25,2025-09-27,10278,10278,0,0,3,S,1796,2276,2025-09-27 06:05:26,2025-09-27 06:05:26
1,10279,AXO11,2025-09-27 08:35:23,2025-09-27 10:05:05,5382,1275,700047,4,10269202058,529,529,660,5382,0.947,0.237,0,25,2025-09-27,10279,10279,0,0,4,F,3389,717,2025-09-27 08:35:23,2025-09-27 08:35:23
1,10280,AXO11,2025-07-13 03:00:00,2025-07-13 03:39:17,2357,995,700048,11,10269202059,296,296,340,2357,0.915,0.422,0,20,2025-07-13,10280,10280,0,0,1,F,669,692,2025-07-13 03:00:00,2025-07-13 03:00:00
1,10281,AXO11,2025-07-13 05:00:17,2025-07-13 05:40:28,2411,1017,700048,14,10269202059,302,302,378,2411,1.059,0.422,0,20,2025-07-13,10281,10281,0,0,4,F,789,604,2025-07-13 05:00:17,2025-07-13 05:00:17
1,10282,AXO11,2025-07-13 05:59:28,2025-07-13 07:25:43,5175,2184,700048,3,10269202059,650,650,718,5175,1.08,0.422,0,20,2025-07-13,10282,10282,0,0,3,"F,S",2447,543,2025-07-13 05:59:28,2025-07-13 05:59:28
1,10283,AXO12,2025-10-27 19:00:00,2025-10-27 19:30:52,1852,935,700049,14,10269202056,315,315,401,1852,0.968,0.505,0,20,2025-10-27,10283,10283,0,0,2,F,600,316,2025-10-27 19:00:00,2025-10-27 19:00:00
1,10284,AXO12,2025-10-27 19:48:52,2025-10-27 20:57:31,4119,2081,700049,1,10269202056,701,701,909,4119,0.944,0.505,0,20,2025-10-27,10284,10284,0,0,4,S,1129,908,2025-10-27 19:48:52,2025-10-27 19:48:52
1,10285,AXO12,2025-10-27 21:42:31,2025-10-27 23:20:00,5849,2955,700049,17,10269202056,996,996,1241,5849,0.919,0.505,0,20,2025-10-27,10285,10285,0,0,2,"F,S",1166,1727,2025-10-27 21:42:31,2025-10-27 21:42:31
1,10286,AXO12,2025-10-28 00:43:00,2025-10-28 00:53:46,646,326,700049,16,10269202056,109,109,128,646,1.011,0.505,0,20,2025-10-28,10286,10286,0,0,1,"F,S",148,171,2025-10-28 00:43:00,2025-10-28 00:43:00
1,10287,AXO12,2025-10-28 01:25:46,2025-10-28 02:03:22,2256,1139,700049,2,10269202056,384,384,417,2256,0.935,0.505,0,20,2025-10-28,10287,10287,0,0,1,F,639,477,2025-10-28 01:25:46,2025-10-28 01:25:46
1,10288,AXO12,2025-10-28 03:24:22,2025-10-28 04:27:49,3807,1923,700049,17,10269202056,648,648,782,3807,0.998,0.505,0,20,2025-10-28,10288,10288,0,0,1,F,1058,825,2025-10-28 03:24:22,2025-10-28 03:24:22
1,10289,AXO12,2025-10-28 04:55:49,2025-10-28 05:37:16,2487,1256,700049,3,10269202056,423,423,496,2487,1.089,0.505,0,20,2025-10-28,10289,10289,0,0,2,S,1027,203,2025-10-28 04:55:49,2025-10-28 04:55:49
1,10290,KM2,2025-07-17 00:00:00,2025-07-17 01:25:22,5122,1522,700050,12,10269202066,1354,1354,1750,5122,0.956,0.297,0,55,2025-07-17,10290,10290,0,0,3,"F,S",3019,580,2025-07-17 00:00:00,2025-07-17 00:00:00
1,10291,KM2,2025-07-17 02:12:22,2025-07-17 02:34:17,1315,390,700050,5,10269202066,347,347,392,1315,1.044,0.297,0,55,2025-07-17,10291,10291,0,0,1,"F,S",404,520,2025-07-17 02:12:22,2025-07-17 02:12:22
1,10292,KM2,2025-07-17 03:48:17,2025-07-17 03:59:48,691,205,700050,8,10269202066,182,182,197,691,1.066,0.297,0,55,2025-07-17,10292,10292,0,0,1,S,400,85,2025-07-17 03:48:17,2025-07-17 03:48:17
1,10293,KM2,2025-07-17 05:19:48,2025-07-17 06:34:17,4469,1328,700050,14,10269202066,1181,1181,1344,4469,1.067,0.297,0,55,2025-07-17,10293,10293,0,0,3,S,1726,1414,2025-07-17 05:19:48,2025-07-17 05:19:48
1,10294,KM2,2025-07-17 06:53:17,2025-07-17 08:15:45,4948,1470,700050,5,10269202066,1308,1308,1659,4948,0.977,0.297,0,55,2025-07-17,10294,10294,0,0,2,F,2615,862,2025-07-17 06:53:17,2025-07-17 06:53:17
1,10295,KM2,2025-07-17 09:22:45,2025-07-17 10:42:54,4809,1429,700050,13,10269202066,1271,1271,1473,4809,1.021,0.297,0,55,2025-07-17,10295,10295,0,0,3,S,1855,1524,2025-07-17 09:22:45,2025-07-17 09:22:45
1,10296,KM2,2025-07-17 11:58:54,2025-07-17 12:18:51,1197,355,700050,5,10269202066,315,315,318,1197,1.089,0.297,0,55,2025-07-17,10296,10296,0,0,4,S,712,129,2025-07-17 11:58:54,2025-07-17 11:58:54
1,10297,KM2,2025-07-17 13:06:51,2025-07-17 13:27:53,1262,375,700050,3,10269202066,333,333,376,1262,1.043,0.297,0,55,2025-07-17,10297,10297,0,0,1,"F,S",682,204,2025-07-17 13:06:51,2025-07-17 13:06:51
1,10298,AXO10,2025-10-30 22:00:00,2025-10-30 22:19:45,1185,491,700051,6,10269202057,152,152,191,1185,0.971,0.415,0,20,2025-10-30,10298,10298,0,0,2,S,522,171,2025-10-30 22:00:00,2025-10-30 22:00:00
1,10299,AXO10,2025-10-30 23:32:45,2025-10-31 00:12:48,2403,996,700051,11,10269202057,309,309,339,2403,0.922,0.415,0,20,2025-10-30,10299,10299,0,0,1,S,566,840,2025-10-30 23:32:45,2025-10-30 23:32:45
1,10300,AXO10,2025-10-31 01:21:48,2025-10-31 02:26:39,3891,1613,700051,9,10269202057,501,501,543,3891,0.972,0.415,0,20,2025-10-31,10300,10300,0,0,1,"F,S",1493,784,2025-10-31 01:21:48,2025-10-31 01:21:48
1,10301,AXO10,2025-10-31 03:18:39,2025-10-31 04:10:56,3137,1300,700051,15,10269202057,404,404,471,3137,1.079,0.415,0,20,2025-10-31,10301,10301,0,0,2,"F,S",1227,609,2025-10-31 03:18:39,2025-10-31 03:18:39
1,10302,AXO10,2025-10-31 04:34:56,2025-10-31 05:05:51,1855,769,700051,10,10269202057,239,239,245,1855,1.092,0.415,0,20,2025-10-31,10302,10302,0,0,1,S,770,315,2025-10-31 04:34:56,2025-10-31 04:34:56
1,10303,AXO10,2025-10-31 06:06:51,2025-10-31 06:38:55,1924,797,700051,9,10269202057,247,247,293,1924,1.083,0.415,0,20,2025-10-31,10303,10303,0,0,4,S,836,290,2025-10-31 06:06:51,2025-10-31 06:06:51
1,10304,AXO12,2025-07-08 03:00:00,2025-07-08 04:04:12,3852,1185,700052,9,10269202060,741,741,864,3852,1.081,0.308,0,40,2025-07-08,10304,10304,0,0,3,"F,S",1532,1134,2025-07-08 03:00:00,2025-07-08 03:00:00
1,10305,AXO12,2025-07-08 05:18:12,2025-07-08 05:49:21,1869,575,700052,15,10269202060,359,359,366,1869,1.054,0.308,0,40,2025-07-08,10305,10305,0,0,2,S,1055,238,2025-07-08 05:18:12,2025-07-08 05:18:12
1,10306,AXO12,2025-07-08 06:33:21,2025-07-08 07:51:00,4659,1434,700052,16,10269202060,897,897,1118,4659,0.907,0.308,0,40,2025-07-08,10306,10306,0,0,2,S,1719,1505,2025-07-08 06:33:21,2025-07-08 06:33:21
1,10307,AXO12,2025-07-08 08:17:00,2025-07-08 08:50:23,2003,616,700052,10,10269202060,385,385,416,2003,1.065,0.308,0,40,2025-07-08,10307,10307,0,0,1,F,1086,300,2025-07-08 08:17:00,2025-07-08 08:17:00
1,10308,AXO12,2025-07-08 09:01:23,2025-07-08 09:38:40,2237,688,700052,3,10269202060,430,430,543,2237,1.076,0.308,0,40,2025-07-08,10308,10308,0,0,3,S,1005,543,2025-07-08 09:01:23,2025-07-08 09:01:23
1,10309,AXO12,2025-07-08 10:01:40,2025-07-08 10:40:45,2345,721,700052,15,10269202060,451,451,503,2345,1.055,0.308,0,40,2025-07-08,10309,10309,0,0,2,"F,S",1113,510,2025-07-08 10:01:40,2025-07-08 10:01:40
1,10310,AXO12,2025-07-08 10:58:45,2025-07-08 11:51:52,3187,981,700052,4,10269202060,613,613,643,3187,1.053,0.308,0,40,2025-07-08,10310,10310,0,0,1,"F,S",1791,414,2025-07-08 10:58:45,2025-07-08 10:58:45
1,10311,AXO11,2025-07-16 02:00:00,2025-07-16 03:16:43,4603,2330,700053,7,10269202061,756,756,937,4603,1.082,0.506,0,20,2025-07-16,10311,10311,0,0,2,"F,S",1057,1215,2025-07-16 02:00:00,2025-07-16 02:00:00
1,10312,AXO11,2025-07-16 04:34:43,2025-07-16 05:51:19,4596,2327,700053,10,10269202061,755,755,855,4596,0.935,0.506,0,20,2025-07-16,10312,10312,0,0,2,S,1282,986,2025-07-16 04:34:43,2025-07-16 04:34:43
1,10313,AXO11,2025-07-16 06:17:19,2025-07-16 06:48:05,1846,934,700053,15,10269202061,303,303,308,1846,0.994,0.506,0,20,2025-07-16,10313,10313,0,0,2,"F,S",431,480,2025-07-16 06:17:19,2025-07-16 06:17:19
1,10314,AXO11,2025-07-16 07:50:05,2025-07-16 09:12:25,4940,2501,700053,13,10269202061,811,811,1026,4940,1.027,0.506,0,20,2025-07-16,10314,10314,0,0,1,"F,S",2045,393,2025-07-16 07:50:05,2025-07-16 07:50:05
1,10315,AXO11,2025-07-16 10:23:25,2025-07-16 11:13:25,3000,1518,700053,4,10269202061,492,492,569,3000,1.096,0.506,0,20,2025-07-16,10315,10315,0,0,2,"F,S",1125,356,2025-07-16 10:23:25,2025-07-16 10:23:25
1,10316,AXO11,2025-07-16 12:07:25,2025-07-16 13:26:17,4732,2395,700053,10,10269202061,777,777,849,4732,1.066,0.506,0,20,2025-07-16,10316,10316,0,0,4,F,1762,574,2025-07-16 12:07:25,2025-07-16 12:07:25
1,10317,AXO11,2025-07-16 14:42:17,2025-07-16 15:13:43,1886,954,700053,4,10269202061,309,309,396,1886,0.905,0.506,0,20,2025-07-16,10317,10317,0,0,2,S,447,484,2025-07-16 14:42:17,2025-07-16 14:42:17
1,10318,AXO11,2025-07-16 15:40:43,2025-07-16 16:56:25,4542,2299,700053,11,10269202061,746,746,919,4542,0.977,0.506,0,20,2025-07-16,10318,10318,0,0,1,F,1606,636,2025-07-16 15:40:43,2025-07-16 15:40:43
1,10319,AXO12,2025-08-22 08:00:00,2025-08-22 08:47:13,2833,984,700054,18,10269202058,330,330,385,2833,1.004,0.348,0,20,2025-08-22,10319,10319,0,0,2,"F,S",1346,502,2025-08-22 08:00:00,2025-08-22 08:00:00
1,10320,AXO12,2025-08-22 09:30:13,2025-08-22 10:36:35,3982,1383,700054,4,10269202058,463,463,490,3982,1.057,0.348,0,20,2025-08-22,10320,10320,0,0,1,S,1432,1166,2025-08-22 09:30:13,2025-08-22 09:30:13
1,10321,AXO12,2025-08-22 11:33:35,2025-08-22 11:56:55,1400,486,700054,16,10269202058,163,163,207,1400,0.976,0.348,0,20,2025-08-22,10321,10321,0,0,1,"F,S",383,530,2025-08-22 11:33:35,2025-08-22 11:33:35
1,10322,AXO12,2025-08-22 12:17:55,2025-08-22 13:21:25,3810,1324,700054,3,10269202058,444,444,527,3810,1.035,0.348,0,20,2025-08-22,10322,10322,0,0,4,F,1606,879,2025-08-22 12:17:55,2025-08-22 12:17:55
1,10323,AXO12,2025-08-22 13:36:25,2025-08-22 15:07:38,5473,1901,700054,12,10269202058,637,637,651,5473,0.927,0.348,0,20,2025-08-22,10323,10323,0,0,3,S,2001,1570,2025-08-22 13:36:25,2025-08-22 13:36:25
1,10324,AXO12,2025-08-22 16:04:38,2025-08-22 16:38:15,2017,700,700054,9,10269202058,234,234,234,2017,1.099,0.348,0,20,2025-08-22,10324,10324,0,0,1,S,980,336,2025-08-22 16:04:38,2025-08-22 16:04:38
1,10325,AXO12,2025-08-22 17:06:15,2025-08-22 18:12:51,3996,1388,700054,10,10269202058,465,465,494,3996,0.98,0.348,0,20,2025-08-22,10325,10325,0,0,3,"F,S",1289,1318,2025-08-22 17:06:15,2025-08-22 17:06:15
1,10326,AXO12,2025-08-22 19:08:51,2025-08-22 19:22:21,810,281,700054,6,10269202058,94,94,109,810,0.972,0.348,0,20,2025-08-22,10326,10326,0,0,4,F,410,118,2025-08-22 19:08:51,2025-08-22 19:08:51
1,10327,AXO12,2025-08-22 19:43:21,2025-08-22 20:04:23,1262,438,700054,4,10269202058,146,146,183,1262,0.901,0.348,0,20,2025-08-22,10327,10327,0,0,2,"F,S",449,374,2025-08-22 19:43:21,2025-08-22 19:43:21
1,10328,AXO11,2025-09-21 10:00:00,2025-09-21 10:24:14,1454,451,700055,6,10269202061,150,150,159,1454,0.985,0.311,0,20,2025-09-21,10328,10328,0,0,3,F,789,213,2025-09-21 10:00:00,2025-09-21 10:00:00
1,10329,AXO11,2025-09-21 11:24:14,2025-09-21 12:32:20,4086,1269,700055,4,10269202061,422,422,519,4086,1.0,0.311,0,20,2025-09-21,10329,10329,0,0,1,"F,S",1237,1579,2025-09-21 11:24:14,2025-09-21 11:24:14
1,10330,AXO11,2025-09-21 13:31:20,2025-09-21 14:19:08,2868,890,700055,14,10269202061,296,296,313,2868,1.04,0.311,0,20,2025-09-21,10330,10330,0,0,4,F,1331,646,2025-09-21 13:31:20,2025-09-21 13:31:20
1,10331,KM2,2025-09-17 23:00:00,2025-09-18 00:29:17,5357,1501,700056,15,10269202059,723,723,807,5357,0.942,0.28,0,30,2025-09-17,10331,10331,0,0,3,S,2185,1670,2025-09-17 23:00:00,2025-09-17 23:00:00
1,10332,KM2,2025-09-18 00:52:17,2025-09-18 01:54:30,3733,1046,700056,1,10269202059,504,504,641,3733,1.098,0.28,0,30,2025-09-18,10332,10332,0,0,1,S,2203,483,2025-09-18 00:52:17,2025-09-18 00:52:17
1,10333,KM2,2025-09-18 02:25:30,2025-09-18 02:45:01,1171,328,700056,14,10269202059,158,158,188,1171,0.958,0.28,0,30,2025-09-18,10333,10333,0,0,4,S,650,192,2025-09-18 02:25:30,2025-09-18 02:25:30
1,10334,KM2,2025-09-18 04:02:01,2025-09-18 05:30:56,5335,1495,700056,12,10269202059,720,720,724,5335,1.069,0.28,0,30,2025-09-18,10334,10334,0,0,2,"F,S",1720,2119,2025-09-18 04:02:01,2025-09-18 04:02:01
1,10335,KM2,2025-09-18 06:40:56,2025-09-18 08:11:56,5460,1530,700056,1,10269202059,737,737,889,5460,0.925,0.28,0,30,2025-09-18,10335,10335,0,0,2,S,2890,1039,2025-09-18 06:40:56,2025-09-18 06:40:56
1,10336,KM2,2025-09-18 08:40:56,2025-09-18 09:52:58,4322,1211,700056,2,10269202059,583,583,753,4322,1.027,0.28,0,30,2025-09-18,10336,10336,0,0,3,F,1714,1396,2025-09-18 08:40:56,2025-09-18 08:40:56
1,10337,KM2,2025-09-18 10:37:58,2025-09-18 12:07:36,5378,1507,700056,2,10269202059,726,726,911,5378,1.049,0.28,0,30,2025-09-18,10337,10337,0,0,2,"F,S",1759,2111,2025-09-18 10:37:58,2025-09-18 10:37:58
1,10338,KM2,2025-09-18 12:29:36,2025-09-18 13:31:37,3721,1043,700056,6,10269202059,502,502,612,3721,0.966,0.28,0,30,2025-09-18,10338,10338,0,0,3,F,1765,912,2025-09-18 12:29:36,2025-09-18 12:29:36
1,10339,KM1,2025-07-03 13:00:00,2025-07-03 13:17:58,1078,567,700057,3,10269202059,484,484,588,1078,1.05,0.526,0,55,2025-07-03,10339,10339,0,0,4,"F,S",245,265,2025-07-03 13:00:00,2025-07-03 13:00:00
1,10340,KM1,2025-07-03 13:57:58,2025-07-03 15:23:51,5153,2710,700057,2,10269202059,2314,2314,2913,5153,1.002,0.526,0,55,2025-07-03,10340,10340,0,0,2,S,1488,954,2025-07-03 13:57:58,2025-07-03 13:57:58
1,10341,KM1,2025-07-03 16:35:51,2025-07-03 17:19:31,2620,1378,700057,16,10269202059,1176,1176,1347,2620,0.969,0.526,0,55,2025-07-03,10341,10341,0,0,3,"F,S",580,661,2025-07-03 16:35:51,2025-07-03 16:35:51
1,10342,AXO12,2025-06-30 20:00:00,2025-06-30 21:17:48,4668,2107,700058,14,10269202063,1836,1836,2346,4668,1.044,0.451,0,55,2025-06-30,10342,10342,0,0,2,S,1456,1104,2025-06-30 20:00:00,2025-06-30 20:00:00
1,10343,AXO12,2025-06-30 22:23:48,2025-06-30 23:06:55,2587,1167,700058,7,10269202063,1017,1017,1134,2587,1.098,0.451,0,55,2025-06-30,10343,10343,0,0,4,"F,S",1104,315,2025-06-30 22:23:48,2025-06-30 22:23:48
1,10344,AXO12,2025-06-30 23:40:55,2025-07-01 00:50:14,4159,1877,700058,14,10269202063,1636,1636,1995,4159,0.925,0.451,0,55,2025-06-30,10344,10344,0,0,3,F,1766,515,2025-06-30 23:40:55,2025-06-30 23:40:55
1,10345,AXO12,2025-07-01 02:18:14,2025-07-01 02:51:30,1996,901,700058,16,10269202063,785,785,842,1996,1.015,0.451,0,55,2025-07-01,10345,10345,0,0,1,"F,S",508,586,2025-07-01 02:18:14,2025-07-01 02:18:14
1,10346,KM1,2025-10-04 16:00:00,2025-10-04 16:35:28,2128,1288,700059,10,10269202061,962,962,989,2128,0.918,0.605,0,55,2025-10-04,10346,10346,0,0,1,S,473,366,2025-10-04 16:00:00,2025-10-04 16:00:00
1,10347,KM1,2025-10-04 17:09:28,2025-10-04 18:29:05,4777,2891,700059,7,10269202061,2161,2161,2768,4777,0.959,0.605,0,55,2025-10-04,10347,10347,0,0,2,F,1524,361,2025-10-04 17:09:28,2025-10-04 17:09:28
1,10348,KM1,2025-10-04 19:53:05,2025-10-04 20:49:21,3376,2043,700059,18,10269202061,1527,1527,1921,3376,1.041,0.605,0,55,2025-10-04,10348,10348,0,0,1,"F,S",626,706,2025-10-04 19:53:05,2025-10-04 19:53:05
1,10349,KM1,2025-10-04 22:08:21,2025-10-04 23:33:59,5138,3110,700059,3,10269202061,2324,2324,2579,5138,1.073,0.605,0,55,2025-10-04,10349,10349,0,0,3,S,1300,727,2025-10-04 22:08:21,2025-10-04 22:08:21
1,10350,KM1,2025-10-05 00:54:59,2025-10-05 01:08:46,827,500,700059,4,10269202061,373,373,403,827,0.937,0.605,0,55,2025-10-05,10350,10350,0,0,3,F,244,82,2025-10-05 00:54:59,2025-10-05 00:54:59
1,10351,KM1,2025-10-05 02:29:46,2025-10-05 03:31:21,3695,2236,700059,14,10269202061,1671,1671,1720,3695,0.965,0.605,0,55,2025-10-05,10351,10351,0,0,1,F,767,691,2025-10-05 02:29:46,2025-10-05 02:29:46
1,10352,KM1,2025-10-05 04:40:21,2025-10-05 05:21:51,2490,1507,700059,1,10269202061,1126,1126,1329,2490,0.91,0.605,0,55,2025-10-05,10352,10352,0,0,2,F,606,376,2025-10-05 04:40:21,2025-10-05 04:40:21
1,10353,KM1,2025-10-05 06:12:51,2025-10-05 07:44:25,5494,3325,700059,10,10269202061,2485,2485,2611,5494,1.053,0.605,0,55,2025-10-05,10353,10353,0,0,4,S,1838,330,2025-10-05 06:12:51,2025-10-05 06:12:51
1,10354,KM1,2025-10-05 08:25:25,2025-10-05 09:03:22,2277,1378,700059,4,10269202061,1030,1030,1315,2277,1.075,0.605,0,55,2025-10-05,10354,10354,0,0,3,S,554,344,2025-10-05 08:25:25,2025-10-05 08:25:25
1,10355,KM1,2025-07-08 19:00:00,2025-07-08 20:31:00,5460,2612,700060,11,10269202057,2166,2166,2479,5460,0.971,0.479,0,55,2025-07-08,10355,10355,0,0,4,F,2031,816,2025-07-08 19:00:00,2025-07-08 19:00:00
1,10356,KM1,2025-07-08 21:08:00,2025-07-08 21:44:43,2203,1054,700060,11,10269202057,874,874,1123,2203,0.902,0.479,0,55,2025-07-08,10356,10356,0,0,2,"F,S",485,663,2025-07-08 21:08:00,2025-07-08 21:08:00
1,10357,KM1,2025-07-08 22:49:43,2025-07-08 23:31:48,2525,1208,700060,15,10269202057,1001,1001,1179,2525,0.944,0.479,0,55,2025-07-08,10357,10357,0,0,1,"F,S",766,550,2025-07-08 22:49:43,2025-07-08 22:49:43
1,10358,KM1,2025-07-09 00:08:48,2025-07-09 01:22:30,4422,2116,700060,11,10269202057,1755,1755,2265,4422,1.073,0.479,0,55,2025-07-09,10358,10358,0,0,2,F,1684,621,2025-07-09 00:08:48,2025-07-09 00:08:48
1,10359,KM1,2025-07-09 02:13:30,2025-07-09 03:26:11,4361,2086,700060,13,10269202057,1730,1730,2219,4361,1.029,0.479,0,55,2025-07-09,10359,10359,0,0,3,"F,S",1191,1083,2025-07-09 02:13:30,2025-07-09 02:13:30
1,10360,KM1,2025-07-09 04:03:11,2025-07-09 04:39:09,2158,1032,700060,9,10269202057,855,855,991,2158,0.922,0.479,0,55,2025-07-09,10360,10360,0,0,1,"F,S",948,177,2025-07-09 04:03:11,2025-07-09 04:03:11
1,10361,KM1,2025-07-09 04:56:09,2025-07-09 05:40:09,2640,1263,700060,15,10269202057,1047,1047,1167,2640,0.938,0.479,0,55,2025-07-09,10361,10361,0,0,3,"F,S",591,785,2025-07-09 04:56:09,2025-07-09 04:56:09
1,10362,KM1,2025-07-09 06:01:09,2025-07-09 06:18:33,1044,499,700060,12,10269202057,413,413,498,1044,1.041,0.479,0,55,2025-07-09,10362,10362,0,0,4,"F,S",300,244,2025-07-09 06:01:09,2025-07-09 06:01:09
1,10363,KM1,2025-06-08 20:00:00,2025-06-08 20:17:33,1053,510,700061,16,10269202050,300,300,323,1053,0.902,0.485,0,40,2025-06-08,10363,10363,0,0,3,F,406,136,2025-06-08 20:00:00,2025-06-08 20:00:00
1,10364,KM1,2025-06-08 21:05:33,2025-06-08 22:25:16,4783,2319,700061,2,10269202050,1364,1364,1503,4783,1.061,0.485,0,40,2025-06-08,10364,10364,0,0,4,F,1815,648,2025-06-08 21:05:33,2025-06-08 21:05:33
1,10365,KM1,2025-06-08 22:31:16,2025-06-08 23:25:43,3267,1584,700061,9,10269202050,931,931,1087,3267,0.947,0.485,0,40,2025-06-08,10365,10365,0,0,4,S,748,934,2025-06-08 22:31:16,2025-06-08 22:31:16
1,10366,KM1,2025-11-10 03:00:00,2025-11-10 04:34:49,5689,3790,700062,6,10269202063,1786,1786,1819,5689,1.047,0.666,0,30,2025-11-10,10366,10366,0,0,4,S,1013,885,2025-11-10 03:00:00,2025-11-10 03:00:00
1,10367,KM1,2025-11-10 05:00:49,2025-11-10 05:11:00,611,407,700062,9,10269202063,191,191,193,611,0.945,0.666,0,30,2025-11-10,10367,10367,0,0,4,F,140,63,2025-11-10 05:00:49,2025-11-10 05:00:49
1,10368,KM1,2025-11-10 06:24:00,2025-11-10 07:40:34,4594,3060,700062,2,10269202063,1442,1442,1584,4594,0.947,0.666,0,30,2025-11-10,10368,10368,0,0,2,F,766,767,2025-11-10 06:24:00,2025-11-10 06:24:00
1,10369,KM1,2025-11-10 09:04:34,2025-11-10 10:07:15,3761,2505,700062,10,10269202063,1180,1180,1429,3761,1.064,0.666,0,30,2025-11-10,10369,10369,0,0,1,F,870,385,2025-11-10 09:04:34,2025-11-10 09:04:34
1,10370,KM1,2025-11-10 10:35:15,2025-11-10 10:52:19,1024,682,700062,14,10269202063,321,321,322,1024,1.084,0.666,0,30,2025-11-10,10370,10370,0,0,1,"F,S",208,133,2025-11-10 10:35:15,2025-11-10 10:35:15
1,10371,AXO12,2025-09-12 15:00:00,2025-09-12 15:25:41,1541,647,700063,16,10269202058,205,205,262,1541,1.065,0.42,0,20,2025-09-12,10371,10371,0,0,4,S,752,141,2025-09-12 15:00:00,2025-09-12 15:00:00
1,10372,AXO12,2025-09-12 16:13:41,2025-09-12 17:05:19,3098,1301,700063,6,10269202058,414,414,432,3098,1.023,0.42,0,20,2025-09-12,10372,10372,0,0,3,F,1245,551,2025-09-12 16:13:41,2025-09-12 16:13:41
1,10373,AXO12,2025-09-12 18:11:19,2025-09-12 18:22:32,673,282,700063,6,10269202058,89,89,107,673,1.056,0.42,0,20,2025-09-12,10373,10373,0,0,2,F,282,108,2025-09-12 18:11:19,2025-09-12 18:11:19
1,10374,AXO12,2025-09-12 19:37:32,2025-09-12 21:14:09,5797,2435,700063,12,10269202058,775,775,928,5797,1.085,0.42,0,20,2025-09-12,10374,10374,0,0,2,"F,S",2625,736,2025-09-12 19:37:32,2025-09-12 19:37:32
1,10375,AXO12,2025-09-12 22:01:09,2025-09-12 22:15:02,833,350,700063,14,10269202058,111,111,119,833,0.935,0.42,0,20,2025-09-12,10375,10375,0,0,2,F,251,231,2025-09-12 22:01:09,2025-09-12 22:01:09
1,10376,AXO12,2025-09-12 23:33:02,2025-09-13 00:49:09,4567,1919,700063,1,10269202058,610,610,749,4567,0.945,0.42,0,20,2025-09-12,10376,10376,0,0,3,F,1275,1372,2025-09-12 23:33:02,2025-09-12 23:33:02
1,10377,AXO12,2025-07-16 02:00:00,2025-07-16 03:39:28,5968,2260,700064,19,10269202065,1438,1438,1468,5968,1.041,0.379,0,40,2025-07-16,10377,10377,0,0,1,S,2803,904,2025-07-16 02:00:00,2025-07-16 02:00:00
1,10378,AXO12,2025-07-16 04:59:28,2025-07-16 06:14:15,4487,1699,700064,8,10269202065,1081,1081,1087,4487,0.959,0.379,0,40,2025-07-16,10378,10378,0,0,1,S,1485,1302,2025-07-16 04:59:28,2025-07-16 04:59:28
1,10379,AXO12,2025-07-16 07:31:15,2025-07-16 08:48:26,4631,1754,700064,17,10269202065,1116,1116,1366,4631,0.939,0.379,0,40,2025-07-16,10379,10379,0,0,4,S,2035,841,2025-07-16 07:31:15,2025-07-16 07:31:15
1,10380,AXO12,2025-07-16 10:15:26,2025-07-16 11:46:21,5455,2066,700064,6,10269202065,1314,1314,1619,5455,1.087,0.379,0,40,2025-07-16,10380,10380,0,0,2,F,2859,529,2025-07-16 10:15:26,2025-07-16 10:15:26
1,10381,AXO12,2025-07-16 13:15:21,2025-07-16 13:42:35,1634,619,700064,6,10269202065,393,393,438,1634,0.993,0.379,0,40,2025-07-16,10381,10381,0,0,1,S,704,310,2025-07-16 13:15:21,2025-07-16 13:15:21
1,10382,AXO12,2025-07-16 14:33:35,2025-07-16 15:08:38,2103,796,700064,17,10269202065,506,506,611,2103,1.068,0.379,0,40,2025-07-16,10382,10382,0,0,4,F,534,772,2025-07-16 14:33:35,2025-07-16 14:33:35
1,10383,AXO12,2025-07-16 15:22:38,2025-07-16 16:31:41,4143,1569,700064,5,10269202065,998,998,1278,4143,0.994,0.379,0,40,2025-07-16,10383,10383,0,0,3,F,1720,853,2025-07-16 15:22:38,2025-07-16 15:22:38
1,10384,AXO10,2025-07-14 23:00:00,2025-07-14 23:43:08,2588,388,700065,17,10269202062,338,338,424,2588,0.978,0.15,0,55,2025-07-14,10384,10384,0,0,1,F,1660,539,2025-07-14 23:00:00,2025-07-14 23:00:00
1,10385,AXO10,2025-07-15 00:53:08,2025-07-15 01:24:45,1897,284,700065,6,10269202062,247,247,274,1897,1.075,0.15,0,55,2025-07-15,10385,10385,0,0,4,F,1277,335,2025-07-15 00:53:08,2025-07-15 00:53:08
1,10386,AXO10,2025-07-15 01:58:45,2025-07-15 02:15:46,1021,153,700065,9,10269202062,133,133,141,1021,0.953,0.15,0,55,2025-07-15,10386,10386,0,0,1,F,568,299,2025-07-15 01:58:45,2025-07-15 01:58:45
1,10387,AXO10,2025-07-15 03:16:46,2025-07-15 03:50:10,2004,300,700065,1,10269202062,261,261,322,2004,0.935,0.15,0,55,2025-07-15,10387,10387,0,0,1,F,1076,627,2025-07-15 03:16:46,2025-07-15 03:16:46
1,10388,AXO10,2025-07-15 04:30:10,2025-07-15 04:49:37,1167,175,700065,13,10269202062,152,152,170,1167,1.013,0.15,0,55,2025-07-15,10388,10388,0,0,4,S,458,533,2025-07-15 04:30:10,2025-07-15 04:30:10
1,10389,AXO10,2025-07-15 05:18:37,2025-07-15 06:48:56,5419,812,700065,13,10269202062,708,708,884,5419,1.01,0.15,0,55,2025-07-15,10389,10389,0,0,1,S,3470,1136,2025-07-15 05:18:37,2025-07-15 05:18:37
1,10390,AXO10,2025-07-15 07:49:56,2025-07-15 08:09:54,1198,179,700065,4,10269202062,156,156,188,1198,1.059,0.15,0,55,2025-07-15,10390,10390,0,0,1,"F,S",624,394,2025-07-15 07:49:56,2025-07-15 07:49:56
1,10391,KM2,2025-10-21 04:00:00,2025-10-21 05:03:39,3819,1721,700066,8,10269202068,1501,1501,1897,3819,1.062,0.451,0,55,2025-10-21,10391,10391,0,0,2,S,1707,390,2025-10-21 04:00:00,2025-10-21 04:00:00
1,10392,KM2,2025-10-21 05:55:39,2025-10-21 06:53:11,3452,1556,700066,12,10269202068,1357,1357,1719,3452,0.932,0.451,0,55,2025-10-21,10392,10392,0,0,4,F,906,989,2025-10-21 05:55:39,2025-10-21 05:55:39
1,10393,KM2,2025-10-21 08:00:11,2025-10-21 08:44:07,2636,1188,700066,14,10269202068,1036,1036,1320,2636,0.996,0.451,0,55,2025-10-21,10393,10393,0,0,2,F,602,845,2025-10-21 08:00:11,2025-10-21 08:00:11
1,10394,KM2,2025-10-21 09:29:07,2025-10-21 09:41:50,763,343,700066,6,10269202068,299,299,345,763,0.939,0.451,0,55,2025-10-21,10394,10394,0,0,2,S,315,104,2025-10-21 09:29:07,2025-10-21 09:29:07
1,10395,KM2,2025-10-21 10:36:50,2025-10-21 11:42:06,3916,1765,700066,8,10269202068,1539,1539,1846,3916,1.044,0.451,0,55,2025-10-21,10395,10395,0,0,2,F,1641,509,2025-10-21 10:36:50,2025-10-21 10:36:50
1,10396,KM2,2025-10-21 12:21:06,2025-10-21 12:36:50,944,425,700066,16,10269202068,370,370,441,944,1.084,0.451,0,55,2025-10-21,10396,10396,0,0,4,S,413,105,2025-10-21 12:21:06,2025-10-21 12:21:06
1,10397,KM2,2025-09-23 02:00:00,2025-09-23 02:30:01,1801,885,700067,17,10269202062,359,359,362,1801,0.979,0.492,0,25,2025-09-23,10397,10397,0,0,3,F,542,373,2025-09-23 02:00:00,2025-09-23 02:00:00
1,10398,KM2,2025-09-23 02:56:01,2025-09-23 03:36:54,2453,1206,700067,13,10269202062,490,490,580,2453,1.033,0.492,0,25,2025-09-23,10398,10398,0,0,1,S,954,292,2025-09-23 02:56:01,2025-09-23 02:56:01
1,10399,KM2,2025-09-23 03:55:54,2025-09-23 04:28:57,1983,975,700067,15,10269202062,396,396,508,1983,0.936,0.492,0,25,2025-09-23,10399,10399,0,0,4,F,573,434,2025-09-23 03:55:54,2025-09-23 03:55:54
1,10400,KM2,2025-09-23 04:29:57,2025-09-23 04:55:22,1525,749,700067,19,10269202062,304,304,359,1525,1.063,0.492,0,25,2025-09-23,10400,10400,0,0,3,S,610,165,2025-09-23 04:29:57,2025-09-23 04:29:57
1,10401,KM2,2025-09-23 06:24:22,2025-09-23 07:55:47,5485,2697,700067,1,10269202062,1096,1096,1316,5485,0.943,0.492,0,25,2025-09-23,10401,10401,0,0,2,S,1420,1367,2025-09-23 06:24:22,2025-09-23 06:24:22
1,10402,KM2,2025-09-23 08:59:47,2025-09-23 09:18:08,1101,541,700067,5,10269202062,219,219,271,1101,0.985,0.492,0,25,2025-09-23,10402,10402,0,0,2,"F,S",402,157,2025-09-23 08:59:47,2025-09-23 08:59:47
1,10403,AXO11,2025-09-27 19:00:00,2025-09-27 19:39:19,2359,1015,700068,18,10269202057,611,611,778,2359,0.912,0.431,0,40,2025-09-27,10403,10403,0,0,2,"F,S",917,426,2025-09-27 19:00:00,2025-09-27 19:00:00
1,10404,AXO11,2025-09-27 20:15:19,2025-09-27 21:44:16,5337,2298,700068,3,10269202057,1383,1383,1675,5337,0.949,0.431,0,40,2025-09-27,10404,10404,0,0,2,"F,S",2075,963,2025-09-27 20:15:19,2025-09-27 20:15:19
1,10405,AXO11,2025-09-27 22:44:16,2025-09-27 22:55:38,682,293,700068,14,10269202057,176,176,189,682,0.9,0.431,0,40,2025-09-27,10405,10405,0,0,1,F,250,138,2025-09-27 22:44:16,2025-09-27 22:44:16
1,10406,AXO11,2025-09-27 23:17:38,2025-09-28 00:42:40,5102,2197,700068,17,10269202057,1323,1323,1420,5102,1.004,0.431,0,13,2025-09-27,10406,10406,0,0,1,F,1439,1465,2025-09-27 23:17:38,2025-09-27 23:17:38
1,10407,AXO11,2025-09-28 01:35:40,2025-09-28 03:07:07,5487,2362,700068,17,10269202057,1422,1422,1835,5487,1.077,0.431,0,40,2025-09-28,10407,10407,0,0,2,S,2452,672,2025-09-28 01:35:40,2025-09-28 01:35:40
1,10408,AXO11,2025-09-28 03:37:07,2025-09-28 03:59:53,1366,588,700068,13,10269202057,354,354,420,1366,0.953,0.431,0,40,2025-09-28,10408,10408,0,0,1,F,645,132,2025-09-28 03:37:07,2025-09-28 03:37:07
1,10409,AXO11,2025-09-28 05:12:53,2025-09-28 05:57:36,2683,1155,700068,4,10269202057,695,695,740,2683,1.072,0.431,0,40,2025-09-28,10409,10409,0,0,1,S,900,627,2025-09-28 05:12:53,2025-09-28 05:12:53
1,10410,AXO11,2025-09-28 05:59:36,2025-09-28 07:06:22,4006,1725,700068,10,10269202057,1038,1038,1304,4006,1.053,0.431,0,40,2025-09-28,10410,10410,0,0,1,"F,S",1235,1045,2025-09-28 05:59:36,2025-09-28 05:59:36
1,10411,AXO11,2025-09-28 08:12:22,2025-09-28 09:31:04,4722,2033,700068,19,10269202057,1224,1224,1289,4722,1.022,0.431,0,40,2025-09-28,10411,10411,0,0,1,F,1752,936,2025-09-28 08:12:22,2025-09-28 08:12:22
1,10412,AXO10,2025-10-14 06:00:00,2025-10-14 06:51:54,3114,1345,700069,8,10269202061,640,640,805,3114,1.055,0.432,0,30,2025-10-14,10412,10412,0,0,4,S,1358,410,2025-10-14 06:00:00,2025-10-14 06:00:00
1,10413,AXO10,2025-10-14 08:00:54,2025-10-14 09:31:50,5456,2357,700069,18,10269202061,1122,1122,1213,5456,1.032,0.432,0,30,2025-10-14,10413,10413,0,0,1,F,1925,1173,2025-10-14 08:00:54,2025-10-14 08:00:54
1,10414,AXO10,2025-10-14 10:05:50,2025-10-14 10:16:55,665,287,700069,9,10269202061,136,136,143,665,0.919,0.432,0,30,2025-10-14,10414,10414,0,0,3,F,219,158,2025-10-14 10:05:50,2025-10-14 10:05:50
1,10415,AXO10,2025-10-14 10:33:55,2025-10-14 11:44:26,4231,1828,700069,10,10269202061,870,870,1114,4231,1.025,0.432,0,30,2025-10-14,10415,10415,0,0,2,"F,S",1311,1091,2025-10-14 10:33:55,2025-10-14 10:33:55
1,10416,AXO10,2025-10-14 12:57:26,2025-10-14 14:24:22,5216,2253,700069,15,10269202061,1072,1072,1093,5216,0.977,0.432,0,30,2025-10-14,10416,10416,0,0,1,"F,S",2456,506,2025-10-14 12:57:26,2025-10-14 12:57:26
1,10417,AXO10,2025-10-14 15:51:22,2025-10-14 16:43:09,3107,1342,700069,10,10269202061,638,638,649,3107,1.079,0.432,0,30,2025-10-14,10417,10417,0,0,1,"F,S",1458,306,2025-10-14 15:51:22,2025-10-14 15:51:22
1,10418,AXO12,2025-08-05 13:00:00,2025-08-05 13:45:41,2741,958,700070,18,10269202060,604,604,697,2741,0.993,0.35,0,40,2025-08-05,10418,10418,0,0,1,"F,S",911,871,2025-08-05 13:00:00,2025-08-05 13:00:00
1,10419,AXO12,2025-08-05 15:04:41,2025-08-05 16:05:04,3623,1267,700070,1,10269202060,799,799,835,3623,1.021,0.35,0,10,2025-08-05,10419,10419,0,0,3,"F,S",989,1366,2025-08-05 15:04:41,2025-08-05 15:04:41
1,10420,AXO12,2025-08-05 16:27:04,2025-08-05 17:20:15,3191,1116,700070,8,10269202060,704,704,708,3191,0.949,0.35,0,40,2025-08-05,10420,10420,0,0,3,S,1403,671,2025-08-05 16:27:04,2025-08-05 16:27:04
1,10421,AXO12,2025-08-05 18:49:15,2025-08-05 19:41:44,3149,1101,700070,7,10269202060,694,694,796,3149,0.945,0.35,0,40,2025-08-05,10421,10421,0,0,3,F,1691,356,2025-08-05 18:49:15,2025-08-05 18:49:15
1,10422,AXO12,2025-08-05 20:46:44,2025-08-05 21:16:18,1774,620,700070,5,10269202060,391,391,443,1774,1.01,0.35,0,40,2025-08-05,10422,10422,0,0,2,"F,S",628,525,2025-08-05 20:46:44,2025-08-05 20:46:44
1,10423,AXO12,2025-08-05 21:59:18,2025-08-05 23:03:16,3838,1342,700070,1,10269202060,847,847,1091,3838,0.905,0.35,0,40,2025-08-05,10423,10423,0,0,3,"F,S",1298,1197,2025-08-05 21:59:18,2025-08-05 21:59:18
1,10424,AXO12,2025-08-06 00:22:16,2025-08-06 01:15:08,3172,1109,700070,1,10269202060,699,699,776,3172,1.003,0.35,0,40,2025-08-06,10424,10424,0,0,2,S,1481,581,2025-08-06 00:22:16,2025-08-06 00:22:16
1,10425,AXO12,2025-08-06 02:36:08,2025-08-06 04:03:53,5265,1841,700070,7,10269202060,1161,1161,1174,5265,1.076,0.35,0,40,2025-08-06,10425,10425,0,0,4,F,1501,1922,2025-08-06 02:36:08,2025-08-06 02:36:08
1,10426,AXO12,2025-08-06 05:29:53,2025-08-06 05:50:38,1245,435,700070,16,10269202060,274,274,323,1245,0.93,0.35,0,40,2025-08-06,10426,10426,0,0,4,S,541,268,2025-08-06 05:29:53,2025-08-06 05:29:53
1,10427,KM2,2025-08-17 03:00:00,2025-08-17 03:22:07,1327,635,700071,17,10269202055,306,306,380,1327,0.951,0.479,0,30,2025-08-17,10427,10427,0,0,4,"F,S",552,139,2025-08-17 03:00:00,2025-08-17 03:00:00
1,10428,KM2,2025-08-17 03:39:07,2025-08-17 04:30:41,3094,1481,700071,10,10269202055,714,714,902,3094,1.093,0.479,0,30,2025-08-17,10428,10428,0,0,4,"F,S",1068,544,2025-08-17 03:39:07,2025-08-17 03:39:07
1,10429,KM2,2025-08-17 04:57:41,2025-08-17 05:38:28,2447,1171,700071,19,10269202055,565,565,652,2447,0.914,0.479,0,30,2025-08-17,10429,10429,0,0,1,S,846,429,2025-08-17 04:57:41,2025-08-17 04:57:41
1,10430,KM2,2025-08-17 05:48:28,2025-08-17 07:06:41,4693,2246,700071,3,10269202055,1083,1083,1183,4693,1.041,0.479,0,30,2025-08-17,10430,10430,0,0,2,F,1310,1136,2025-08-17 05:48:28,2025-08-17 05:48:28
1,10431,KM2,2025-08-17 07:20:41,2025-08-17 07:40:41,1200,574,700071,18,10269202055,276,276,334,1200,1.044,0.479,0,30,2025-08-17,10431,10431,0,0,3,S,435,190,2025-08-17 07:20:41,2025-08-17 07:20:41
1,10432,KM2,2025-08-17 08:40:41,2025-08-17 09:26:08,2727,1305,700071,11,10269202055,629,629,644,2727,0.942,0.479,0,30,2025-08-17,10432,10432,0,0,4,"F,S",1043,378,2025-08-17 08:40:41,2025-08-17 08:40:41
1,10433,KM1,2025-10-18 06:00:00,2025-10-18 06:39:24,2364,1331,700072,13,10269202056,585,585,633,2364,1.061,0.563,0,30,2025-10-18,10433,10433,0,0,1,S,620,412,2025-10-18 06:00:00,2025-10-18 06:00:00
1,10434,KM1,2025-10-18 07:33:24,2025-10-18 08:22:59,2975,1675,700072,8,10269202056,736,736,952,2975,1.033,0.563,0,30,2025-10-18,10434,10434,0,0,3,"F,S",1028,271,2025-10-18 07:33:24,2025-10-18 07:33:24
1,10435,KM1,2025-10-18 09:43:59,2025-10-18 09:56:55,776,437,700072,11,10269202056,192,192,240,776,0.918,0.563,0,30,2025-10-18,10435,10435,0,0,4,S,243,95,2025-10-18 09:43:59,2025-10-18 09:43:59
1,10436,AXO11,2025-11-04 06:00:00,2025-11-04 06:58:55,3535,1568,700073,8,10269202068,497,497,632,3535,0.982,0.444,0,20,2025-11-04,10436,10436,0,0,1,"F,S",1202,764,2025-11-04 06:00:00,2025-11-04 06:00:00
1,10437,AXO11,2025-11-04 07:18:55,2025-11-04 08:06:50,2875,1276,700073,18,10269202068,404,404,429,2875,0.986,0.444,0,20,2025-11-04,10437,10437,0,0,2,F,882,716,2025-11-04 07:18:55,2025-11-04 07:18:55
1,10438,AXO11,2025-11-04 08:21:50,2025-11-04 08:54:59,1989,882,700073,16,10269202068,279,279,287,1989,0.911,0.444,0,20,2025-11-04,10438,10438,0,0,1,F,928,178,2025-11-04 08:21:50,2025-11-04 08:21:50
1,10439,AXO11,2025-11-04 09:27:59,2025-11-04 11:01:52,5633,2500,700073,7,10269202068,792,792,864,5633,0.94,0.444,0,20,2025-11-04,10439,10439,0,0,3,S,1357,1775,2025-11-04 09:27:59,2025-11-04 09:27:59
1,10440,AXO11,2025-11-04 11:23:52,2025-11-04 11:49:26,1534,680,700073,14,10269202068,215,215,270,1534,1.014,0.444,0,20,2025-11-04,10440,10440,0,0,1,F,348,505,2025-11-04 11:23:52,2025-11-04 11:23:52
1,10441,AXO11,2025-11-04 12:04:26,2025-11-04 12:33:11,1725,765,700073,7,10269202068,242,242,265,1725,0.967,0.444,0,20,2025-11-04,10441,10441,0,0,3,F,666,293,2025-11-04 12:04:26,2025-11-04 12:04:26
1,10442,AXO11,2025-11-04 13:15:11,2025-11-04 14:40:47,5136,2279,700073,18,10269202068,722,722,903,5136,1.028,0.444,0,20,2025-11-04,10442,10442,0,0,4,S,1834,1022,2025-11-04 13:15:11,2025-11-04 13:15:11
1,10443,AXO11,2025-11-04 16:01:47,2025-11-04 16:55:51,3244,1439,700073,12,10269202068,456,456,555,3244,0.936,0.444,0,13,2025-11-04,10443,10443,0,0,2,"F,S",1274,530,2025-11-04 16:01:47,2025-11-04 16:01:47
1,10444,KM1,2025-06-20 04:00:00,2025-06-20 05:02:03,3723,2095,700074,6,10269202067,803,803,963,3723,0.958,0.563,0,25,2025-06-20,10444,10444,0,0,4,F,725,902,2025-06-20 04:00:00,2025-06-20 04:00:00
1,10445,KM1,2025-06-20 06:19:03,2025-06-20 06:39:59,1256,706,700074,10,10269202067,270,270,275,1256,0.946,0.563,0,25,2025-06-20,10445,10445,0,0,2,S,234,315,2025-06-20 06:19:03,2025-06-20 06:19:03
1,10446,KM1,2025-06-20 07:11:59,2025-06-20 08:35:20,5001,2814,700074,5,10269202067,1079,1079,1280,5001,0.982,0.563,0,25,2025-06-20,10446,10446,0,0,1,F,972,1214,2025-06-20 07:11:59,2025-06-20 07:11:59
1,10447,KM1,2025-06-20 09:15:20,2025-06-20 10:15:46,3626,2040,700074,16,10269202067,782,782,1008,3626,1.056,0.563,0,25,2025-06-20,10447,10447,0,0,2,F,1290,295,2025-06-20 09:15:20,2025-06-20 09:15:20
1,10448,KM1,2025-06-20 10:19:46,2025-06-20 10:43:18,1412,794,700074,4,10269202067,304,304,311,1412,1.003,0.563,0,25,2025-06-20,10448,10448,0,0,4,F,410,207,2025-06-20 10:19:46,2025-06-20 10:19:46
1,10449,KM1,2025-06-20 11:19:18,2025-06-20 12:26:25,4027,2266,700074,8,10269202067,868,868,938,4027,0.948,0.563,0,25,2025-06-20,10449,10449,0,0,1,F,917,843,2025-06-20 11:19:18,2025-06-20 11:19:18
1,10450,KM1,2025-06-20 12:52:25,2025-06-20 13:52:16,3591,2020,700074,13,10269202067,774,774,922,3591,1.091,0.563,0,25,2025-06-20,10450,10450,0,0,3,"F,S",943,627,2025-06-20 12:52:25,2025-06-20 12:52:25
1,10451,KM1,2025-06-20 14:23:16,2025-06-20 14:37:58,882,496,700074,17,10269202067,190,190,227,882,1.061,0.563,0,25,2025-06-20,10451,10451,0,0,3,S,221,164,2025-06-20 14:23:16,2025-06-20 14:23:16
1,10452,KM1,2025-06-20 14:38:58,2025-06-20 15:29:07,3009,1693,700074,8,10269202067,649,649,752,3009,0.919,0.563,0,25,2025-06-20,10452,10452,0,0,1,S,900,415,2025-06-20 14:38:58,2025-06-20 14:38:58
1,10453,KM2,2025-09-27 06:00:00,2025-09-27 06:23:10,1390,561,700075,16,10269202062,233,233,259,1390,1.054,0.404,0,25,2025-09-27,10453,10453,0,0,2,F,525,303,2025-09-27 06:00:00,2025-09-27 06:00:00
1,10454,KM2,2025-09-27 07:27:10,2025-09-27 08:11:35,2665,1077,700075,11,10269202062,448,448,526,2665,1.035,0.404,0,25,2025-09-27,10454,10454,0,0,2,"F,S",1079,508,2025-09-27 07:27:10,2025-09-27 07:27:10
1,10455,KM2,2025-09-27 08:20:35,2025-09-27 09:55:47,5712,2308,700075,12,10269202062,962,962,992,5712,0.99,0.404,0,25,2025-09-27,10455,10455,0,0,4,F,2861,542,2025-09-27 08:20:35,2025-09-27 08:20:35
1,10456,KM2,2025-09-27 11:05:47,2025-09-27 12:36:07,5420,2190,700075,6,10269202062,912,912,927,5420,0.941,0.404,0,25,2025-09-27,10456,10456,0,0,2,S,2173,1056,2025-09-27 11:05:47,2025-09-27 11:05:47
1,10457,KM1,2025-07-24 09:00:00,2025-07-24 10:10:30,4230,2661,700076,8,10269202067,1236,1236,1443,4230,0.91,0.629,0,30,2025-07-24,10457,10457,0,0,1,F,1193,375,2025-07-24 09:00:00,2025-07-24 09:00:00
1,10458,KM1,2025-07-24 10:13:30,2025-07-24 11:18:28,3898,2452,700076,15,10269202067,1139,1139,1351,3898,0.999,0.629,0,30,2025-07-24,10458,10458,0,0,1,F,708,737,2025-07-24 10:13:30,2025-07-24 10:13:30
1,10459,KM1,2025-07-24 11:42:28,2025-07-24 12:21:56,2368,1489,700076,11,10269202067,692,692,700,2368,0.955,0.629,0,30,2025-07-24,10459,10459,0,0,1,F,602,276,2025-07-24 11:42:28,2025-07-24 11:42:28
1,10460,KM1,2025-07-24 13:30:56,2025-07-24 15:00:01,5345,3362,700076,2,10269202067,1562,1562,1653,5345,1.039,0.629,0,30,2025-07-24,10460,10460,0,0,2,S,838,1144,2025-07-24 13:30:56,2025-07-24 13:30:56
1,10461,KM1,2025-07-24 16:13:01,2025-07-24 16:25:30,749,471,700076,2,10269202067,218,218,263,749,0.943,0.629,0,30,2025-07-24,10461,10461,0,0,3,"F,S",219,58,2025-07-24 16:13:01,2025-07-24 16:13:01
1,10462,KM1,2025-07-24 17:46:30,2025-07-24 18:22:52,2182,1372,700076,3,10269202067,637,637,724,2182,1.001,0.629,0,30,2025-07-24,10462,10462,0,0,1,F,611,198,2025-07-24 17:46:30,2025-07-24 17:46:30
1,10463,KM1,2025-07-24 19:42:52,2025-07-24 20:32:23,2971,1869,700076,16,10269202067,868,868,881,2971,0.986,0.629,0,30,2025-07-24,10463,10463,0,0,2,S,711,390,2025-07-24 19:42:52,2025-07-24 19:42:52
1,10464,KM1,2025-07-24 21:48:23,2025-07-24 23:27:58,5975,3758,700076,14,10269202067,1746,1746,1937,5975,1.054,0.629,0,30,2025-07-24,10464,10464,0,0,2,"F,S",1565,651,2025-07-24 21:48:23,2025-07-24 21:48:23
1,10465,KM1,2025-09-03 00:00:00,2025-09-03 00:45:48,2748,1429,700077,13,10269202066,419,419,425,2748,0.917,0.52,0,20,2025-09-03,10465,10465,0,0,2,F,612,706,2025-09-03 00:00:00,2025-09-03 00:00:00
1,10466,KM1,2025-09-03 01:25:48,2025-09-03 02:40:42,4494,2338,700077,16,10269202066,685,685,787,4494,1.096,0.52,0,20,2025-09-03,10466,10466,0,0,2,"F,S",1060,1095,2025-09-03 01:25:48,2025-09-03 01:25:48
1,10467,KM1,2025-09-03 03:49:42,2025-09-03 05:20:52,5470,2845,700077,6,10269202066,834,834,979,5470,1.02,0.52,0,20,2025-09-03,10467,10467,0,0,3,"F,S",1847,777,2025-09-03 03:49:42,2025-09-03 03:49:42
1,10468,KM1,2025-09-03 06:02:52,2025-09-03 07:22:39,4787,2490,700077,7,10269202066,730,730,744,4787,0.974,0.52,0,20,2025-09-03,10468,10468,0,0,3,"F,S",1165,1131,2025-09-03 06:02:52,2025-09-03 06:02:52
1,10469,KM1,2025-09-03 08:14:39,2025-09-03 09:14:23,3584,1864,700077,2,10269202066,546,546,552,3584,1.086,0.52,0,20,2025-09-03,10469,10469,0,0,4,S,814,905,2025-09-03 08:14:39,2025-09-03 08:14:39
1,10470,KM1,2025-09-03 10:13:23,2025-09-03 10:56:36,2593,1349,700077,11,10269202066,395,395,492,2593,0.901,0.52,0,20,2025-09-03,10470,10470,0,0,4,F,728,515,2025-09-03 10:13:23,2025-09-03 10:13:23
1,10471,KM1,2025-09-03 11:43:36,2025-09-03 12:40:25,3409,1773,700077,3,10269202066,520,520,603,3409,0.909,0.52,0,20,2025-09-03,10471,10471,0,0,2,"F,S",873,762,2025-09-03 11:43:36,2025-09-03 11:43:36
1,10472,KM1,2025-07-20 09:00:00,2025-07-20 10:11:49,4309,2905,700078,1,10269202063,2180,2180,2257,4309,1.099,0.674,0,55,2025-07-20,10472,10472,0,0,4,"F,S",1027,376,2025-07-20 09:00:00,2025-07-20 09:00:00
1,10473,KM1,2025-07-20 10:54:49,2025-07-20 12:13:48,4739,3195,700078,4,10269202063,2398,2398,2660,4739,1.079,0.674,0,55,2025-07-20,10473,10473,0,0,4,S,877,666,2025-07-20 10:54:49,2025-07-20 10:54:49
1,10474,KM1,2025-07-20 13:42:48,2025-07-20 13:58:48,960,647,700078,7,10269202063,485,485,603,960,0.909,0.674,0,10,2025-07-20,10474,10474,0,0,2,F,225,87,2025-07-20 13:42:48,2025-07-20 13:42:48
1,10475,KM1,2025-07-20 15:15:48,2025-07-20 16:11:20,3332,2246,700078,17,10269202063,1685,1685,1926,3332,0.924,0.674,0,55,2025-07-20,10475,10475,0,0,1,S,438,647,2025-07-20 15:15:48,2025-07-20 15:15:48
1,10476,KM1,2025-07-20 17:12:20,2025-07-20 17:30:21,1081,728,700078,18,10269202063,546,546,655,1081,1.031,0.674,0,55,2025-07-20,10476,10476,0,0,1,S,282,70,2025-07-20 17:12:20,2025-07-20 17:12:20
1,10477,KM1,2025-07-20 17:59:21,2025-07-20 19:32:44,5603,3777,700078,5,10269202063,2834,2834,2867,5603,0.951,0.674,0,55,2025-07-20,10477,10477,0,0,4,F,1482,343,2025-07-20 17:59:21,2025-07-20 17:59:21
1,10478,AXO10,2025-09-29 22:00:00,2025-09-29 22:33:09,1989,592,700079,14,10269202058,243,243,265,1989,0.902,0.298,0,25,2025-09-29,10478,10478,0,0,3,S,866,530,2025-09-29 22:00:00,2025-09-29 22:00:00
1,10479,AXO10,2025-09-29 22:44:09,2025-09-29 23:50:43,3994,1189,700079,9,10269202058,489,489,518,3994,1.063,0.298,0,25,2025-09-29,10479,10479,0,0,4,F,1678,1126,2025-09-29 22:44:09,2025-09-29 22:44:09
1,10480,AXO10,2025-09-30 00:54:43,2025-09-30 01:41:15,2792,831,700079,18,10269202058,341,341,365,2792,1.084,0.298,0,25,2025-09-30,10480,10480,0,0,4,S,1600,360,2025-09-30 00:54:43,2025-09-30 00:54:43
1,10481,AXO11,2025-06-13 01:00:00,2025-06-13 01:43:23,2603,1221,700080,12,10269202069,1033,1033,1153,2603,0.976,0.469,0,55,2025-06-13,10481,10481,0,0,1,"F,S",702,679,2025-06-13 01:00:00,2025-06-13 01:00:00
1,10482,AXO11,2025-06-13 02:17:23,2025-06-13 03:24:47,4044,1897,700080,15,10269202069,1606,1606,1752,4044,1.075,0.469,0,55,2025-06-13,10482,10482,0,0,1,"F,S",1559,587,2025-06-13 02:17:23,2025-06-13 02:17:23
1,10483,AXO11,2025-06-13 03:35:47,2025-06-13 04:11:59,2172,1018,700080,19,10269202069,861,861,961,2172,1.003,0.469,0,55,2025-06-13,10483,10483,0,0,3,S,683,470,2025-06-13 03:35:47,2025-06-13 03:35:47
1,10484,AXO11,2025-06-13 04:30:59,2025-06-13 05:23:19,3140,1473,700080,17,10269202069,1247,1247,1350,3140,0.933,0.469,0,55,2025-06-13,10484,10484,0,0,3,"F,S",984,682,2025-06-13 04:30:59,2025-06-13 04:30:59
1,10485,AXO11,2025-06-13 06:02:19,2025-06-13 07:26:20,5041,2364,700080,2,10269202069,2001,2001,2297,5041,1.057,0.469,0,55,2025-06-13,10485,10485,0,0,3,F,1609,1067,2025-06-13 06:02:19,2025-06-13 06:02:19
1,10486,AXO11,2025-06-13 07:39:20,2025-06-13 08:25:03,2743,1286,700080,1,10269202069,1088,1088,1360,2743,1.044,0.469,0,55,2025-06-13,10486,10486,0,0,2,"F,S",1094,362,2025-06-13 07:39:20,2025-06-13 07:39:20
1,10487,AXO11,2025-06-13 08:29:03,2025-06-13 09:13:29,2666,1250,700080,8,10269202069,1058,1058,1225,2666,1.035,0.469,0,55,2025-06-13,10487,10487,0,0,2,"F,S",1054,361,2025-06-13 08:29:03,2025-06-13 08:29:03
1,10488,AXO11,2025-06-13 09:20:29,2025-06-13 10:31:15,4246,1991,700080,19,10269202069,1685,1685,1902,4246,0.902,0.469,0,55,2025-06-13,10488,10488,0,0,4,F,1456,798,2025-06-13 09:20:29,2025-06-13 09:20:29
1,10489,AXO10,2025-08-22 23:00:00,2025-08-23 00:39:23,5963,2095,700081,11,10269202061,899,899,1048,5963,0.969,0.351,0,25,2025-08-22,10489,10489,0,0,1,"F,S",2243,1624,2025-08-22 23:00:00,2025-08-22 23:00:00
1,10490,AXO10,2025-08-23 00:49:23,2025-08-23 01:54:38,3915,1375,700081,14,10269202061,590,590,762,3915,0.927,0.351,0,25,2025-08-23,10490,10490,0,0,3,"F,S",1806,733,2025-08-23 00:49:23,2025-08-23 00:49:23
1,10491,AXO10,2025-08-23 02:05:38,2025-08-23 03:27:22,4904,1723,700081,19,10269202061,739,739,878,4904,0.963,0.351,0,25,2025-08-23,10491,10491,0,0,2,"F,S",1634,1546,2025-08-23 02:05:38,2025-08-23 02:05:38
1,10492,AXO10,2025-08-23 03:37:22,2025-08-23 04:41:52,3870,1359,700081,16,10269202061,583,583,668,3870,0.988,0.351,0,25,2025-08-23,10492,10492,0,0,2,"F,S",1190,1320,2025-08-23 03:37:22,2025-08-23 03:37:22
1,10493,AXO10,2025-09-30 07:00:00,2025-09-30 07:16:54,1014,508,700082,5,10269202062,227,227,278,1014,1.066,0.501,0,30,2025-09-30,10493,10493,0,0,4,S,374,131,2025-09-30 07:00:00,2025-09-30 07:00:00
1,10494,AXO10,2025-09-30 08:20:54,2025-09-30 08:50:53,1799,902,700082,1,10269202062,403,403,440,1799,0.904,0.501,0,30,2025-09-30,10494,10494,0,0,4,S,613,283,2025-09-30 08:20:54,2025-09-30 08:20:54
1,10495,AXO10,2025-09-30 09:07:53,2025-09-30 10:37:43,5390,2702,700082,18,10269202062,1207,1207,1226,5390,0.92,0.501,0,30,2025-09-30,10495,10495,0,0,1,"F,S",1082,1605,2025-09-30 09:07:53,2025-09-30 09:07:53
1,10496,AXO10,2025-09-30 11:43:43,2025-09-30 12:28:12,2669,1338,700082,6,10269202062,598,598,675,2669,1.046,0.501,0,30,2025-09-30,10496,10496,0,0,3,"F,S",946,384,2025-09-30 11:43:43,2025-09-30 11:43:43
1,10497,AXO10,2025-09-30 13:10:12,2025-09-30 13:57:07,2815,1411,700082,11,10269202062,630,630,630,2815,1.019,0.501,0,30,2025-09-30,10497,10497,0,0,4,F,755,648,2025-09-30 13:10:12,2025-09-30 13:10:12
1,10498,KM2,2025-09-14 07:00:00,2025-09-14 07:13:23,803,508,700083,11,10269202056,406,406,448,803,1.022,0.633,0,55,2025-09-14,10498,10498,0,0,4,F,125,169,2025-09-14 07:00:00,2025-09-14 07:00:00
1,10499,KM2,2025-09-14 08:03:23,2025-09-14 09:42:08,5925,3748,700083,8,10269202056,2998,2998,3821,5925,0.907,0.633,0,55,2025-09-14,10499,10499,0,0,3,F,1653,523,2025-09-14 08:03:23,2025-09-14 08:03:23
1,10500,KM2,2025-09-14 10:02:08,2025-09-14 11:32:45,5437,3439,700083,18,10269202056,2751,2751,2891,5437,1.014,0.633,0,55,2025-09-14,10500,10500,0,0,2,"F,S",1256,741,2025-09-14 10:02:08,2025-09-14 10:02:08
1,10501,KM2,2025-09-14 11:56:45,2025-09-14 13:01:03,3858,2440,700083,8,10269202056,1952,1952,2190,3858,0.903,0.633,0,55,2025-09-14,10501,10501,0,0,1,F,596,821,2025-09-14 11:56:45,2025-09-14 11:56:45
1,10502,AXO12,2025-07-01 08:00:00,2025-07-01 08:43:09,2589,1149,700084,19,10269202062,473,473,561,2589,0.985,0.444,0,25,2025-07-01,10502,10502,0,0,3,S,1148,291,2025-07-01 08:00:00,2025-07-01 08:00:00
1,10503,AXO12,2025-07-01 09:43:09,2025-07-01 10:14:14,1865,827,700084,5,10269202062,341,341,430,1865,0.941,0.444,0,25,2025-07-01,10503,10503,0,0,4,S,535,502,2025-07-01 09:43:09,2025-07-01 09:43:09
1,10504,AXO12,2025-07-01 10:57:14,2025-07-01 12:14:15,4621,2051,700084,10,10269202062,845,845,1075,4621,0.941,0.444,0,25,2025-07-01,10504,10504,0,0,2,S,1409,1160,2025-07-01 10:57:14,2025-07-01 10:57:14
1,10505,AXO12,2025-07-01 12:36:15,2025-07-01 12:59:35,1400,621,700084,17,10269202062,256,256,281,1400,1.076,0.444,0,25,2025-07-01,10505,10505,0,0,1,F,408,370,2025-07-01 12:36:15,2025-07-01 12:36:15
1,10506,AXO12,2025-07-01 13:04:35,2025-07-01 14:44:18,5983,2655,700084,8,10269202062,1095,1095,1169,5983,0.943,0.444,0,25,2025-07-01,10506,10506,0,0,4,"F,S",2561,766,2025-07-01 13:04:35,2025-07-01 13:04:35
1,10507,AXO12,2025-07-01 15:51:18,2025-07-01 17:21:00,5382,2389,700084,16,10269202062,985,985,1045,5382,0.949,0.444,0,25,2025-07-01,10507,10507,0,0,4,F,1499,1493,2025-07-01 15:51:18,2025-07-01 15:51:18
1,10508,AXO12,2025-07-01 17:57:00,2025-07-01 18:44:54,2874,1275,700084,16,10269202062,525,525,533,2874,0.938,0.444,0,25,2025-07-01,10508,10508,0,0,3,F,1001,597,2025-07-01 17:57:00,2025-07-01 17:57:00
1,10509,AXO12,2025-07-01 18:55:54,2025-07-01 20:33:23,5849,2596,700084,6,10269202062,1070,1070,1370,5849,0.975,0.444,0,10,2025-07-01,10509,10509,0,0,1,F,1573,1679,2025-07-01 18:55:54,2025-07-01 18:55:54
1,10510,AXO12,2025-07-01 20:38:23,2025-07-01 21:48:21,4198,1863,700084,6,10269202062,768,768,917,4198,0.976,0.444,0,25,2025-07-01,10510,10510,0,0,4,F,1956,378,2025-07-01 20:38:23,2025-07-01 20:38:23
1,10511,KM2,2025-09-29 11:00:00,2025-09-29 12:27:34,5254,3016,700085,6,10269202056,1912,1912,2066,5254,0.948,0.574,0,40,2025-09-29,10511,10511,0,0,3,"F,S",1552,685,2025-09-29 11:00:00,2025-09-29 11:00:00
1,10512,KM2,2025-09-29 12:48:34,2025-09-29 14:17:27,5333,3061,700085,18,10269202056,1941,1941,2464,5333,1.065,0.574,0,40,2025-09-29,10512,10512,0,0,4,"F,S",1726,545,2025-09-29 12:48:34,2025-09-29 12:48:34
1,10513,KM2,2025-09-29 14:53:27,2025-09-29 15:42:41,2954,1695,700085,2,10269202056,1074,1074,1285,2954,0.909,0.574,0,40,2025-09-29,10513,10513,0,0,1,S,937,321,2025-09-29 14:53:27,2025-09-29 14:53:27
1,10514,KM2,2025-09-29 17:08:41,2025-09-29 17:48:47,2406,1381,700085,17,10269202056,875,875,1076,2406,1.065,0.574,0,40,2025-09-29,10514,10514,0,0,3,F,486,538,2025-09-29 17:08:41,2025-09-29 17:08:41
1,10515,KM2,2025-09-29 18:41:47,2025-09-29 19:42:43,3656,2099,700085,8,10269202056,1331,1331,1684,3656,1.045,0.574,0,40,2025-09-29,10515,10515,0,0,3,F,917,639,2025-09-29 18:41:47,2025-09-29 18:41:47
1,10516,KM2,2025-09-29 20:01:43,2025-09-29 20:43:10,2487,1427,700085,11,10269202056,904,904,907,2487,0.926,0.574,0,40,2025-09-29,10516,10516,0,0,4,S,691,368,2025-09-29 20:01:43,2025-09-29 20:01:43
1,10517,KM1,2025-08-16 14:00:00,2025-08-16 15:12:58,4378,2239,700086,13,10269202061,894,894,1074,4378,1.031,0.512,0,13,2025-08-16,10517,10517,0,0,3,F,1588,550,2025-08-16 14:00:00,2025-08-16 14:00:00
1,10518,KM1,2025-08-16 15:38:58,2025-08-16 17:07:15,5297,2709,700086,1,10269202061,1082,1082,1247,5297,1.017,0.512,0,25,2025-08-16,10518,10518,0,0,1,"F,S",1223,1364,2025-08-16 15:38:58,2025-08-16 15:38:58
1,10519,KM1,2025-08-16 18:15:15,2025-08-16 19:35:14,4799,2454,700086,6,10269202061,980,980,1164,4799,1.069,0.512,0,25,2025-08-16,10519,10519,0,0,3,S,1935,409,2025-08-16 18:15:15,2025-08-16 18:15:15
1,10520,KM1,2025-08-16 20:07:14,2025-08-16 20:23:38,984,503,700086,19,10269202061,201,201,226,984,0.988,0.512,0,25,2025-08-16,10520,10520,0,0,3,"F,S",195,285,2025-08-16 20:07:14,2025-08-16 20:07:14
1,10521,KM1,2025-08-16 20:53:38,2025-08-16 21:43:30,2992,1530,700086,4,10269202061,611,611,657,2992,1.079,0.512,0,25,2025-08-16,10521,10521,0,0,1,F,896,565,2025-08-16 20:53:38,2025-08-16 20:53:38
1,10522,KM1,2025-08-16 22:35:30,2025-08-17 00:12:35,5825,2979,700086,15,10269202061,1190,1190,1465,5825,1.016,0.512,0,25,2025-08-16,10522,10522,0,0,2,F,2240,605,2025-08-16 22:35:30,2025-08-16 22:35:30
1,10523,AXO11,2025-08-19 21:00:00,2025-08-19 21:12:53,773,374,700087,2,10269202066,244,244,266,773,0.985,0.484,0,40,2025-08-19,10523,10523,0,0,2,F,160,238,2025-08-19 21:00:00,2025-08-19 21:00:00
1,10524,AXO11,2025-08-19 21:55:53,2025-08-19 22:30:06,2053,994,700087,9,10269202066,648,648,826,2053,0.969,0.484,0,40,2025-08-19,10524,10524,0,0,4,F,856,202,2025-08-19 21:55:53,2025-08-19 21:55:53
1,10525,AXO11,2025-08-19 23:22:06,2025-08-20 00:30:57,4131,2000,700087,1,10269202066,1304,1304,1584,4131,0.901,0.484,0,40,2025-08-19,10525,10525,0,0,2,S,1042,1088,2025-08-19 23:22:06,2025-08-19 23:22:06
1,10526,AXO11,2025-08-20 01:39:57,2025-08-20 03:17:04,5827,2822,700087,14,10269202066,1841,1841,1977,5827,1.008,0.484,0,40,2025-08-20,10526,10526,0,0,2,F,1725,1279,2025-08-20 01:39:57,2025-08-20 01:39:57
1,10527,AXO11,2025-08-20 03:50:04,2025-08-20 05:13:57,5033,2437,700087,14,10269202066,1590,1590,1975,5033,1.022,0.484,0,40,2025-08-20,10527,10527,0,0,2,F,1728,867,2025-08-20 03:50:04,2025-08-20 03:50:04
1,10528,AXO11,2025-08-20 05:25:57,2025-08-20 05:56:06,1809,876,700087,8,10269202066,571,571,732,1809,0.964,0.484,0,40,2025-08-20,10528,10528,0,0,3,S,578,354,2025-08-20 05:25:57,2025-08-20 05:25:57
1,10529,AXO11,2025-08-20 07:07:06,2025-08-20 08:45:00,5874,2845,700087,10,10269202066,1856,1856,1909,5874,0.979,0.484,0,40,2025-08-20,10529,10529,0,0,4,F,1792,1236,2025-08-20 07:07:06,2025-08-20 07:07:06
1,10530,AXO11,2025-08-20 09:02:00,2025-08-20 09:47:44,2744,1329,700087,17,10269202066,867,867,923,2744,0.918,0.484,0,40,2025-08-20,10530,10530,0,0,1,S,917,497,2025-08-20 09:02:00,2025-08-20 09:02:00
1,10531,AXO11,2025-08-20 10:38:44,2025-08-20 10:57:24,1120,542,700087,17,10269202066,353,353,385,1120,0.933,0.484,0,40,2025-08-20,10531,10531,0,0,3,S,357,220,2025-08-20 10:38:44,2025-08-20 10:38:44
1,10532,AXO10,2025-07-23 03:00:00,2025-07-23 03:40:02,2402,850,700088,9,10269202053,281,281,292,2402,1.051,0.354,0,20,2025-07-23,10532,10532,0,0,4,F,1129,422,2025-07-23 03:00:00,2025-07-23 03:00:00
1,10533,AXO10,2025-07-23 05:05:02,2025-07-23 05:42:27,2245,794,700088,11,10269202053,263,263,288,2245,0.935,0.354,0,20,2025-07-23,10533,10533,0,0,1,"F,S",1001,449,2025-07-23 05:05:02,2025-07-23 05:05:02
1,10534,AXO10,2025-07-23 06:47:27,2025-07-23 08:11:17,5030,1780,700088,4,10269202053,589,589,651,5030,1.025,0.354,0,20,2025-07-23,10534,10534,0,0,1,S,1601,1648,2025-07-23 06:47:27,2025-07-23 06:47:27
1,10535,AXO10,2025-07-23 08:44:17,2025-07-23 09:04:51,1234,436,700088,19,10269202053,144,144,183,1234,1.02,0.354,0,20,2025-07-23,10535,10535,0,0,4,"F,S",603,194,2025-07-23 08:44:17,2025-07-23 08:44:17
1,10536,AXO10,2025-07-23 10:04:51,2025-07-23 11:40:26,5735,2029,700088,11,10269202053,672,672,709,5735,1.059,0.354,0,20,2025-07-23,10536,10536,0,0,3,"F,S",1541,2164,2025-07-23 10:04:51,2025-07-23 10:04:51
1,10537,AXO10,2025-07-23 12:01:26,2025-07-23 12:33:48,1942,687,700088,15,10269202053,227,227,271,1942,1.036,0.354,0,20,2025-07-23,10537,10537,0,0,3,"F,S",689,565,2025-07-23 12:01:26,2025-07-23 12:01:26
1,10538,AXO10,2025-07-23 12:51:48,2025-07-23 14:20:18,5310,1879,700088,1,10269202053,622,622,656,5310,0.92,0.354,0,20,2025-07-23,10538,10538,0,0,3,F,2048,1382,2025-07-23 12:51:48,2025-07-23 12:51:48
1,10539,AXO10,2025-07-23 15:24:18,2025-07-23 15:53:54,1776,628,700088,18,10269202053,208,208,240,1776,1.026,0.354,0,20,2025-07-23,10539,10539,0,0,3,"F,S",844,303,2025-07-23 15:24:18,2025-07-23 15:24:18
1,10540,AXO10,2025-10-29 20:00:00,2025-10-29 21:38:25,5905,1849,700089,16,10269202066,726,726,907,5905,1.097,0.313,0,25,2025-10-29,10540,10540,0,0,4,"F,S",3069,986,2025-10-29 20:00:00,2025-10-29 20:00:00
1,10541,AXO10,2025-10-29 22:38:25,2025-10-29 23:33:32,3307,1035,700089,1,10269202066,406,406,523,3307,1.026,0.313,0,25,2025-10-29,10541,10541,0,0,3,"F,S",1294,977,2025-10-29 22:38:25,2025-10-29 22:38:25
1,10542,AXO10,2025-10-29 23:36:32,2025-10-30 00:26:41,3009,942,700089,1,10269202066,369,369,456,3009,1.077,0.313,0,25,2025-10-29,10542,10542,0,0,4,S,1258,808,2025-10-29 23:36:32,2025-10-29 23:36:32
1,10543,AXO10,2025-10-30 00:39:41,2025-10-30 01:36:13,3392,1062,700089,19,10269202066,417,417,417,3392,1.005,0.313,0,25,2025-10-30,10543,10543,0,0,1,F,1469,860,2025-10-30 00:39:41,2025-10-30 00:39:41
1,10544,AXO10,2025-10-30 02:21:13,2025-10-30 03:28:47,4054,1269,700089,17,10269202066,498,498,625,4054,0.954,0.313,0,25,2025-10-30,10544,10544,0,0,3,S,1341,1443,2025-10-30 02:21:13,2025-10-30 02:21:13
1,10545,AXO10,2025-10-30 04:30:47,2025-10-30 05:44:24,4417,1383,700089,17,10269202066,543,543,699,4417,1.094,0.313,0,25,2025-10-30,10545,10545,0,0,4,S,1411,1622,2025-10-30 04:30:47,2025-10-30 04:30:47
1,10546,AXO10,2025-10-30 05:45:24,2025-10-30 06:10:30,1506,471,700089,13,10269202066,184,184,232,1506,0.94,0.313,0,25,2025-10-30,10546,10546,0,0,4,F,726,308,2025-10-30 05:45:24,2025-10-30 05:45:24
1,10547,AXO12,2025-09-16 18:00:00,2025-09-16 18:59:33,3573,1707,700090,11,10269202055,659,659,818,3573,0.901,0.478,0,25,2025-09-16,10547,10547,0,0,2,"F,S",1374,491,2025-09-16 18:00:00,2025-09-16 18:00:00
1,10548,AXO12,2025-09-16 19:43:33,2025-09-16 21:12:43,5350,2556,700090,5,10269202055,988,988,1101,5350,0.95,0.478,0,25,2025-09-16,10548,10548,0,0,4,"F,S",2290,503,2025-09-16 19:43:33,2025-09-16 19:43:33
1,10549,AXO12,2025-09-16 22:34:43,2025-09-16 23:16:31,2508,1198,700090,8,10269202055,463,463,560,2508,1.038,0.478,0,25,2025-09-16,10549,10549,0,0,3,"F,S",811,498,2025-09-16 22:34:43,2025-09-16 22:34:43
1,10550,AXO11,2025-07-14 23:00:00,2025-07-15 00:21:26,4886,2040,700091,18,10269202062,966,966,1174,4886,0.934,0.418,0,30,2025-07-14,10550,10550,0,0,4,F,2221,624,2025-07-14 23:00:00,2025-07-14 23:00:00
1,10551,AXO11,2025-07-15 01:50:26,2025-07-15 03:23:27,5581,2330,700091,14,10269202062,1104,1104,1312,5581,0.904,0.418,0,30,2025-07-15,10551,10551,0,0,2,S,2679,571,2025-07-15 01:50:26,2025-07-15 01:50:26
1,10552,AXO11,2025-07-15 03:59:27,2025-07-15 04:37:24,2277,950,700091,14,10269202062,450,450,558,2277,1.083,0.418,0,30,2025-07-15,10552,10552,0,0,4,F,746,580,2025-07-15 03:59:27,2025-07-15 03:59:27
1,10553,AXO11,2025-07-15 05:09:24,2025-07-15 06:21:20,4316,1802,700091,3,10269202062,854,854,943,4316,0.996,0.418,0,30,2025-07-15,10553,10553,0,0,1,"F,S",1430,1083,2025-07-15 05:09:24,2025-07-15 05:09:24
1,10554,AXO11,2025-07-15 07:41:20,2025-07-15 08:58:09,4609,1924,700091,15,10269202062,911,911,926,4609,1.099,0.418,0,30,2025-07-15,10554,10554,0,0,1,S,1080,1604,2025-07-15 07:41:20,2025-07-15 07:41:20
1,10555,AXO11,2025-07-15 09:02:09,2025-07-15 10:07:04,3895,1626,700091,1,10269202062,770,770,898,3895,1.019,0.418,0,30,2025-07-15,10555,10555,0,0,4,F,1267,1001,2025-07-15 09:02:09,2025-07-15 09:02:09
1,10556,AXO11,2025-07-15 10:30:04,2025-07-15 11:49:17,4753,1984,700091,15,10269202062,940,940,978,4753,1.019,0.418,0,30,2025-07-15,10556,10556,0,0,1,"F,S",1374,1394,2025-07-15 10:30:04,2025-07-15 10:30:04
1,10557,KM2,2025-10-07 17:00:00,2025-10-07 18:08:00,4080,1857,700092,3,10269202069,749,749,870,4080,0.921,0.455,0,25,2025-10-07,10557,10557,0,0,2,S,1424,798,2025-10-07 17:00:00,2025-10-07 17:00:00
1,10558,KM2,2025-10-07 19:23:00,2025-10-07 19:57:28,2068,941,700092,17,10269202069,379,379,389,2068,0.969,0.455,0,25,2025-10-07,10558,10558,0,0,4,S,551,575,2025-10-07 19:23:00,2025-10-07 19:23:00
1,10559,KM2,2025-10-07 20:53:28,2025-10-07 21:57:02,3814,1736,700092,8,10269202069,700,700,881,3814,0.948,0.455,0,25,2025-10-07,10559,10559,0,0,1,S,847,1230,2025-10-07 20:53:28,2025-10-07 20:53:28
1,10560,KM2,2025-10-07 22:26:02,2025-10-07 23:57:48,5506,2506,700092,10,10269202069,1010,1010,1134,5506,1.049,0.455,0,25,2025-10-07,10560,10560,0,0,4,F,2508,491,2025-10-07 22:26:02,2025-10-07 22:26:02
1,10561,KM2,2025-10-08 01:13:48,2025-10-08 01:49:48,2160,983,700092,4,10269202069,396,396,408,2160,1.032,0.455,0,25,2025-10-08,10561,10561,0,0,1,F,984,192,2025-10-08 01:13:48,2025-10-08 01:13:48
1,10562,KM2,2025-10-08 02:33:48,2025-10-08 03:03:09,1761,801,700092,6,10269202069,323,323,335,1761,1.082,0.455,0,25,2025-10-08,10562,10562,0,0,4,"F,S",443,516,2025-10-08 02:33:48,2025-10-08 02:33:48
1,10563,KM2,2025-10-08 03:18:09,2025-10-08 04:50:52,5563,2532,700092,7,10269202069,1021,1021,1323,5563,0.919,0.455,0,25,2025-10-08,10563,10563,0,0,2,"F,S",1500,1530,2025-10-08 03:18:09,2025-10-08 03:18:09
1,10564,KM2,2025-10-08 06:15:52,2025-10-08 06:52:54,2222,1011,700092,8,10269202069,407,407,439,2222,1.002,0.455,0,25,2025-10-08,10564,10564,0,0,4,S,1003,207,2025-10-08 06:15:52,2025-10-08 06:15:52
1,10565,KM2,2025-10-26 13:00:00,2025-10-26 13:34:27,2067,896,700093,18,10269202058,425,425,440,2067,0.966,0.434,0,30,2025-10-26,10565,10565,0,0,4,F,475,695,2025-10-26 13:00:00,2025-10-26 13:00:00
1,10566,KM2,2025-10-26 13:37:27,2025-10-26 14:11:52,2065,895,700093,8,10269202058,425,425,493,2065,0.965,0.434,0,30,2025-10-26,10566,10566,0,0,4,F,679,490,2025-10-26 13:37:27,2025-10-26 13:37:27
1,10567,KM2,2025-10-26 14:22:52,2025-10-26 15:43:35,4843,2099,700093,4,10269202058,997,997,1143,4843,0.955,0.434,0,30,2025-10-26,10567,10567,0,0,2,S,1442,1301,2025-10-26 14:22:52,2025-10-26 14:22:52
1,10568,KM2,2025-10-26 16:48:35,2025-10-26 17:50:34,3719,1612,700093,2,10269202058,765,765,861,3719,0.952,0.434,0,30,2025-10-26,10568,10568,0,0,3,"F,S",1149,957,2025-10-26 16:48:35,2025-10-26 16:48:35
1,10569,KM2,2025-10-26 18:11:34,2025-10-26 18:53:26,2512,1089,700093,9,10269202058,517,517,645,2512,0.944,0.434,0,30,2025-10-26,10569,10569,0,0,2,S,838,584,2025-10-26 18:11:34,2025-10-26 18:11:34
1,10570,KM2,2025-10-26 20:07:26,2025-10-26 21:23:09,4543,1969,700093,19,10269202058,935,935,982,4543,1.058,0.434,0,30,2025-10-26,10570,10570,0,0,3,F,1337,1236,2025-10-26 20:07:26,2025-10-26 20:07:26
1,10571,KM2,2025-10-26 21:49:09,2025-10-26 22:19:37,1828,792,700093,4,10269202058,376,376,481,1828,1.076,0.434,0,30,2025-10-26,10571,10571,0,0,3,"F,S",450,585,2025-10-26 21:49:09,2025-10-26 21:49:09
1,10572,KM2,2025-07-29 20:00:00,2025-07-29 21:11:56,4316,1809,700094,7,10269202058,1575,1575,1634,4316,0.951,0.419,0,55,2025-07-29,10572,10572,0,0,3,F,1788,718,2025-07-29 20:00:00,2025-07-29 20:00:00
1,10573,KM2,2025-07-29 21:17:56,2025-07-29 22:13:52,3356,1406,700094,18,10269202058,1224,1224,1446,3356,0.931,0.419,0,55,2025-07-29,10573,10573,0,0,4,F,1652,297,2025-07-29 21:17:56,2025-07-29 21:17:56
1,10574,KM2,2025-07-29 22:27:52,2025-07-29 23:18:01,3009,1261,700094,8,10269202058,1098,1098,1127,3009,1.029,0.419,0,55,2025-07-29,10574,10574,0,0,1,S,1006,741,2025-07-29 22:27:52,2025-07-29 22:27:52
1,10575,KM2,2025-07-30 00:29:01,2025-07-30 01:35:53,4012,1681,700094,2,10269202058,1464,1464,1595,4012,1.008,0.419,0,55,2025-07-30,10575,10575,0,0,1,S,1257,1073,2025-07-30 00:29:01,2025-07-30 00:29:01
1,10576,KM2,2025-07-30 02:11:53,2025-07-30 02:58:49,2816,1180,700094,17,10269202058,1028,1028,1121,2816,1.053,0.419,0,55,2025-07-30,10576,10576,0,0,2,"F,S",1291,344,2025-07-30 02:11:53,2025-07-30 02:11:53
1,10577,KM2,2025-07-30 04:13:49,2025-07-30 05:21:50,4081,1710,700094,17,10269202058,1489,1489,1576,4081,0.993,0.419,0,55,2025-07-30,10577,10577,0,0,1,"F,S",1129,1241,2025-07-30 04:13:49,2025-07-30 04:13:49
1,10578,KM2,2025-07-30 05:45:50,2025-07-30 06:51:39,3949,1655,700094,17,10269202058,1441,1441,1869,3949,0.937,0.419,0,55,2025-07-30,10578,10578,0,0,2,F,1561,732,2025-07-30 05:45:50,2025-07-30 05:45:50
1,10579,KM2,2025-07-30 07:41:39,2025-07-30 08:05:43,1444,605,700094,13,10269202058,527,527,655,1444,0.977,0.419,0,55,2025-07-30,10579,10579,0,0,3,F,641,197,2025-07-30 07:41:39,2025-07-30 07:41:39
1,10580,KM2,2025-07-30 08:56:43,2025-07-30 10:34:53,5890,2469,700094,12,10269202058,2150,2150,2239,5890,1.061,0.419,0,55,2025-07-30,10580,10580,0,0,2,S,2219,1201,2025-07-30 08:56:43,2025-07-30 08:56:43
1,10581,AXO10,2025-10-16 13:00:00,2025-10-16 14:02:02,3722,1500,700095,15,10269202061,962,962,1180,3722,0.997,0.403,0,40,2025-10-16,10581,10581,0,0,4,F,1675,546,2025-10-16 13:00:00,2025-10-16 13:00:00
1,10582,AXO10,2025-10-16 14:18:02,2025-10-16 14:45:27,1645,663,700095,14,10269202061,425,425,547,1645,0.93,0.403,0,40,2025-10-16,10582,10582,0,0,4,F,760,221,2025-10-16 14:18:02,2025-10-16 14:18:02
1,10583,AXO10,2025-10-16 15:11:27,2025-10-16 16:18:42,4035,1626,700095,3,10269202061,1043,1043,1235,4035,0.953,0.403,0,40,2025-10-16,10583,10583,0,0,1,F,1860,548,2025-10-16 15:11:27,2025-10-16 15:11:27
1,10584,AXO10,2025-10-16 17:47:42,2025-10-16 18:25:42,2280,919,700095,7,10269202061,589,589,727,2280,0.96,0.403,0,40,2025-10-16,10584,10584,0,0,4,S,594,766,2025-10-16 17:47:42,2025-10-16 17:47:42
1,10585,AXO10,2025-10-16 19:31:42,2025-10-16 19:53:26,1304,525,700095,5,10269202061,336,336,361,1304,1.016,0.403,0,40,2025-10-16,10585,10585,0,0,1,S,427,351,2025-10-16 19:31:42,2025-10-16 19:31:42
1,10586,AXO10,2025-10-16 20:20:26,2025-10-16 20:31:45,679,273,700095,13,10269202061,175,175,205,679,0.906,0.403,0,40,2025-10-16,10586,10586,0,0,2,"F,S",327,78,2025-10-16 20:20:26,2025-10-16 20:20:26
1,10587,AXO10,2025-10-16 21:31:45,2025-10-16 21:59:33,1668,672,700095,8,10269202061,431,431,511,1668,0.968,0.403,0,40,2025-10-16,10587,10587,0,0,3,F,553,442,2025-10-16 21:31:45,2025-10-16 21:31:45
1,10588,AXO10,2025-10-16 22:39:33,2025-10-17 00:17:20,5867,2365,700095,12,10269202061,1517,1517,1645,5867,0.982,0.403,0,40,2025-10-16,10588,10588,0,0,1,S,2121,1380,2025-10-16 22:39:33,2025-10-16 22:39:33
1,10589,AXO10,2025-10-17 01:05:20,2025-10-17 01:41:36,2176,877,700095,6,10269202061,562,562,631,2176,1.042,0.403,0,40,2025-10-17,10589,10589,0,0,3,F,870,428,2025-10-17 01:05:20,2025-10-17 01:05:20
1,10590,AXO11,2025-09-23 01:00:00,2025-09-23 02:22:29,4949,2285,700096,14,10269202062,2019,2019,2529,4949,1.031,0.462,0,55,2025-09-23,10590,10590,0,0,2,S,1570,1093,2025-09-23 01:00:00,2025-09-23 01:00:00
1,10591,AXO11,2025-09-23 03:49:29,2025-09-23 04:31:53,2544,1174,700096,17,10269202062,1037,1037,1193,2544,1.054,0.462,0,55,2025-09-23,10591,10591,0,0,2,F,619,750,2025-09-23 03:49:29,2025-09-23 03:49:29
1,10592,AXO11,2025-09-23 05:05:53,2025-09-23 06:04:42,3529,1629,700096,6,10269202062,1439,1439,1489,3529,0.958,0.462,0,55,2025-09-23,10592,10592,0,0,1,F,1608,291,2025-09-23 05:05:53,2025-09-23 05:05:53
1,10593,AXO11,2025-06-01 18:00:00,2025-06-01 19:03:01,3781,1768,700097,9,10269202055,693,693,890,3781,0.969,0.468,0,25,2025-06-01,10593,10593,0,0,1,"F,S",903,1109,2025-06-01 18:00:00,2025-06-01 18:00:00
1,10594,AXO11,2025-06-01 20:28:01,2025-06-01 21:26:46,3525,1648,700097,7,10269202055,646,646,774,3525,0.918,0.468,0,25,2025-06-01,10594,10594,0,0,1,F,1291,585,2025-06-01 20:28:01,2025-06-01 20:28:01
1,10595,AXO11,2025-06-01 22:47:46,2025-06-01 23:37:31,2985,1396,700097,1,10269202055,547,547,579,2985,0.963,0.468,0,25,2025-06-01,10595,10595,0,0,2,"F,S",726,862,2025-06-01 22:47:46,2025-06-01 22:47:46
1,10596,AXO11,2025-06-02 00:18:31,2025-06-02 00:57:20,2329,1089,700097,6,10269202055,427,427,489,2329,1.037,0.468,0,25,2025-06-02,10596,10596,0,0,2,F,683,556,2025-06-02 00:18:31,2025-06-02 00:18:31
1,10597,AXO11,2025-06-02 01:45:20,2025-06-02 03:25:06,5986,2799,700097,18,10269202055,1097,1097,1099,5986,0.911,0.468,0,25,2025-06-02,10597,10597,0,0,4,"F,S",1892,1294,2025-06-02 01:45:20,2025-06-02 01:45:20
1,10598,AXO11,2025-06-02 03:34:06,2025-06-02 03:59:23,1517,709,700097,18,10269202055,278,278,348,1517,1.039,0.468,0,25,2025-06-02,10598,10598,0,0,1,F,473,334,2025-06-02 03:34:06,2025-06-02 03:34:06
1,10599,KM2,2025-06-15 04:00:00,2025-06-15 05:33:50,5630,3580,700098,18,10269202065,1404,1404,1558,5630,1.04,0.636,0,25,2025-06-15,10599,10599,0,0,4,F,1259,790,2025-06-15 04:00:00,2025-06-15 04:00:00
1,10600,KM2,2025-06-15 06:45:50,2025-06-15 07:59:57,4447,2827,700098,19,10269202065,1109,1109,1171,4447,0.941,0.636,0,25,2025-06-15,10600,10600,0,0,2,F,951,668,2025-06-15 06:45:50,2025-06-15 06:45:50
1,10601,KM2,2025-06-15 09:16:57,2025-06-15 10:34:15,4638,2949,700098,11,10269202065,1156,1156,1424,4638,1.082,0.636,0,25,2025-06-15,10601,10601,0,0,1,F,996,692,2025-06-15 09:16:57,2025-06-15 09:16:57
1,10602,KM2,2025-06-15 11:25:15,2025-06-15 13:05:04,5989,3808,700098,17,10269202065,1493,1493,1611,5989,0.95,0.636,0,25,2025-06-15,10602,10602,0,0,3,F,886,1294,2025-06-15 11:25:15,2025-06-15 11:25:15
1,10603,KM2,2025-06-15 13:50:04,2025-06-15 14:33:09,2585,1643,700098,12,10269202065,644,644,781,2585,1.09,0.636,0,25,2025-06-15,10603,10603,0,0,3,F,561,380,2025-06-15 13:50:04,2025-06-15 13:50:04
1,10604,KM2,2025-06-15 15:21:09,2025-06-15 15:52:31,1882,1196,700098,4,10269202065,469,469,513,1882,1.001,0.636,0,25,2025-06-15,10604,10604,0,0,2,S,462,223,2025-06-15 15:21:09,2025-06-15 15:21:09
1,10605,KM2,2025-06-15 16:55:31,2025-06-15 18:25:26,5395,3430,700098,18,10269202065,1345,1345,1675,5395,0.969,0.636,0,25,2025-06-15,10605,10605,0,0,2,"F,S",1617,347,2025-06-15 16:55:31,2025-06-15 16:55:31
1,10606,AXO11,2025-09-22 22:00:00,2025-09-22 22:54:34,3274,1015,700099,14,10269202057,336,336,403,3274,1.097,0.31,0,20,2025-09-22,10606,10606,0,0,2,F,1826,432,2025-09-22 22:00:00,2025-09-22 22:00:00
1,10607,AXO11,2025-09-23 00:04:34,2025-09-23 00:17:56,802,248,700099,7,10269202057,82,82,92,802,0.917,0.31,0,20,2025-09-23,10607,10607,0,0,3,F,270,283,2025-09-23 00:04:34,2025-09-23 00:04:34
1,10608,AXO11,2025-09-23 00:35:56,2025-09-23 01:00:28,1472,456,700099,12,10269202057,151,151,185,1472,0.993,0.31,0,20,2025-09-23,10608,10608,0,0,3,"F,S",590,425,2025-09-23 00:35:56,2025-09-23 00:35:56
1,10609,AXO11,2025-09-23 01:42:28,2025-09-23 03:00:45,4697,1457,700099,10,10269202057,482,482,512,4697,0.958,0.31,0,20,2025-09-23,10609,10609,0,0,2,F,2016,1223,2025-09-23 01:42:28,2025-09-23 01:42:28
1,10610,AXO11,2025-09-23 03:32:45,2025-09-23 04:46:04,4399,1364,700099,7,10269202057,452,452,516,4399,0.922,0.31,0,20,2025-09-23,10610,10610,0,0,2,"F,S",1458,1576,2025-09-23 03:32:45,2025-09-23 03:32:45
1,10611,AXO11,2025-09-23 05:26:04,2025-09-23 06:25:35,3571,1108,700099,11,10269202057,367,367,395,3571,0.931,0.31,0,20,2025-09-23,10611,10611,0,0,2,S,1090,1372,2025-09-23 05:26:04,2025-09-23 05:26:04
1,10612,AXO11,2025-09-23 07:08:35,2025-09-23 07:26:43,1088,337,700099,4,10269202057,111,111,134,1088,0.986,0.31,0,20,2025-09-23,10612,10612,0,0,1,"F,S",351,399,2025-09-23 07:08:35,2025-09-23 07:08:35
1,10613,AXO11,2025-09-23 08:07:43,2025-09-23 09:00:00,3137,973,700099,2,10269202057,322,322,363,3137,0.996,0.31,0,20,2025-09-23,10613,10613,0,0,2,S,1356,807,2025-09-23 08:07:43,2025-09-23 08:07:43
1,10614,KM2,2025-11-07 13:00:00,2025-11-07 14:20:39,4839,2657,700100,17,10269202066,974,974,1079,4839,1.03,0.549,0,25,2025-11-07,10614,10614,0,0,3,"F,S",1705,476,2025-11-07 13:00:00,2025-11-07 13:00:00
1,10615,KM2,2025-11-07 15:34:39,2025-11-07 17:11:25,5806,3188,700100,5,10269202066,1169,1169,1417,5806,0.978,0.549,0,25,2025-11-07,10615,10615,0,0,3,F,1833,784,2025-11-07 15:34:39,2025-11-07 15:34:39
1,10616,KM2,2025-11-07 17:34:25,2025-11-07 18:39:05,3880,2130,700100,3,10269202066,781,781,908,3880,1.093,0.549,0,25,2025-11-07,10616,10616,0,0,2,S,865,884,2025-11-07 17:34:25,2025-11-07 17:34:25
1,10617,KM2,2025-11-07 18:53:05,2025-11-07 19:40:33,2848,1563,700100,2,10269202066,573,573,735,2848,0.909,0.549,0,25,2025-11-07,10617,10617,0,0,1,S,825,459,2025-11-07 18:53:05,2025-11-07 18:53:05
1,10618,KM2,2025-11-07 21:05:33,2025-11-07 21:18:00,747,410,700100,11,10269202066,150,150,179,747,0.972,0.549,0,25,2025-11-07,10618,10618,0,0,1,"F,S",218,118,2025-11-07 21:05:33,2025-11-07 21:05:33
1,10619,AXO11,2025-08-27 00:00:00,2025-08-27 00:24:49,1489,710,700101,17,10269202055,225,225,254,1489,1.065,0.477,0,20,2025-08-27,10619,10619,0,0,3,"F,S",381,397,2025-08-27 00:00:00,2025-08-27 00:00:00
1,10620,AXO11,2025-08-27 01:09:49,2025-08-27 02:01:57,3128,1492,700101,11,10269202055,472,472,592,3128,1.017,0.477,0,20,2025-08-27,10620,10620,0,0,4,F,1177,458,2025-08-27 01:09:49,2025-08-27 01:09:49
1,10621,AXO11,2025-08-27 03:21:57,2025-08-27 04:13:16,3079,1469,700101,17,10269202055,465,465,474,3079,1.008,0.477,0,20,2025-08-27,10621,10621,0,0,3,F,667,942,2025-08-27 03:21:57,2025-08-27 03:21:57
1,10622,AXO11,2025-08-27 04:27:16,2025-08-27 05:36:52,4176,1992,700101,17,10269202055,631,631,755,4176,1.041,0.477,0,20,2025-08-27,10622,10622,0,0,4,F,966,1217,2025-08-27 04:27:16,2025-08-27 04:27:16
1,10623,AXO10,2025-06-03 21:00:00,2025-06-03 21:26:04,1564,621,700102,13,10269202067,252,252,266,1564,0.917,0.397,0,25,2025-06-03,10623,10623,0,0,1,"F,S",407,535,2025-06-03 21:00:00,2025-06-03 21:00:00
1,10624,AXO10,2025-06-03 22:21:04,2025-06-03 23:18:43,3459,1374,700102,11,10269202067,557,557,692,3459,1.025,0.397,0,25,2025-06-03,10624,10624,0,0,3,"F,S",1272,812,2025-06-03 22:21:04,2025-06-03 22:21:04
1,10625,AXO10,2025-06-04 00:04:43,2025-06-04 01:35:40,5457,2168,700102,6,10269202067,879,879,1139,5457,1.014,0.397,0,25,2025-06-04,10625,10625,0,0,4,S,2080,1208,2025-06-04 00:04:43,2025-06-04 00:04:43
1,10626,AXO10,2025-06-04 02:51:40,2025-06-04 04:21:36,5396,2144,700102,5,10269202067,870,870,1076,5396,1.088,0.397,0,25,2025-06-04,10626,10626,0,0,1,F,1380,1871,2025-06-04 02:51:40,2025-06-04 02:51:40
1,10627,AXO10,2025-06-04 04:26:36,2025-06-04 05:24:54,3498,1390,700102,1,10269202067,564,564,661,3498,0.928,0.397,0,25,2025-06-04,10627,10627,0,0,4,S,852,1255,2025-06-04 04:26:36,2025-06-04 04:26:36
1,10628,AXO10,2025-06-04 06:31:54,2025-06-04 07:41:38,4184,1662,700102,9,10269202067,674,674,725,4184,1.011,0.397,0,25,2025-06-04,10628,10628,0,0,4,S,1026,1495,2025-06-04 06:31:54,2025-06-04 06:31:54
1,10629,AXO10,2025-06-04 08:13:38,2025-06-04 08:47:51,2053,815,700102,7,10269202067,330,330,330,2053,0.986,0.397,0,25,2025-06-04,10629,10629,0,0,4,F,719,518,2025-06-04 08:13:38,2025-06-04 08:13:38
1,10630,AXO10,2025-06-04 09:44:51,2025-06-04 10:27:01,2530,1005,700102,14,10269202067,407,407,492,2530,1.097,0.397,0,25,2025-06-04,10630,10630,0,0,2,"F,S",721,803,2025-06-04 09:44:51,2025-06-04 09:44:51
1,10631,KM1,2025-10-07 14:00:00,2025-10-07 15:29:33,5373,2365,700103,19,10269202067,1104,1104,1321,5373,1.041,0.44,0,30,2025-10-07,10631,10631,0,0,1,F,1520,1487,2025-10-07 14:00:00,2025-10-07 14:00:00
1,10632,KM1,2025-10-07 16:49:33,2025-10-07 17:43:07,3214,1414,700103,10,10269202067,660,660,723,3214,0.941,0.44,0,30,2025-10-07,10632,10632,0,0,4,S,972,827,2025-10-07 16:49:33,2025-10-07 16:49:33
1,10633,KM1,2025-10-07 18:43:07,2025-10-07 20:17:55,5688,2503,700103,7,10269202067,1168,1168,1291,5688,0.916,0.44,0,30,2025-10-07,10633,10633,0,0,2,"F,S",1395,1789,2025-10-07 18:43:07,2025-10-07 18:43:07
1,10634,AXO12,2025-10-30 00:00:00,2025-10-30 00:34:21,2061,778,700104,1,10269202069,369,369,440,2061,0.939,0.378,0,30,2025-10-30,10634,10634,0,0,3,S,1043,239,2025-10-30 00:00:00,2025-10-30 00:00:00
1,10635,AXO12,2025-10-30 00:59:21,2025-10-30 02:26:49,5248,1981,700104,2,10269202069,941,941,1169,5248,0.917,0.378,0,30,2025-10-30,10635,10635,0,0,2,S,2623,643,2025-10-30 00:59:21,2025-10-30 00:59:21
1,10636,AXO12,2025-10-30 03:40:49,2025-10-30 04:09:59,1750,660,700104,9,10269202069,313,313,401,1750,1.045,0.378,0,30,2025-10-30,10636,10636,0,0,3,S,811,278,2025-10-30 03:40:49,2025-10-30 03:40:49
1,10637,AXO12,2025-10-30 04:18:59,2025-10-30 05:00:12,2473,933,700104,8,10269202069,443,443,564,2473,0.974,0.378,0,30,2025-10-30,10637,10637,0,0,3,F,1015,524,2025-10-30 04:18:59,2025-10-30 04:18:59
1,10638,AXO12,2025-10-30 05:11:12,2025-10-30 05:46:41,2129,804,700104,6,10269202069,382,382,421,2129,0.95,0.378,0,13,2025-10-30,10638,10638,0,0,1,"F,S",677,647,2025-10-30 05:11:12,2025-10-30 05:11:12
1,10639,AXO12,2025-10-30 06:32:41,2025-10-30 07:32:58,3617,1365,700104,17,10269202069,648,648,678,3617,1.014,0.378,0,30,2025-10-30,10639,10639,0,0,4,"F,S",1867,384,2025-10-30 06:32:41,2025-10-30 06:32:41
1,10640,AXO12,2025-10-30 08:47:58,2025-10-30 09:11:41,1423,537,700104,11,10269202069,255,255,282,1423,0.965,0.378,0,30,2025-10-30,10640,10640,0,0,1,S,566,319,2025-10-30 08:47:58,2025-10-30 08:47:58
1,10641,AXO12,2025-10-30 10:24:41,2025-10-30 11:15:20,3039,1147,700104,5,10269202069,545,545,640,3039,0.966,0.378,0,30,2025-10-30,10641,10641,0,0,1,"F,S",1216,675,2025-10-30 10:24:41,2025-10-30 10:24:41
1,10642,AXO12,2025-10-30 12:19:20,2025-10-30 12:59:13,2393,903,700104,19,10269202069,429,429,491,2393,1.045,0.378,0,30,2025-10-30,10642,10642,0,0,3,"F,S",814,675,2025-10-30 12:19:20,2025-10-30 12:19:20
1,10643,KM1,2025-06-11 05:00:00,2025-06-11 05:31:00,1860,899,700105,19,10269202052,407,407,451,1860,0.922,0.483,0,30,2025-06-11,10643,10643,0,0,4,S,488,472,2025-06-11 05:00:00,2025-06-11 05:00:00
1,10644,KM1,2025-06-11 05:51:00,2025-06-11 07:09:15,4695,2269,700105,15,10269202052,1027,1027,1198,4695,1.067,0.483,0,30,2025-06-11,10644,10644,0,0,4,S,1260,1165,2025-06-11 05:51:00,2025-06-11 05:51:00
1,10645,KM1,2025-06-11 07:29:15,2025-06-11 08:46:59,4664,2254,700105,17,10269202052,1021,1021,1289,4664,1.01,0.483,0,30,2025-06-11,10645,10645,0,0,2,"F,S",2023,386,2025-06-11 07:29:15,2025-06-11 07:29:15
1,10646,KM1,2025-06-11 09:04:59,2025-06-11 10:31:45,5206,2516,700105,3,10269202052,1139,1139,1186,5206,1.054,0.483,0,30,2025-06-11,10646,10646,0,0,2,S,1472,1217,2025-06-11 09:04:59,2025-06-11 09:04:59
1,10647,KM1,2025-06-11 10:56:45,2025-06-11 11:10:43,838,405,700105,16,10269202052,183,183,207,838,0.928,0.483,0,30,2025-06-11,10647,10647,0,0,3,F,344,88,2025-06-11 10:56:45,2025-06-11 10:56:45
1,10648,KM1,2025-06-11 11:52:43,2025-06-11 13:31:46,5943,2873,700105,18,10269202052,1301,1301,1480,5943,1.022,0.483,0,30,2025-06-11,10648,10648,0,0,3,S,2035,1034,2025-06-11 11:52:43,2025-06-11 11:52:43
1,10649,KM1,2025-06-11 13:34:46,2025-06-11 14:40:53,3967,1917,700105,15,10269202052,868,868,871,3967,1.066,0.483,0,30,2025-06-11,10649,10649,0,0,1,S,1003,1046,2025-06-11 13:34:46,2025-06-11 13:34:46
1,10650,KM1,2025-06-11 14:41:53,2025-06-11 15:32:59,3066,1482,700105,5,10269202052,671,671,771,3066,1.08,0.483,0,30,2025-06-11,10650,10650,0,0,3,F,1050,533,2025-06-11 14:41:53,2025-06-11 14:41:53
1,10651,KM1,2025-08-16 03:00:00,2025-08-16 03:38:14,2294,1005,700106,14,10269202067,293,293,351,2294,0.904,0.438,0,20,2025-08-16,10651,10651,0,0,3,S,702,586,2025-08-16 03:00:00,2025-08-16 03:00:00
1,10652,KM1,2025-08-16 03:56:14,2025-08-16 05:27:53,5499,2410,700106,1,10269202067,703,703,910,5499,0.947,0.438,0,20,2025-08-16,10652,10652,0,0,3,"F,S",2534,554,2025-08-16 03:56:14,2025-08-16 03:56:14
1,10653,KM1,2025-08-16 05:54:53,2025-08-16 06:32:54,2281,999,700106,9,10269202067,291,291,362,2281,0.989,0.438,0,20,2025-08-16,10653,10653,0,0,4,F,806,475,2025-08-16 05:54:53,2025-08-16 05:54:53
1,10654,AXO11,2025-07-20 12:00:00,2025-07-20 12:34:35,2075,838,700107,3,10269202066,346,346,408,2075,0.953,0.404,0,25,2025-07-20,10654,10654,0,0,2,F,663,573,2025-07-20 12:00:00,2025-07-20 12:00:00
1,10655,AXO11,2025-07-20 13:05:35,2025-07-20 14:08:21,3766,1522,700107,3,10269202066,628,628,707,3766,0.914,0.404,0,25,2025-07-20,10655,10655,0,0,1,F,1639,604,2025-07-20 13:05:35,2025-07-20 13:05:35
1,10656,AXO11,2025-07-20 14:10:21,2025-07-20 14:56:25,2764,1117,700107,8,10269202066,461,461,582,2764,0.903,0.404,0,25,2025-07-20,10656,10656,0,0,1,S,871,775,2025-07-20 14:10:21,2025-07-20 14:10:21
1,10657,AXO11,2025-07-20 15:33:25,2025-07-20 16:49:26,4561,1844,700107,17,10269202066,761,761,817,4561,0.95,0.404,0,25,2025-07-20,10657,10657,0,0,3,"F,S",1596,1120,2025-07-20 15:33:25,2025-07-20 15:33:25
1,10658,AXO11,2025-07-20 16:54:26,2025-07-20 17:23:40,1754,709,700107,18,10269202066,292,292,304,1754,1.045,0.404,0,25,2025-07-20,10658,10658,0,0,4,S,431,613,2025-07-20 16:54:26,2025-07-20 16:54:26
1,10659,AXO11,2025-07-20 17:29:40,2025-07-20 18:25:44,3364,1360,700107,5,10269202066,561,561,695,3364,0.925,0.404,0,25,2025-07-20,10659,10659,0,0,1,"F,S",1067,936,2025-07-20 17:29:40,2025-07-20 17:29:40
1,10660,AXO11,2025-07-20 18:52:44,2025-07-20 19:30:06,2242,906,700107,15,10269202066,374,374,480,2242,0.935,0.404,0,25,2025-07-20,10660,10660,0,0,2,S,713,622,2025-07-20 18:52:44,2025-07-20 18:52:44
1,10661,AXO11,2025-07-20 19:47:06,2025-07-20 20:45:31,3505,1417,700107,2,10269202066,585,585,593,3505,1.009,0.404,0,25,2025-07-20,10661,10661,0,0,4,S,1305,782,2025-07-20 19:47:06,2025-07-20 19:47:06
1,10662,AXO11,2025-08-10 13:00:00,2025-08-10 13:58:23,3503,1248,700108,14,10269202051,483,483,613,3503,1.031,0.356,0,25,2025-08-10,10662,10662,0,0,3,"F,S",1535,719,2025-08-10 13:00:00,2025-08-10 13:00:00
1,10663,AXO11,2025-08-10 15:27:23,2025-08-10 16:21:19,3236,1152,700108,13,10269202051,445,445,464,3236,0.914,0.356,0,25,2025-08-10,10663,10663,0,0,2,F,1085,998,2025-08-10 15:27:23,2025-08-10 15:27:23
1,10664,AXO11,2025-08-10 17:26:19,2025-08-10 17:47:02,1243,442,700108,6,10269202051,171,171,202,1243,0.977,0.356,0,25,2025-08-10,10664,10664,0,0,3,F,566,234,2025-08-10 17:26:19,2025-08-10 17:26:19
1,10665,AXO11,2025-08-10 18:29:02,2025-08-10 19:57:32,5310,1891,700108,5,10269202051,732,732,735,5310,0.964,0.356,0,25,2025-08-10,10665,10665,0,0,3,S,2780,638,2025-08-10 18:29:02,2025-08-10 18:29:02
1,10666,AXO11,2025-08-10 20:38:32,2025-08-10 21:04:47,1575,561,700108,7,10269202051,217,217,241,1575,0.913,0.356,0,25,2025-08-10,10666,10666,0,0,2,"F,S",795,218,2025-08-10 20:38:32,2025-08-10 20:38:32
1,10667,AXO10,2025-06-24 21:00:00,2025-06-24 21:37:21,2241,923,700109,4,10269202061,361,361,439,2241,1.078,0.412,0,25,2025-06-24,10667,10667,0,0,3,S,1029,288,2025-06-24 21:00:00,2025-06-24 21:00:00
1,10668,AXO10,2025-06-24 22:50:21,2025-06-25 00:08:51,4710,1941,700109,7,10269202061,760,760,819,4710,0.94,0.412,0,25,2025-06-24,10668,10668,0,0,4,F,1816,952,2025-06-24 22:50:21,2025-06-24 22:50:21
1,10669,AXO10,2025-06-25 01:15:51,2025-06-25 01:35:50,1199,494,700109,16,10269202061,193,193,231,1199,0.95,0.412,0,25,2025-06-25,10669,10669,0,0,1,S,357,347,2025-06-25 01:15:51,2025-06-25 01:15:51
1,10670,AXO10,2025-06-25 01:40:50,2025-06-25 02:15:21,2071,853,700109,9,10269202061,334,334,403,2071,0.944,0.412,0,25,2025-06-25,10670,10670,0,0,2,S,597,620,2025-06-25 01:40:50,2025-06-25 01:40:50
1,10671,AXO10,2025-06-25 02:16:21,2025-06-25 02:42:11,1550,638,700109,16,10269202061,249,249,271,1550,1.005,0.412,0,25,2025-06-25,10671,10671,0,0,4,F,562,349,2025-06-25 02:16:21,2025-06-25 02:16:21
1,10672,AXO10,2025-06-25 03:22:11,2025-06-25 04:26:04,3833,1579,700109,2,10269202061,618,618,774,3833,0.968,0.412,0,25,2025-06-25,10672,10672,0,0,3,"F,S",922,1331,2025-06-25 03:22:11,2025-06-25 03:22:11
1,10673,AXO10,2025-06-25 05:01:04,2025-06-25 05:48:12,2828,1165,700109,3,10269202061,456,456,522,2828,1.01,0.412,0,25,2025-06-25,10673,10673,0,0,1,F,1292,370,2025-06-25 05:01:04,2025-06-25 05:01:04
1,10674,KM2,2025-06-16 06:00:00,2025-06-16 06:22:43,1363,811,700110,5,10269202050,263,263,320,1363,0.945,0.596,0,20,2025-06-16,10674,10674,0,0,3,S,355,196,2025-06-16 06:00:00,2025-06-16 06:00:00
1,10675,KM2,2025-06-16 07:02:43,2025-06-16 07:28:23,1540,917,700110,6,10269202050,298,298,330,1540,1.089,0.596,0,20,2025-06-16,10675,10675,0,0,3,F,357,265,2025-06-16 07:02:43,2025-06-16 07:02:43
1,10676,KM2,2025-06-16 08:39:23,2025-06-16 10:14:40,5717,3405,700110,5,10269202050,1108,1108,1176,5717,0.957,0.596,0,20,2025-06-16,10676,10676,0,0,1,S,959,1352,2025-06-16 08:39:23,2025-06-16 08:39:23
1,10677,KM2,2025-06-16 11:31:40,2025-06-16 13:07:26,5746,3422,700110,16,10269202050,1113,1113,1243,5746,0.903,0.596,0,20,2025-06-16,10677,10677,0,0,3,S,1906,417,2025-06-16 11:31:40,2025-06-16 11:31:40
1,10678,KM2,2025-06-16 13:19:26,2025-06-16 14:50:21,5455,3249,700110,9,10269202050,1057,1057,1057,5455,1.046,0.596,0,20,2025-06-16,10678,10678,0,0,4,S,989,1216,2025-06-16 13:19:26,2025-06-16 13:19:26
1,10679,KM2,2025-06-16 15:34:21,2025-06-16 17:07:38,5597,3334,700110,18,10269202050,1085,1085,1100,5597,1.0,0.596,0,20,2025-06-16,10679,10679,0,0,1,F,1796,466,2025-06-16 15:34:21,2025-06-16 15:34:21
1,10680,KM2,2025-06-16 17:39:38,2025-06-16 18:29:10,2972,1770,700110,5,10269202050,576,576,646,2972,0.901,0.596,0,20,2025-06-16,10680,10680,0,0,2,"F,S",516,685,2025-06-16 17:39:38,2025-06-16 17:39:38
1,10681,AXO11,2025-06-12 14:00:00,2025-06-12 14:28:57,1737,813,700111,15,10269202067,319,319,360,1737,0.975,0.469,0,25,2025-06-12,10681,10681,0,0,2,"F,S",772,151,2025-06-12 14:00:00,2025-06-12 14:00:00
1,10682,AXO11,2025-06-12 15:47:57,2025-06-12 17:10:59,4982,2334,700111,3,10269202067,917,917,994,4982,0.912,0.469,0,25,2025-06-12,10682,10682,0,0,3,"F,S",1309,1338,2025-06-12 15:47:57,2025-06-12 15:47:57
1,10683,AXO11,2025-06-12 18:28:59,2025-06-12 19:22:57,3238,1517,700111,5,10269202067,596,596,684,3238,0.955,0.469,0,10,2025-06-12,10683,10683,0,0,4,"F,S",1154,566,2025-06-12 18:28:59,2025-06-12 18:28:59
1,10684,AXO11,2025-06-12 20:10:57,2025-06-12 20:21:22,625,292,700111,10,10269202067,114,114,121,625,0.972,0.469,0,25,2025-06-12,10684,10684,0,0,3,"F,S",177,155,2025-06-12 20:10:57,2025-06-12 20:10:57
1,10685,AXO11,2025-06-12 21:00:22,2025-06-12 21:25:14,1492,699,700111,16,10269202067,274,274,296,1492,0.925,0.469,0,25,2025-06-12,10685,10685,0,0,1,"F,S",672,120,2025-06-12 21:00:22,2025-06-12 21:00:22
1,10686,AXO11,2025-06-12 22:00:14,2025-06-12 23:32:42,5548,2599,700111,8,10269202067,1021,1021,1295,5548,0.95,0.469,0,25,2025-06-12,10686,10686,0,0,1,"F,S",2084,864,2025-06-12 22:00:14,2025-06-12 22:00:14
1,10687,KM2,2025-08-02 11:00:00,2025-08-02 11:45:04,2704,1281,700112,14,10269202053,603,603,729,2704,0.945,0.474,0,30,2025-08-02,10687,10687,0,0,4,S,586,836,2025-08-02 11:00:00,2025-08-02 11:00:00
1,10688,KM2,2025-08-02 12:44:04,2025-08-02 13:54:42,4238,2008,700112,2,10269202053,946,946,1183,4238,0.933,0.474,0,30,2025-08-02,10688,10688,0,0,3,S,1063,1166,2025-08-02 12:44:04,2025-08-02 12:44:04
1,10689,KM2,2025-08-02 14:36:42,2025-08-02 14:52:31,949,449,700112,4,10269202053,211,211,242,949,0.991,0.474,0,30,2025-08-02,10689,10689,0,0,3,S,232,267,2025-08-02 14:36:42,2025-08-02 14:36:42
1,10690,AXO12,2025-09-21 13:00:00,2025-09-21 13:23:26,1406,390,700113,16,10269202063,232,232,266,1406,0.927,0.278,0,40,2025-09-21,10690,10690,0,0,4,"F,S",718,297,2025-09-21 13:00:00,2025-09-21 13:00:00
1,10691,AXO12,2025-09-21 14:18:26,2025-09-21 14:53:45,2119,588,700113,11,10269202063,351,351,372,2119,1.083,0.278,0,40,2025-09-21,10691,10691,0,0,4,"F,S",891,639,2025-09-21 14:18:26,2025-09-21 14:18:26
1,10692,AXO12,2025-09-21 15:14:45,2025-09-21 16:35:46,4861,1349,700113,2,10269202063,805,805,997,4861,0.98,0.278,0,40,2025-09-21,10692,10692,0,0,1,"F,S",2216,1295,2025-09-21 15:14:45,2025-09-21 15:14:45
1,10693,AXO12,2025-09-21 16:37:46,2025-09-21 17:23:26,2740,760,700113,18,10269202063,453,453,491,2740,0.924,0.278,0,40,2025-09-21,10693,10693,0,0,1,"F,S",1518,461,2025-09-21 16:37:46,2025-09-21 16:37:46
1,10694,AXO12,2025-09-21 18:29:26,2025-09-21 19:20:55,3089,857,700113,9,10269202063,511,511,547,3089,1.047,0.278,0,40,2025-09-21,10694,10694,0,0,4,"F,S",1551,680,2025-09-21 18:29:26,2025-09-21 18:29:26
1,10695,KM1,2025-10-24 14:00:00,2025-10-24 15:29:44,5384,2260,700114,5,10269202061,813,813,833,5384,0.986,0.42,0,25,2025-10-24,10695,10695,0,0,2,S,2041,1082,2025-10-24 14:00:00,2025-10-24 14:00:00
1,10696,KM1,2025-10-24 16:22:44,2025-10-24 16:56:00,1996,838,700114,19,10269202061,301,301,308,1996,0.914,0.42,0,25,2025-10-24,10696,10696,0,0,2,F,683,474,2025-10-24 16:22:44,2025-10-24 16:22:44
1,10697,KM1,2025-10-24 18:06:00,2025-10-24 18:18:13,733,307,700114,1,10269202061,110,110,139,733,1.097,0.42,0,25,2025-10-24,10697,10697,0,0,2,"F,S",359,66,2025-10-24 18:06:00,2025-10-24 18:06:00
1,10698,KM1,2025-06-11 07:00:00,2025-06-11 07:30:26,1826,908,700115,18,10269202050,264,264,324,1826,0.951,0.497,0,20,2025-06-11,10698,10698,0,0,2,"F,S",743,174,2025-06-11 07:00:00,2025-06-11 07:00:00
1,10699,KM1,2025-06-11 08:44:26,2025-06-11 10:08:09,5023,2498,700115,17,10269202050,727,727,756,5023,0.982,0.497,0,20,2025-06-11,10699,10699,0,0,1,"F,S",1377,1147,2025-06-11 08:44:26,2025-06-11 08:44:26
1,10700,KM1,2025-06-11 11:23:09,2025-06-11 11:52:10,1741,865,700115,2,10269202050,252,252,278,1741,1.078,0.497,0,20,2025-06-11,10700,10700,0,0,4,F,519,356,2025-06-11 11:23:09,2025-06-11 11:23:09
1,10701,KM1,2025-06-11 12:47:10,2025-06-11 13:56:10,4140,2059,700115,8,10269202050,600,600,748,4140,1.065,0.497,0,20,2025-06-11,10701,10701,0,0,3,S,1134,946,2025-06-11 12:47:10,2025-06-11 12:47:10
1,10702,KM1,2025-06-11 15:12:10,2025-06-11 15:23:40,690,343,700115,6,10269202050,99,99,102,690,0.951,0.497,0,20,2025-06-11,10702,10702,0,0,4,F,181,165,2025-06-11 15:12:10,2025-06-11 15:12:10
1,10703,KM1,2025-06-11 16:38:40,2025-06-11 17:59:13,4833,2403,700115,12,10269202050,700,700,865,4833,1.054,0.497,0,20,2025-06-11,10703,10703,0,0,1,F,1023,1406,2025-06-11 16:38:40,2025-06-11 16:38:40
1,10704,AXO12,2025-09-19 07:00:00,2025-09-19 08:19:35,4775,2147,700116,9,10269202057,702,702,827,4775,1.037,0.45,0,20,2025-09-19,10704,10704,0,0,1,F,1074,1553,2025-09-19 07:00:00,2025-09-19 07:00:00
1,10705,AXO12,2025-09-19 09:10:35,2025-09-19 10:15:39,3904,1755,700116,11,10269202057,574,574,596,3904,0.913,0.45,0,20,2025-09-19,10705,10705,0,0,1,S,1437,711,2025-09-19 09:10:35,2025-09-19 09:10:35
1,10706,AXO12,2025-09-19 10:30:39,2025-09-19 11:29:57,3558,1599,700116,19,10269202057,523,523,593,3558,0.982,0.45,0,20,2025-09-19,10706,10706,0,0,1,"F,S",1002,956,2025-09-19 10:30:39,2025-09-19 10:30:39
1,10707,AXO12,2025-09-19 11:53:57,2025-09-19 12:06:59,782,351,700116,18,10269202057,114,114,115,782,0.996,0.45,0,20,2025-09-19,10707,10707,0,0,3,F,355,75,2025-09-19 11:53:57,2025-09-19 11:53:57
1,10708,AXO12,2025-09-19 13:24:59,2025-09-19 14:05:13,2414,1085,700116,9,10269202057,355,355,358,2414,0.925,0.45,0,20,2025-09-19,10708,10708,0,0,1,F,548,780,2025-09-19 13:24:59,2025-09-19 13:24:59
1,10709,AXO12,2025-06-04 05:00:00,2025-06-04 06:12:14,4334,1756,700117,5,10269202051,557,557,650,4334,0.993,0.405,0,20,2025-06-04,10709,10709,0,0,1,S,2135,442,2025-06-04 05:00:00,2025-06-04 05:00:00
1,10710,AXO12,2025-06-04 06:40:14,2025-06-04 06:57:28,1034,419,700117,6,10269202051,133,133,158,1034,0.94,0.405,0,20,2025-06-04,10710,10710,0,0,4,S,269,345,2025-06-04 06:40:14,2025-06-04 06:40:14
1,10711,AXO12,2025-06-04 07:17:28,2025-06-04 08:50:59,5611,2273,700117,17,10269202051,722,722,923,5611,1.017,0.405,0,20,2025-06-04,10711,10711,0,0,2,F,1858,1479,2025-06-04 07:17:28,2025-06-04 07:17:28
1,10712,AXO12,2025-06-04 09:41:59,2025-06-04 10:12:47,1848,748,700117,5,10269202051,237,237,263,1848,1.009,0.405,0,20,2025-06-04,10712,10712,0,0,1,S,757,342,2025-06-04 09:41:59,2025-06-04 09:41:59
1,10713,KM1,2025-07-22 07:00:00,2025-07-22 07:45:26,2726,1705,700118,6,10269202063,1459,1459,1592,2726,0.965,0.626,0,55,2025-07-22,10713,10713,0,0,3,F,470,550,2025-07-22 07:00:00,2025-07-22 07:00:00
1,10714,KM1,2025-07-22 08:23:26,2025-07-22 08:57:14,2028,1268,700118,5,10269202063,1085,1085,1230,2028,1.064,0.626,0,55,2025-07-22,10714,10714,0,0,4,F,404,355,2025-07-22 08:23:26,2025-07-22 08:23:26
1,10715,KM1,2025-07-22 09:02:14,2025-07-22 09:16:42,868,543,700118,4,10269202063,464,464,471,868,0.914,0.626,0,55,2025-07-22,10715,10715,0,0,3,S,269,55,2025-07-22 09:02:14,2025-07-22 09:02:14
1,10716,KM1,2025-07-22 10:15:42,2025-07-22 10:51:47,2165,1354,700118,16,10269202063,1159,1159,1370,2165,0.938,0.626,0,55,2025-07-22,10716,10716,0,0,3,F,395,415,2025-07-22 10:15:42,2025-07-22 10:15:42
1,10717,KM2,2025-07-13 02:00:00,2025-07-13 03:00:51,3651,1557,700119,7,10269202059,954,954,1231,3651,0.966,0.427,0,40,2025-07-13,10717,10717,0,0,4,"F,S",869,1224,2025-07-13 02:00:00,2025-07-13 02:00:00
1,10718,KM2,2025-07-13 04:09:51,2025-07-13 04:51:15,2484,1059,700119,5,10269202059,649,649,690,2484,0.901,0.427,0,40,2025-07-13,10718,10718,0,0,4,F,1177,247,2025-07-13 04:09:51,2025-07-13 04:09:51
1,10719,KM2,2025-07-13 05:02:15,2025-07-13 05:53:31,3076,1312,700119,1,10269202059,804,804,956,3076,1.014,0.427,0,40,2025-07-13,10719,10719,0,0,4,"F,S",736,1027,2025-07-13 05:02:15,2025-07-13 05:02:15
1,10720,KM2,2025-07-13 06:49:31,2025-07-13 07:38:52,2961,1263,700119,8,10269202059,774,774,939,2961,0.986,0.427,0,40,2025-07-13,10720,10720,0,0,3,F,1356,341,2025-07-13 06:49:31,2025-07-13 06:49:31
