WorkRecordID,StoppageType,StoppageNo,PointEnd,StoppageTime,StoppageCount
10000,1,10,2025-06-10 12:37:00,1257,1
10000,3,0,2025-06-10 12:37:00,963,1
10000,2,0,2025-06-10 12:37:00,110432,1
10001,1,19,2025-06-10 14:42:28,2836,1
10001,3,0,2025-06-10 14:42:28,2172,1
10001,0,0,2025-06-10 14:42:28,19,2
10002,1,6,2025-06-10 16:34:16,1118,1
10002,1,1,2025-06-10 16:34:16,914,1
10002,3,0,2025-06-10 16:34:16,1556,1
10003,1,17,2025-06-10 18:20:19,2923,1
10003,3,0,2025-06-10 18:20:19,2240,1
10003,2,0,2025-06-10 18:20:19,172011,1
10004,1,10,2025-08-23 01:44:08,592,1
10004,1,15,2025-08-23 01:44:08,1034,1
10004,3,0,2025-08-23 01:44:08,1022,1
10004,0,0,2025-08-23 01:44:08,206,1
10005,1,7,2025-08-23 03:32:23,430,1
10005,1,6,2025-08-23 03:32:23,389,1
10005,1,12,2025-08-23 03:32:23,775,1
10005,3,0,2025-08-23 03:32:23,1001,1
10006,1,17,2025-08-23 05:18:08,564,1
10006,1,7,2025-08-23 05:18:08,244,1
10006,1,18,2025-08-23 05:18:08,178,1
10006,3,0,2025-08-23 05:18:08,619,1
10006,0,0,2025-08-23 05:18:08,94,3
10007,1,8,2025-08-23 06:38:50,2163,1
10007,3,0,2025-08-23 06:38:50,1359,1
10008,1,18,2025-08-07 01:44:09,696,1
10008,1,7,2025-08-07 01:44:09,772,1
10008,3,0,2025-08-07 01:44:09,1181,1
10009,1,7,2025-08-07 04:21:15,3194,1
10009,3,0,2025-08-07 04:21:15,2572,1
10010,1,18,2025-08-07 06:35:21,3227,1
10010,3,0,2025-08-07 06:35:21,2599,1
10010,2,0,2025-08-07 06:35:21,182499,1
10011,1,0,2025-08-07 08:32:19,730,1
10011,1,19,2025-08-07 08:32:19,604,1
10011,1,10,2025-08-07 08:32:19,593,1
10011,3,0,2025-08-07 08:32:19,1551,1
10012,1,7,2025-08-07 09:20:24,372,1
10012,1,17,2025-08-07 09:20:24,396,1
10012,3,0,2025-08-07 09:20:24,617,1
10013,1,7,2025-08-07 12:16:39,1136,1
10013,1,14,2025-08-07 12:16:39,955,1
10013,1,8,2025-08-07 12:16:39,1141,1
10013,3,0,2025-08-07 12:16:39,2603,1
10014,1,14,2025-08-07 13:34:04,236,1
10014,1,5,2025-08-07 13:34:04,89,1
10014,1,18,2025-08-07 13:34:04,121,1
10014,3,0,2025-08-07 13:34:04,359,1
10015,1,0,2025-08-07 14:56:01,102,1
10015,1,16,2025-08-07 14:56:01,179,1
10015,1,6,2025-08-07 14:56:01,216,1
10015,3,0,2025-08-07 14:56:01,400,1
10015,2,0,2025-08-07 14:56:01,154759,1
10016,1,13,2025-07-28 14:15:13,159,1
10016,1,12,2025-07-28 14:15:13,211,1
10016,1,2,2025-07-28 14:15:13,166,1
10016,3,0,2025-07-28 14:15:13,377,1
10017,1,8,2025-07-28 16:58:02,1339,1
10017,1,6,2025-07-28 16:58:02,745,1
10017,1,6,2025-07-28 16:58:02,1150,1
10017,3,0,2025-07-28 16:58:02,2275,1
10017,2,0,2025-07-28 16:58:02,192912,1
10018,1,13,2025-07-28 19:18:58,1386,1
10018,1,7,2025-07-28 19:18:58,347,1
10018,1,16,2025-07-28 19:18:58,660,1
10018,3,0,2025-07-28 19:18:58,1683,1
10019,1,1,2025-07-28 21:24:20,1631,1
10019,1,3,2025-07-28 21:24:20,731,1
10019,1,4,2025-07-28 21:24:20,504,1
10019,3,0,2025-07-28 21:24:20,2016,1
10019,2,0,2025-07-28 21:24:20,113710,1
10020,1,2,2025-07-28 22:16:53,333,1
10020,1,14,2025-07-28 22:16:53,356,1
10020,3,0,2025-07-28 22:16:53,484,1
10020,2,0,2025-07-28 22:16:53,83017,1
10021,1,16,2025-07-28 23:04:19,1213,1
10021,3,0,2025-07-28 23:04:19,853,1
10021,0,0,2025-07-28 23:04:19,246,2
10021,2,0,2025-07-28 23:04:19,46669,1
10022,1,15,2025-07-29 01:22:13,1206,1
10022,1,10,2025-07-29 01:22:13,1067,1
10022,1,13,2025-07-29 01:22:13,928,1
10022,3,0,2025-07-29 01:22:13,2253,1
10023,1,17,2025-08-26 20:58:43,2510,1
10023,3,0,2025-08-26 20:58:43,1013,1
10023,0,0,2025-08-26 20:58:43,196,2
10024,1,11,2025-08-26 22:17:22,2849,1
10024,3,0,2025-08-26 22:17:22,1150,1
10025,1,6,2025-08-26 23:14:37,554,1
10025,1,14,2025-08-26 23:14:37,1679,1
10025,3,0,2025-08-26 23:14:37,902,1
10025,2,0,2025-08-26 23:14:37,148278,1
10026,1,1,2025-08-27 01:28:44,475,1
10026,1,7,2025-08-27 01:28:44,1795,1
10026,3,0,2025-08-27 01:28:44,917,1
10026,0,0,2025-08-27 01:28:44,81,4
10026,2,0,2025-08-27 01:28:44,41519,1
10027,1,3,2025-09-22 04:47:02,503,1
10027,1,11,2025-09-22 04:47:02,231,1
10027,1,4,2025-09-22 04:47:02,746,1
10027,3,0,2025-09-22 04:47:02,1342,1
10028,1,17,2025-09-22 07:21:30,825,1
10028,1,8,2025-09-22 07:21:30,364,1
10028,1,5,2025-09-22 07:21:30,1091,1
10028,3,0,2025-09-22 07:21:30,2068,1
10029,1,11,2025-09-22 07:50:13,401,1
10029,3,0,2025-09-22 07:50:13,362,1
10030,1,17,2025-06-15 22:11:53,107,1
10030,1,19,2025-06-15 22:11:53,111,1
10030,1,0,2025-06-15 22:11:53,239,1
10030,3,0,2025-06-15 22:11:53,256,1
10031,1,5,2025-06-15 23:40:21,251,1
10031,1,18,2025-06-15 23:40:21,882,1
10031,3,0,2025-06-15 23:40:21,635,1
10031,0,0,2025-06-15 23:40:21,144,4
10031,2,0,2025-06-15 23:40:21,38955,1
10032,1,18,2025-06-16 01:58:45,3705,1
10032,3,0,2025-06-16 01:58:45,2079,1
10033,1,7,2025-06-16 02:46:52,516,1
10033,1,6,2025-06-16 02:46:52,233,1
10033,1,3,2025-06-16 02:46:52,678,1
10033,3,0,2025-06-16 02:46:52,800,1
10034,1,5,2025-06-16 03:36:29,494,1
10034,1,7,2025-06-16 03:36:29,185,1
10034,1,5,2025-06-16 03:36:29,152,1
10034,3,0,2025-06-16 03:36:29,466,1
10035,1,3,2025-06-16 05:07:10,480,1
10035,1,10,2025-06-16 05:07:10,255,1
10035,1,16,2025-06-16 05:07:10,560,1
10035,3,0,2025-06-16 05:07:10,726,1
10035,0,0,2025-06-16 05:07:10,261,4
10035,2,0,2025-06-16 05:07:10,158127,1
10036,1,8,2025-06-16 07:31:28,3164,1
10036,3,0,2025-06-16 07:31:28,1774,1
10037,1,16,2025-09-14 19:35:01,2867,1
10037,3,0,2025-09-14 19:35:01,2834,1
10037,2,0,2025-09-14 19:35:01,13580,1
10038,1,12,2025-09-14 20:47:10,1906,1
10038,3,0,2025-09-14 20:47:10,1883,1
10039,1,4,2025-09-14 21:58:37,1311,1
10039,3,0,2025-09-14 21:58:37,1296,1
10039,2,0,2025-09-14 21:58:37,21373,1
10040,1,1,2025-09-14 23:43:08,711,1
10040,1,10,2025-09-14 23:43:08,1206,1
10040,3,0,2025-09-14 23:43:08,1894,1
10041,1,1,2025-09-15 01:19:49,531,1
10041,1,14,2025-09-15 01:19:49,1084,1
10041,1,5,2025-09-15 01:19:49,759,1
10041,3,0,2025-09-15 01:19:49,2347,1
10041,2,0,2025-09-15 01:19:49,69737,1
10042,1,17,2025-09-15 03:56:39,1358,1
10042,1,8,2025-09-15 03:56:39,930,1
10042,3,0,2025-09-15 03:56:39,2262,1
10042,2,0,2025-09-15 03:56:39,130411,1
10043,1,9,2025-06-17 10:09:37,2551,1
10043,3,0,2025-06-17 10:09:37,1626,1
10043,0,0,2025-06-17 10:09:37,36,3
10044,1,14,2025-06-17 11:30:23,578,1
10044,3,0,2025-06-17 11:30:23,368,1
10044,2,0,2025-06-17 11:30:23,28301,1
10045,1,0,2025-06-17 12:47:23,568,1
10045,1,9,2025-06-17 12:47:23,124,1
10045,1,2,2025-06-17 12:47:23,371,1
10045,3,0,2025-06-17 12:47:23,677,1
10045,2,0,2025-06-17 12:47:23,197184,1
10046,1,19,2025-06-17 14:36:23,2492,1
10046,3,0,2025-06-17 14:36:23,1588,1
10046,0,0,2025-06-17 14:36:23,283,3
10046,2,0,2025-06-17 14:36:23,166340,1
10047,1,11,2025-06-17 16:50:40,764,1
10047,1,9,2025-06-17 16:50:40,534,1
10047,1,18,2025-06-17 16:50:40,1058,1
10047,3,0,2025-06-17 16:50:40,1501,1
10047,2,0,2025-06-17 16:50:40,194145,1
10048,1,4,2025-06-17 18:34:34,701,1
10048,1,5,2025-06-17 18:34:34,466,1
10048,1,8,2025-06-17 18:34:34,1577,1
10048,3,0,2025-06-17 18:34:34,1750,1
10049,1,14,2025-10-07 13:44:19,819,1
10049,1,7,2025-10-07 13:44:19,789,1
10049,3,0,2025-10-07 13:44:19,1051,1
10049,0,0,2025-10-07 13:44:19,241,1
10050,1,18,2025-10-07 16:25:38,3386,1
10050,3,0,2025-10-07 16:25:38,2213,1
10051,1,18,2025-10-07 17:09:44,417,1
10051,1,1,2025-10-07 17:09:44,349,1
10051,3,0,2025-10-07 17:09:44,500,1
10051,2,0,2025-10-07 17:09:44,147973,1
10052,1,14,2025-10-07 19:37:17,1272,1
10052,1,10,2025-10-07 19:37:17,1059,1
10052,1,4,2025-10-07 19:37:17,1136,1
10052,3,0,2025-10-07 19:37:17,2266,1
10052,2,0,2025-10-07 19:37:17,197513,1
10053,1,16,2025-10-07 22:12:30,1598,1
10053,1,3,2025-10-07 22:12:30,696,1
10053,1,14,2025-10-07 22:12:30,580,1
10053,3,0,2025-10-07 22:12:30,1879,1
10053,2,0,2025-10-07 22:12:30,128894,1
10054,1,6,2025-10-07 23:30:45,536,1
10054,1,1,2025-10-07 23:30:45,1287,1
10054,3,0,2025-10-07 23:30:45,1192,1
10055,1,5,2025-10-08 01:26:13,1618,1
10055,1,6,2025-10-08 01:26:13,1737,1
10055,3,0,2025-10-08 01:26:13,2193,1
10056,1,19,2025-10-08 03:07:59,3583,1
10056,3,0,2025-10-08 03:07:59,2343,1
10056,0,0,2025-10-08 03:07:59,297,2
10056,2,0,2025-10-08 03:07:59,111219,1
10057,1,10,2025-07-18 10:24:09,486,1
10057,1,17,2025-07-18 10:24:09,947,1
10057,1,8,2025-07-18 10:24:09,922,1
10057,3,0,2025-07-18 10:24:09,2694,1
10057,2,0,2025-07-18 10:24:09,66411,1
10058,1,12,2025-07-18 12:09:45,2480,1
10058,3,0,2025-07-18 12:09:45,2836,1
10059,1,9,2025-07-18 14:05:41,469,1
10059,1,13,2025-07-18 14:05:41,425,1
10059,3,0,2025-07-18 14:05:41,1022,1
10060,1,18,2025-07-18 16:27:01,718,1
10060,1,18,2025-07-18 16:27:01,1866,1
10060,3,0,2025-07-18 16:27:01,2956,1
10061,1,12,2025-07-18 18:21:15,2582,1
10061,3,0,2025-07-18 18:21:15,2952,1
10062,1,8,2025-07-18 20:49:56,2063,1
10062,3,0,2025-07-18 20:49:56,2358,1
10063,1,17,2025-07-18 21:22:14,485,1
10063,3,0,2025-07-18 21:22:14,553,1
10064,1,1,2025-07-19 00:12:31,2639,1
10064,3,0,2025-07-19 00:12:31,3018,1
10064,0,0,2025-07-19 00:12:31,228,1
10065,1,7,2025-10-12 18:07:55,1328,1
10065,1,8,2025-10-12 18:07:55,1030,1
10065,3,0,2025-10-12 18:07:55,1717,1
10065,0,0,2025-10-12 18:07:55,32,4
10066,1,3,2025-10-12 20:37:37,747,1
10066,1,15,2025-10-12 20:37:37,542,1
10066,1,14,2025-10-12 20:37:37,1305,1
10066,3,0,2025-10-12 20:37:37,1888,1
10066,0,0,2025-10-12 20:37:37,292,4
10067,1,0,2025-10-12 21:05:29,316,1
10067,1,5,2025-10-12 21:05:29,133,1
10067,1,6,2025-10-12 21:05:29,102,1
10067,3,0,2025-10-12 21:05:29,401,1
10068,1,0,2025-10-12 21:57:25,519,1
10068,3,0,2025-10-12 21:57:25,377,1
10069,1,18,2025-10-12 23:33:38,642,1
10069,1,0,2025-10-12 23:33:38,1449,1
10069,3,0,2025-10-12 23:33:38,1522,1
10070,1,11,2025-10-13 01:42:08,1085,1
10070,1,8,2025-10-13 01:42:08,1641,1
10070,3,0,2025-10-13 01:42:08,1984,1
10070,0,0,2025-10-13 01:42:08,279,3
10070,2,0,2025-10-13 01:42:08,182408,1
10071,1,13,2025-10-13 02:55:56,557,1
10071,1,7,2025-10-13 02:55:56,107,1
10071,1,15,2025-10-13 02:55:56,302,1
10071,3,0,2025-10-13 02:55:56,702,1
10071,0,0,2025-10-13 02:55:56,160,1
10072,1,13,2025-09-18 04:07:45,1343,1
10072,3,0,2025-09-18 04:07:45,2722,1
10072,0,0,2025-09-18 04:07:45,148,4
10072,2,0,2025-09-18 04:07:45,32022,1
10073,1,2,2025-09-18 05:29:53,954,1
10073,3,0,2025-09-18 05:29:53,1934,1
10073,2,0,2025-09-18 05:29:53,68361,1
10074,1,0,2025-09-18 07:26:10,878,1
10074,3,0,2025-09-18 07:26:10,1779,1
10074,0,0,2025-09-18 07:26:10,89,2
10075,1,7,2025-09-18 08:43:39,711,1
10075,1,18,2025-09-18 08:43:39,745,1
10075,3,0,2025-09-18 08:43:39,2953,1
10075,2,0,2025-09-18 08:43:39,88530,1
10076,1,4,2025-09-18 11:02:38,788,1
10076,1,13,2025-09-18 11:02:38,619,1
10076,3,0,2025-09-18 11:02:38,2852,1
10076,2,0,2025-09-18 11:02:38,91062,1
10077,1,17,2025-09-18 12:01:56,308,1
10077,1,6,2025-09-18 12:01:56,332,1
10077,3,0,2025-09-18 12:01:56,1298,1
10077,2,0,2025-09-18 12:01:56,138913,1
10078,1,14,2025-09-18 13:26:15,282,1
10078,1,17,2025-09-18 13:26:15,953,1
10078,3,0,2025-09-18 13:26:15,2504,1
10079,1,3,2025-07-09 02:38:10,408,1
10079,1,7,2025-07-09 02:38:10,997,1
10079,3,0,2025-07-09 02:38:10,885,1
10080,1,6,2025-07-09 04:16:29,895,1
10080,3,0,2025-07-09 04:16:29,564,1
10080,0,0,2025-07-09 04:16:29,151,1
10081,1,17,2025-07-09 05:11:36,1035,1
10081,3,0,2025-07-09 05:11:36,652,1
10081,0,0,2025-07-09 05:11:36,178,2
10081,2,0,2025-07-09 05:11:36,45318,1
10082,1,15,2025-07-09 07:21:10,591,1
10082,1,1,2025-07-09 07:21:10,886,1
10082,1,0,2025-07-09 07:21:10,862,1
10082,3,0,2025-07-09 07:21:10,1475,1
10082,2,0,2025-07-09 07:21:10,199793,1
10083,1,8,2025-07-09 09:02:04,1019,1
10083,1,11,2025-07-09 09:02:04,1479,1
10083,3,0,2025-07-09 09:02:04,1576,1
10083,2,0,2025-07-09 09:02:04,179753,1
10084,1,9,2025-07-09 11:18:43,1686,1
10084,1,13,2025-07-09 11:18:43,1612,1
10084,3,0,2025-07-09 11:18:43,2081,1
10085,1,3,2025-07-09 12:12:47,719,1
10085,1,16,2025-07-09 12:12:47,498,1
10085,3,0,2025-07-09 12:12:47,767,1
10085,2,0,2025-07-09 12:12:47,161555,1
10086,1,8,2025-07-09 12:55:09,897,1
10086,3,0,2025-07-09 12:55:09,565,1
10087,1,3,2025-07-09 14:30:13,2541,1
10087,3,0,2025-07-09 14:30:13,1603,1
10087,2,0,2025-07-09 14:30:13,171747,1
10088,1,6,2025-07-09 22:07:35,2593,1
10088,3,0,2025-07-09 22:07:35,1462,1
10088,0,0,2025-07-09 22:07:35,261,3
10089,1,15,2025-07-10 00:03:18,427,1
10089,1,1,2025-07-10 00:03:18,713,1
10089,3,0,2025-07-10 00:03:18,643,1
10090,1,18,2025-07-10 01:06:32,1966,1
10090,3,0,2025-07-10 01:06:32,1108,1
10090,0,0,2025-07-10 01:06:32,232,1
10091,1,16,2025-07-10 02:24:46,505,1
10091,1,4,2025-07-10 02:24:46,387,1
10091,3,0,2025-07-10 02:24:46,502,1
10091,2,0,2025-07-10 02:24:46,48056,1
10092,1,19,2025-07-10 04:14:10,3468,1
10092,3,0,2025-07-10 04:14:10,1956,1
10093,1,9,2025-07-10 06:58:15,3648,1
10093,3,0,2025-07-10 06:58:15,2057,1
10093,2,0,2025-07-10 06:58:15,95382,1
10094,1,15,2025-09-11 06:18:40,783,1
10094,1,6,2025-09-11 06:18:40,1199,1
10094,3,0,2025-09-11 06:18:40,2738,1
10095,1,16,2025-09-11 08:07:52,1013,1
10095,3,0,2025-09-11 08:07:52,1399,1
10095,2,0,2025-09-11 08:07:52,14617,1
10096,1,6,2025-09-11 10:01:10,1120,1
10096,1,10,2025-09-11 10:01:10,457,1
10096,1,3,2025-09-11 10:01:10,320,1
10096,3,0,2025-09-11 10:01:10,2621,1
10097,1,7,2025-09-11 11:17:45,344,1
10097,1,18,2025-09-11 11:17:45,326,1
10097,3,0,2025-09-11 11:17:45,925,1
10097,0,0,2025-09-11 11:17:45,194,4
10098,1,3,2025-09-11 13:52:46,847,1
10098,1,10,2025-09-11 13:52:46,1043,1
10098,3,0,2025-09-11 13:52:46,2611,1
10098,2,0,2025-09-11 13:52:46,82236,1
10099,1,19,2025-07-06 15:30:36,1062,1
10099,3,0,2025-07-06 15:30:36,774,1
10100,1,6,2025-07-06 17:21:57,2891,1
10100,3,0,2025-07-06 17:21:57,2110,1
10100,2,0,2025-07-06 17:21:57,167172,1
10101,1,7,2025-07-06 19:33:18,706,1
10101,1,0,2025-07-06 19:33:18,508,1
10101,1,18,2025-07-06 19:33:18,706,1
10101,3,0,2025-07-06 19:33:18,1401,1
10101,2,0,2025-07-06 19:33:18,127629,1
10102,1,0,2025-07-06 21:31:54,766,1
10102,1,11,2025-07-06 21:31:54,1544,1
10102,3,0,2025-07-06 21:31:54,1686,1
10102,0,0,2025-07-06 21:31:54,86,3
10103,1,12,2025-07-06 22:57:00,416,1
10103,1,5,2025-07-06 22:57:00,559,1
10103,3,0,2025-07-06 22:57:00,711,1
10103,2,0,2025-07-06 22:57:00,114576,1
10104,1,15,2025-07-06 23:20:22,192,1
10104,1,4,2025-07-06 23:20:22,237,1
10104,3,0,2025-07-06 23:20:22,313,1
10104,2,0,2025-07-06 23:20:22,137740,1
10105,1,18,2025-07-07 01:12:57,3038,1
10105,3,0,2025-07-07 01:12:57,2217,1
10106,1,9,2025-07-07 02:15:52,325,1
10106,1,6,2025-07-07 02:15:52,143,1
10106,1,10,2025-07-07 02:15:52,119,1
10106,3,0,2025-07-07 02:15:52,428,1
10107,1,2,2025-06-14 03:01:30,623,1
10107,1,3,2025-06-14 03:01:30,666,1
10107,1,10,2025-06-14 03:01:30,1170,1
10107,3,0,2025-06-14 03:01:30,1231,1
10108,1,17,2025-06-14 05:06:40,3285,1
10108,3,0,2025-06-14 05:06:40,1645,1
10108,2,0,2025-06-14 05:06:40,198172,1
10109,1,3,2025-06-14 05:19:10,233,1
10109,1,15,2025-06-14 05:19:10,187,1
10109,3,0,2025-06-14 05:19:10,210,1
10109,0,0,2025-06-14 05:19:10,118,3
10109,2,0,2025-06-14 05:19:10,99535,1
10110,1,16,2025-06-14 06:19:10,860,1
10110,1,1,2025-06-14 06:19:10,579,1
10110,3,0,2025-06-14 06:19:10,721,1
10111,1,19,2025-09-03 21:31:02,807,1
10111,3,0,2025-09-03 21:31:02,1055,1
10111,2,0,2025-09-03 21:31:02,42093,1
10112,1,7,2025-09-03 23:50:44,1098,1
10112,1,5,2025-09-03 23:50:44,921,1
10112,3,0,2025-09-03 23:50:44,2643,1
10112,2,0,2025-09-03 23:50:44,187696,1
10113,1,7,2025-09-04 02:02:29,2072,1
10113,3,0,2025-09-04 02:02:29,2713,1
10113,0,0,2025-09-04 02:02:29,106,1
10113,2,0,2025-09-04 02:02:29,192484,1
10114,1,8,2025-08-02 08:12:43,1082,1
10114,1,8,2025-08-02 08:12:43,791,1
10114,1,19,2025-08-02 08:12:43,871,1
10114,3,0,2025-08-02 08:12:43,1619,1
10115,1,2,2025-08-02 10:46:51,1632,1
10115,1,16,2025-08-02 10:46:51,506,1
10115,1,17,2025-08-02 10:46:51,1376,1
10115,3,0,2025-08-02 10:46:51,2074,1
10115,2,0,2025-08-02 10:46:51,51016,1
10116,1,13,2025-08-02 13:22:12,1134,1
10116,1,9,2025-08-02 13:22:12,379,1
10116,1,13,2025-08-02 13:22:12,1254,1
10116,3,0,2025-08-02 13:22:12,1634,1
10117,1,19,2025-08-02 15:02:30,141,1
10117,1,13,2025-08-02 15:02:30,165,1
10117,1,12,2025-08-02 15:02:30,309,1
10117,3,0,2025-08-02 15:02:30,363,1
10118,1,12,2025-08-02 16:54:10,1561,1
10118,1,3,2025-08-02 16:54:10,1181,1
10118,3,0,2025-08-02 16:54:10,1618,1
10118,2,0,2025-08-02 16:54:10,172576,1
10119,1,6,2025-08-02 18:56:54,3121,1
10119,3,0,2025-08-02 18:56:54,1843,1
10119,0,0,2025-08-02 18:56:54,97,4
10120,1,3,2025-08-02 20:05:18,715,1
10120,1,15,2025-08-02 20:05:18,746,1
10120,1,14,2025-08-02 20:05:18,554,1
10120,3,0,2025-08-02 20:05:18,1189,1
10121,1,18,2025-08-02 20:58:54,425,1
10121,1,19,2025-08-02 20:58:54,918,1
10121,3,0,2025-08-02 20:58:54,793,1
10121,0,0,2025-08-02 20:58:54,14,1
10122,1,3,2025-10-13 19:17:57,865,1
10122,1,12,2025-10-13 19:17:57,698,1
10122,1,2,2025-10-13 19:17:57,1026,1
10122,3,0,2025-10-13 19:17:57,2088,1
10122,2,0,2025-10-13 19:17:57,163220,1
10123,1,0,2025-10-13 21:35:14,1936,1
10123,3,0,2025-10-13 21:35:14,1561,1
10123,2,0,2025-10-13 21:35:14,120620,1
10124,1,15,2025-10-13 23:51:38,597,1
10124,1,7,2025-10-13 23:51:38,1044,1
10124,3,0,2025-10-13 23:51:38,1323,1
10125,1,3,2025-10-14 02:01:17,2878,1
10125,3,0,2025-10-14 02:01:17,2321,1
10125,0,0,2025-10-14 02:01:17,36,4
10125,2,0,2025-10-14 02:01:17,51052,1
10126,1,6,2025-10-14 03:48:33,171,1
10126,1,1,2025-10-14 03:48:33,469,1
10126,3,0,2025-10-14 03:48:33,516,1
10126,2,0,2025-10-14 03:48:33,42767,1
10127,1,0,2025-10-18 20:00:45,648,1
10127,1,18,2025-10-18 20:00:45,1743,1
10127,3,0,2025-10-18 20:00:45,1254,1
10127,0,0,2025-10-18 20:00:45,95,2
10128,1,13,2025-10-18 21:57:03,907,1
10128,1,9,2025-10-18 21:57:03,798,1
10128,3,0,2025-10-18 21:57:03,893,1
10129,1,12,2025-10-18 23:07:48,1041,1
10129,1,0,2025-10-18 23:07:48,957,1
10129,3,0,2025-10-18 23:07:48,1047,1
10130,1,6,2025-10-19 01:02:09,1508,1
10130,1,14,2025-10-19 01:02:09,1537,1
10130,3,0,2025-10-19 01:02:09,1596,1
10130,0,0,2025-10-19 01:02:09,208,4
10130,2,0,2025-10-19 01:02:09,31992,1
10131,1,6,2025-10-19 02:02:06,840,1
10131,1,16,2025-10-19 02:02:06,1087,1
10131,3,0,2025-10-19 02:02:06,1010,1
10131,0,0,2025-10-19 02:02:06,52,3
10131,2,0,2025-10-19 02:02:06,146744,1
10132,1,16,2025-10-19 03:45:46,1719,1
10132,3,0,2025-10-19 03:45:46,901,1
10132,2,0,2025-10-19 03:45:46,66509,1
10133,1,16,2025-07-02 08:32:59,201,1
10133,1,10,2025-07-02 08:32:59,728,1
10133,3,0,2025-07-02 08:32:59,1050,1
10133,2,0,2025-07-02 08:32:59,47865,1
10134,1,18,2025-07-02 09:45:03,368,1
10134,3,0,2025-07-02 09:45:03,416,1
10135,1,3,2025-07-02 11:57:45,1166,1
10135,1,8,2025-07-02 11:57:45,1022,1
10135,3,0,2025-07-02 11:57:45,2474,1
10135,0,0,2025-07-02 11:57:45,107,4
10135,2,0,2025-07-02 11:57:45,138017,1
10136,1,0,2025-07-02 12:53:57,795,1
10136,3,0,2025-07-02 12:53:57,897,1
10136,2,0,2025-07-02 12:53:57,133835,1
10137,1,15,2025-07-02 14:02:06,147,1
10137,1,1,2025-07-02 14:02:06,98,1
10137,1,9,2025-07-02 14:02:06,154,1
10137,3,0,2025-07-02 14:02:06,450,1
10137,0,0,2025-07-02 14:02:06,59,3
10138,1,16,2025-07-02 15:40:18,2062,1
10138,3,0,2025-07-02 15:40:18,2330,1
10139,1,2,2025-07-02 16:52:40,658,1
10139,3,0,2025-07-02 16:52:40,744,1
10139,2,0,2025-07-02 16:52:40,165846,1
10140,1,14,2025-07-02 18:46:05,2631,1
10140,3,0,2025-07-02 18:46:05,2974,1
10141,1,4,2025-10-24 18:38:37,374,1
10141,1,13,2025-10-24 18:38:37,947,1
10141,3,0,2025-10-24 18:38:37,996,1
10141,0,0,2025-10-24 18:38:37,131,3
10142,1,1,2025-10-24 20:04:04,458,1
10142,1,17,2025-10-24 20:04:04,231,1
10142,1,11,2025-10-24 20:04:04,285,1
10142,3,0,2025-10-24 20:04:04,733,1
10143,1,11,2025-10-24 20:38:51,609,1
10143,3,0,2025-10-24 20:38:51,458,1
10143,0,0,2025-10-24 20:38:51,23,2
10144,1,12,2025-11-01 03:07:39,1186,1
10144,1,14,2025-11-01 03:07:39,1060,1
10144,3,0,2025-11-01 03:07:39,1813,1
10144,2,0,2025-11-01 03:07:39,150802,1
10145,1,9,2025-11-01 04:03:24,1453,1
10145,3,0,2025-11-01 04:03:24,1172,1
10145,0,0,2025-11-01 04:03:24,194,3
10145,2,0,2025-11-01 04:03:24,159687,1
10146,1,0,2025-11-01 05:18:34,262,1
10146,1,8,2025-11-01 05:18:34,176,1
10146,3,0,2025-11-01 05:18:34,352,1
10146,2,0,2025-11-01 05:18:34,33521,1
10147,1,19,2025-11-01 07:26:13,628,1
10147,1,1,2025-11-01 07:26:13,2414,1
10147,3,0,2025-11-01 07:26:13,2457,1
10147,2,0,2025-11-01 07:26:13,137598,1
10148,1,0,2025-11-01 09:01:20,528,1
10148,1,6,2025-11-01 09:01:20,1933,1
10148,3,0,2025-11-01 09:01:20,1986,1
10149,1,11,2025-11-01 10:54:28,2926,1
10149,3,0,2025-11-01 10:54:28,2362,1
10150,1,16,2025-11-01 12:59:35,578,1
10150,1,4,2025-11-01 12:59:35,877,1
10150,1,12,2025-11-01 12:59:35,607,1
10150,3,0,2025-11-01 12:59:35,1665,1
10151,1,3,2025-11-01 15:07:06,689,1
10151,1,5,2025-11-01 15:07:06,202,1
10151,1,11,2025-11-01 15:07:06,521,1
10151,3,0,2025-11-01 15:07:06,1139,1
10152,1,11,2025-10-15 13:47:18,633,1
10152,1,1,2025-10-15 13:47:18,398,1
10152,1,0,2025-10-15 13:47:18,817,1
10152,3,0,2025-10-15 13:47:18,990,1
10152,2,0,2025-10-15 13:47:18,14041,1
10153,1,16,2025-10-15 15:21:48,682,1
10153,1,12,2025-10-15 15:21:48,1604,1
10153,3,0,2025-10-15 15:21:48,1224,1
10154,1,5,2025-10-15 17:00:17,1297,1
10154,1,15,2025-10-15 17:00:17,378,1
10154,1,17,2025-10-15 17:00:17,1275,1
10154,3,0,2025-10-15 17:00:17,1579,1
10155,1,12,2025-10-15 19:26:23,2700,1
10155,3,0,2025-10-15 19:26:23,1446,1
10156,1,9,2025-10-15 21:17:32,593,1
10156,1,18,2025-10-15 21:17:32,978,1
10156,1,13,2025-10-15 21:17:32,1131,1
10156,3,0,2025-10-15 21:17:32,1447,1
10156,2,0,2025-10-15 21:17:32,123202,1
10157,1,12,2025-10-13 20:12:23,1248,1
10157,1,18,2025-10-13 20:12:23,698,1
10157,1,1,2025-10-13 20:12:23,693,1
10157,3,0,2025-10-13 20:12:23,1704,1
10158,1,12,2025-10-13 21:56:27,645,1
10158,1,11,2025-10-13 21:56:27,1001,1
10158,1,2,2025-10-13 21:56:27,763,1
10158,3,0,2025-10-13 21:56:27,1555,1
10158,0,0,2025-10-13 21:56:27,97,4
10159,1,6,2025-10-14 00:24:27,1292,1
10159,1,13,2025-10-14 00:24:27,544,1
10159,1,2,2025-10-14 00:24:27,643,1
10159,3,0,2025-10-14 00:24:27,1601,1
10159,0,0,2025-10-14 00:24:27,128,4
10160,1,1,2025-10-14 02:18:27,1325,1
10160,1,3,2025-10-14 02:18:27,931,1
10160,1,6,2025-10-14 02:18:27,989,1
10160,3,0,2025-10-14 02:18:27,2095,1
10160,0,0,2025-10-14 02:18:27,178,2
10161,1,14,2025-09-30 20:22:46,844,1
10161,3,0,2025-09-30 20:22:46,522,1
10161,0,0,2025-09-30 20:22:46,214,4
10162,1,5,2025-09-30 21:47:16,370,1
10162,1,8,2025-09-30 21:47:16,226,1
10162,1,8,2025-09-30 21:47:16,609,1
10162,3,0,2025-09-30 21:47:16,745,1
10162,2,0,2025-09-30 21:47:16,61456,1
10163,1,13,2025-09-30 23:43:11,858,1
10163,1,9,2025-09-30 23:43:11,493,1
10163,1,10,2025-09-30 23:43:11,351,1
10163,3,0,2025-09-30 23:43:11,1053,1
10164,1,9,2025-10-01 01:16:57,1105,1
10164,1,13,2025-10-01 01:16:57,679,1
10164,1,8,2025-10-01 01:16:57,653,1
10164,3,0,2025-10-01 01:16:57,1509,1
10164,2,0,2025-10-01 01:16:57,151460,1
10165,1,7,2025-10-01 02:48:26,204,1
10165,1,0,2025-10-01 02:48:26,481,1
10165,3,0,2025-10-01 02:48:26,424,1
10166,1,11,2025-10-01 05:15:44,819,1
10166,1,2,2025-10-01 05:15:44,857,1
10166,1,17,2025-10-01 05:15:44,596,1
10166,3,0,2025-10-01 05:15:44,1406,1
10167,1,12,2025-10-01 07:09:03,951,1
10167,1,14,2025-10-01 07:09:03,773,1
10167,1,1,2025-10-01 07:09:03,622,1
10167,3,0,2025-10-01 07:09:03,1453,1
10168,1,16,2025-10-01 08:51:58,1111,1
10168,1,10,2025-10-01 08:51:58,423,1
10168,1,16,2025-10-01 08:51:58,390,1
10168,3,0,2025-10-01 08:51:58,1191,1
10168,2,0,2025-10-01 08:51:58,104998,1
10169,1,0,2025-10-01 10:19:04,1671,1
10169,3,0,2025-10-01 10:19:04,1035,1
10169,0,0,2025-10-01 10:19:04,278,2
10169,2,0,2025-10-01 10:19:04,163781,1
10170,1,6,2025-10-13 10:47:20,767,1
10170,1,2,2025-10-13 10:47:20,274,1
10170,1,10,2025-10-13 10:47:20,240,1
10170,3,0,2025-10-13 10:47:20,1559,1
10170,2,0,2025-10-13 10:47:20,101863,1
10171,1,15,2025-10-13 12:18:03,1210,1
10171,3,0,2025-10-13 12:18:03,1473,1
10171,0,0,2025-10-13 12:18:03,85,2
10171,2,0,2025-10-13 12:18:03,142040,1
10172,1,14,2025-10-13 14:12:30,1040,1
10172,3,0,2025-10-13 14:12:30,1267,1
10173,1,17,2025-10-13 14:34:00,501,1
10173,3,0,2025-10-13 14:34:00,609,1
10174,1,14,2025-10-13 15:44:24,939,1
10174,1,13,2025-10-13 15:44:24,668,1
10174,3,0,2025-10-13 15:44:24,1957,1
10174,0,0,2025-10-13 15:44:24,208,3
10175,1,4,2025-10-14 20:43:29,1722,1
10175,3,0,2025-10-14 20:43:29,887,1
10175,2,0,2025-10-14 20:43:29,87197,1
10176,1,10,2025-10-14 21:44:06,301,1
10176,1,10,2025-10-14 21:44:06,1030,1
10176,3,0,2025-10-14 21:44:06,686,1
10176,2,0,2025-10-14 21:44:06,198894,1
10177,1,8,2025-10-14 23:33:36,3068,1
10177,3,0,2025-10-14 23:33:36,1582,1
10177,2,0,2025-10-14 23:33:36,194189,1
10178,1,11,2025-07-11 00:38:31,3382,1
10178,3,0,2025-07-11 00:38:31,2529,1
10178,2,0,2025-07-11 00:38:31,195767,1
10179,1,19,2025-07-11 02:29:29,578,1
10179,1,10,2025-07-11 02:29:29,1447,1
10179,3,0,2025-07-11 02:29:29,1513,1
10179,2,0,2025-07-11 02:29:29,64381,1
10180,1,19,2025-07-11 04:17:12,952,1
10180,3,0,2025-07-11 04:17:12,711,1
10180,2,0,2025-07-11 04:17:12,27875,1
10181,1,10,2025-07-11 07:12:37,1662,1
10181,1,2,2025-07-11 07:12:37,1511,1
10181,3,0,2025-07-11 07:12:37,2372,1
10181,2,0,2025-07-11 07:12:37,153305,1
10182,1,8,2025-07-11 08:43:41,572,1
10182,1,8,2025-07-11 08:43:41,1353,1
10182,3,0,2025-07-11 08:43:41,1439,1
10182,0,0,2025-07-11 08:43:41,159,4
10183,1,17,2025-07-11 10:12:51,1619,1
10183,3,0,2025-07-11 10:12:51,1211,1
10183,0,0,2025-07-11 10:12:51,265,1
10183,2,0,2025-07-11 10:12:51,165557,1
10184,1,6,2025-07-11 12:00:16,1280,1
10184,1,15,2025-07-11 12:00:16,497,1
10184,1,9,2025-07-11 12:00:16,366,1
10184,3,0,2025-07-11 12:00:16,1602,1
10184,2,0,2025-07-11 12:00:16,52765,1
10185,1,0,2025-06-18 16:53:40,531,1
10185,1,4,2025-06-18 16:53:40,282,1
10185,1,12,2025-06-18 16:53:40,814,1
10185,3,0,2025-06-18 16:53:40,1593,1
10186,1,12,2025-06-18 18:01:15,318,1
10186,1,16,2025-06-18 18:01:15,913,1
10186,3,0,2025-06-18 18:01:15,1204,1
10187,1,2,2025-06-18 18:44:10,126,1
10187,1,10,2025-06-18 18:44:10,83,1
10187,1,6,2025-06-18 18:44:10,274,1
10187,3,0,2025-06-18 18:44:10,472,1
10187,2,0,2025-06-18 18:44:10,3519,1
10188,1,8,2025-06-18 21:13:58,467,1
10188,1,13,2025-06-18 21:13:58,1680,1
10188,3,0,2025-06-18 21:13:58,2101,1
10188,0,0,2025-06-18 21:13:58,271,4
10189,1,3,2025-06-18 22:27:35,982,1
10189,1,19,2025-06-18 22:27:35,1068,1
10189,3,0,2025-06-18 22:27:35,2007,1
10190,1,5,2025-06-19 00:33:14,764,1
10190,1,8,2025-06-19 00:33:14,1712,1
10190,3,0,2025-06-19 00:33:14,2423,1
10191,1,16,2025-06-19 02:21:47,434,1
10191,1,7,2025-06-19 02:21:47,584,1
10191,3,0,2025-06-19 02:21:47,995,1
10191,0,0,2025-06-19 02:21:47,263,4
10191,2,0,2025-06-19 02:21:47,196761,1
10192,1,17,2025-06-19 03:56:53,1192,1
10192,1,6,2025-06-19 03:56:53,1116,1
10192,3,0,2025-06-19 03:56:53,2258,1
10193,1,7,2025-11-08 16:40:46,383,1
10193,1,12,2025-11-08 16:40:46,1062,1
10193,3,0,2025-11-08 16:40:46,1001,1
10193,0,0,2025-11-08 16:40:46,144,3
10193,2,0,2025-11-08 16:40:46,173562,1
10194,1,14,2025-11-08 18:36:12,555,1
10194,1,8,2025-11-08 18:36:12,1138,1
10194,1,13,2025-11-08 18:36:12,944,1
10194,3,0,2025-11-08 18:36:12,1829,1
10195,1,6,2025-11-08 20:46:57,2330,1
10195,3,0,2025-11-08 20:46:57,1615,1
10195,2,0,2025-11-08 20:46:57,36444,1
10196,1,11,2025-11-08 23:37:15,1948,1
10196,1,4,2025-11-08 23:37:15,1428,1
10196,3,0,2025-11-08 23:37:15,2342,1
10196,2,0,2025-11-08 23:37:15,188133,1
10197,1,10,2025-11-09 01:25:08,2759,1
10197,3,0,2025-11-09 01:25:08,1914,1
10197,0,0,2025-11-09 01:25:08,41,2
10197,2,0,2025-11-09 01:25:08,167875,1
10198,1,3,2025-11-09 02:30:57,2261,1
10198,3,0,2025-11-09 02:30:57,1568,1
10198,2,0,2025-11-09 02:30:57,7812,1
10199,1,11,2025-11-09 04:00:03,542,1
10199,1,19,2025-11-09 04:00:03,469,1
10199,1,11,2025-11-09 04:00:03,552,1
10199,3,0,2025-11-09 04:00:03,1083,1
10200,1,11,2025-11-09 05:16:13,280,1
10200,1,9,2025-11-09 05:16:13,222,1
10200,3,0,2025-11-09 05:16:13,348,1
10201,1,14,2025-11-09 06:50:45,1531,1
10201,1,6,2025-11-09 06:50:45,1641,1
10201,3,0,2025-11-09 06:50:45,2200,1
10201,2,0,2025-11-09 06:50:45,51631,1
10202,1,5,2025-09-27 04:17:55,1061,1
10202,1,16,2025-09-27 04:17:55,293,1
10202,1,16,2025-09-27 04:17:55,961,1
10202,3,0,2025-09-27 04:17:55,2360,1
10203,1,10,2025-09-27 05:53:57,1695,1
10203,3,0,2025-09-27 05:53:57,1727,1
10203,0,0,2025-09-27 05:53:57,31,1
10203,2,0,2025-09-27 05:53:57,64991,1
10204,1,1,2025-09-27 07:51:16,378,1
10204,1,11,2025-09-27 07:51:16,1207,1
10204,3,0,2025-09-27 07:51:16,1614,1
10204,0,0,2025-09-27 07:51:16,69,3
10204,2,0,2025-09-27 07:51:16,29613,1
10205,1,7,2025-09-27 08:51:03,471,1
10205,1,18,2025-09-27 08:51:03,220,1
10205,1,12,2025-09-27 08:51:03,254,1
10205,3,0,2025-09-27 08:51:03,962,1
10205,2,0,2025-09-27 08:51:03,126268,1
10206,1,5,2025-09-27 10:27:57,621,1
10206,3,0,2025-09-27 10:27:57,633,1
10207,1,14,2025-11-09 04:22:37,3390,1
10207,3,0,2025-11-09 04:22:37,1567,1
10208,1,11,2025-11-09 06:47:20,1599,1
10208,1,4,2025-11-09 06:47:20,1426,1
10208,3,0,2025-11-09 06:47:20,1398,1
10209,1,5,2025-11-09 08:26:57,1210,1
10209,1,13,2025-11-09 08:26:57,2632,1
10209,3,0,2025-11-09 08:26:57,1775,1
10210,1,10,2025-08-14 17:53:07,1164,1
10210,3,0,2025-08-14 17:53:07,2023,1
10210,0,0,2025-08-14 17:53:07,239,3
10210,2,0,2025-08-14 17:53:07,24014,1
10211,1,3,2025-08-14 18:33:01,100,1
10211,1,10,2025-08-14 18:33:01,144,1
10211,1,6,2025-08-14 18:33:01,149,1
10211,3,0,2025-08-14 18:33:01,681,1
10211,2,0,2025-08-14 18:33:01,12632,1
10212,1,13,2025-08-14 18:54:24,147,1
10212,1,2,2025-08-14 18:54:24,97,1
10212,1,14,2025-08-14 18:54:24,94,1
10212,3,0,2025-08-14 18:54:24,585,1
10212,2,0,2025-08-14 18:54:24,57986,1
10213,1,9,2025-08-14 20:22:20,381,1
10213,1,6,2025-08-14 20:22:20,262,1
10213,1,3,2025-08-14 20:22:20,539,1
10213,3,0,2025-08-14 20:22:20,2054,1
10213,2,0,2025-08-14 20:22:20,53832,1
10214,1,17,2025-08-03 08:00:39,2101,1
10214,3,0,2025-08-03 08:00:39,1538,1
10214,0,0,2025-08-03 08:00:39,128,3
10215,1,13,2025-08-03 09:41:09,3239,1
10215,3,0,2025-08-03 09:41:09,2371,1
10215,2,0,2025-08-03 09:41:09,116796,1
10216,1,13,2025-08-03 11:01:34,369,1
10216,1,9,2025-08-03 11:01:34,373,1
10216,3,0,2025-08-03 11:01:34,543,1
10216,0,0,2025-08-03 11:01:34,86,1
10217,1,0,2025-08-03 11:41:05,525,1
10217,1,0,2025-08-03 11:41:05,463,1
10217,3,0,2025-08-03 11:41:05,723,1
10217,2,0,2025-08-03 11:41:05,41870,1
10218,1,12,2025-08-03 14:11:14,2811,1
10218,3,0,2025-08-03 14:11:14,2058,1
10218,0,0,2025-08-03 14:11:14,261,2
10219,1,11,2025-08-03 16:08:08,872,1
10219,1,2,2025-08-03 16:08:08,161,1
10219,1,18,2025-08-03 16:08:08,453,1
10219,3,0,2025-08-03 16:08:08,1088,1
10220,1,10,2025-09-16 16:29:06,1236,1
10220,3,0,2025-09-16 16:29:06,510,1
10220,0,0,2025-09-16 16:29:06,196,4
10221,1,1,2025-09-16 17:40:40,1936,1
10221,3,0,2025-09-16 17:40:40,798,1
10221,0,0,2025-09-16 17:40:40,190,1
10221,2,0,2025-09-16 17:40:40,117498,1
10222,1,5,2025-09-16 18:35:09,341,1
10222,1,11,2025-09-16 18:35:09,1081,1
10222,3,0,2025-09-16 18:35:09,587,1
10223,1,5,2025-09-16 20:53:12,921,1
10223,1,7,2025-09-16 20:53:12,1079,1
10223,1,5,2025-09-16 20:53:12,1273,1
10223,3,0,2025-09-16 20:53:12,1350,1
10223,2,0,2025-09-16 20:53:12,149360,1
10224,1,4,2025-09-16 23:09:08,981,1
10224,1,17,2025-09-16 23:09:08,1735,1
10224,3,0,2025-09-16 23:09:08,1120,1
10224,2,0,2025-09-16 23:09:08,61710,1
10225,1,7,2025-09-17 01:55:12,1432,1
10225,1,4,2025-09-17 01:55:12,910,1
10225,1,7,2025-09-17 01:55:12,1229,1
10225,3,0,2025-09-17 01:55:12,1473,1
10225,0,0,2025-09-17 01:55:12,22,3
10225,2,0,2025-09-17 01:55:12,29968,1
10226,1,11,2025-09-17 03:31:46,882,1
10226,1,5,2025-09-17 03:31:46,858,1
10226,1,16,2025-09-17 03:31:46,1215,1
10226,3,0,2025-09-17 03:31:46,1219,1
10227,1,6,2025-09-17 05:02:00,843,1
10227,1,2,2025-09-17 05:02:00,460,1
10227,1,5,2025-09-17 05:02:00,1001,1
10227,3,0,2025-09-17 05:02:00,950,1
10227,2,0,2025-09-17 05:02:00,183355,1
10228,1,18,2025-09-17 07:06:43,558,1
10228,1,7,2025-09-17 07:06:43,1047,1
10228,1,0,2025-09-17 07:06:43,1101,1
10228,3,0,2025-09-17 07:06:43,1117,1
10229,1,8,2025-08-25 02:15:16,1517,1
10229,1,1,2025-08-25 02:15:16,1115,1
10229,3,0,2025-08-25 02:15:16,1884,1
10229,0,0,2025-08-25 02:15:16,112,2
10230,1,3,2025-08-25 03:31:56,1317,1
10230,3,0,2025-08-25 03:31:56,943,1
10230,0,0,2025-08-25 03:31:56,47,4
10231,1,7,2025-08-25 05:41:15,1585,1
10231,3,0,2025-08-25 05:41:15,1134,1
10231,0,0,2025-08-25 05:41:15,138,3
10231,2,0,2025-08-25 05:41:15,131716,1
10232,1,11,2025-08-25 07:23:00,971,1
10232,3,0,2025-08-25 07:23:00,694,1
10233,1,10,2025-08-25 09:45:40,1250,1
10233,1,8,2025-08-25 09:45:40,836,1
10233,3,0,2025-08-25 09:45:40,1494,1
10234,1,2,2025-08-25 11:32:00,496,1
10234,1,14,2025-08-25 11:32:00,355,1
10234,3,0,2025-08-25 11:32:00,609,1
10235,1,0,2025-08-25 12:58:08,787,1
10235,1,13,2025-08-25 12:58:08,1875,1
10235,3,0,2025-08-25 12:58:08,1906,1
10236,1,1,2025-09-21 21:19:26,363,1
10236,1,11,2025-09-21 21:19:26,215,1
10236,1,11,2025-09-21 21:19:26,198,1
10236,3,0,2025-09-21 21:19:26,390,1
10237,1,16,2025-09-21 21:57:38,261,1
10237,1,15,2025-09-21 21:57:38,506,1
10237,3,0,2025-09-21 21:57:38,385,1
10237,0,0,2025-09-21 21:57:38,73,4
10238,1,16,2025-09-21 23:28:39,232,1
10238,1,17,2025-09-21 23:28:39,139,1
10238,1,8,2025-09-21 23:28:39,229,1
10238,3,0,2025-09-21 23:28:39,301,1
10238,2,0,2025-09-21 23:28:39,37098,1
10239,1,13,2025-09-22 00:30:34,1056,1
10239,1,10,2025-09-22 00:30:34,463,1
10239,1,13,2025-09-22 00:30:34,394,1
10239,3,0,2025-09-22 00:30:34,962,1
10240,1,10,2025-07-26 11:37:48,1732,1
10240,3,0,2025-07-26 11:37:48,536,1
10241,1,0,2025-07-26 12:05:36,542,1
10241,1,9,2025-07-26 12:05:36,133,1
10241,1,3,2025-07-26 12:05:36,461,1
10241,3,0,2025-07-26 12:05:36,352,1
10241,2,0,2025-07-26 12:05:36,25107,1
10242,1,13,2025-07-26 14:04:33,507,1
10242,1,5,2025-07-26 14:04:33,710,1
10242,1,19,2025-07-26 14:04:33,705,1
10242,3,0,2025-07-26 14:04:33,595,1
10242,2,0,2025-07-26 14:04:33,24139,1
10243,1,3,2025-07-26 14:16:21,193,1
10243,1,17,2025-07-26 14:16:21,78,1
10243,1,8,2025-07-26 14:16:21,224,1
10243,3,0,2025-07-26 14:16:21,153,1
10244,1,6,2025-08-07 03:29:45,1008,1
10244,3,0,2025-08-07 03:29:45,777,1
10245,1,15,2025-08-07 05:11:44,1008,1
10245,1,13,2025-08-07 05:11:44,176,1
10245,1,18,2025-08-07 05:11:44,576,1
10245,3,0,2025-08-07 05:11:44,1359,1
10245,0,0,2025-08-07 05:11:44,54,4
10245,2,0,2025-08-07 05:11:44,22325,1
10246,1,7,2025-08-07 06:29:12,1080,1
10246,1,17,2025-08-07 06:29:12,729,1
10246,1,8,2025-08-07 06:29:12,611,1
10246,3,0,2025-08-07 06:29:12,1868,1
10246,0,0,2025-08-07 06:29:12,40,4
10247,1,19,2025-08-07 08:49:43,592,1
10247,1,15,2025-08-07 08:49:43,2236,1
10247,3,0,2025-08-07 08:49:43,2183,1
10248,1,11,2025-08-07 10:59:23,835,1
10248,1,18,2025-08-07 10:59:23,2201,1
10248,3,0,2025-08-07 10:59:23,2344,1
10248,2,0,2025-08-07 10:59:23,35490,1
10249,1,14,2025-08-07 12:36:20,647,1
10249,1,4,2025-08-07 12:36:20,672,1
10249,3,0,2025-08-07 12:36:20,1018,1
10249,2,0,2025-08-07 12:36:20,44115,1
10250,1,9,2025-08-07 15:32:35,1064,1
10250,1,2,2025-08-07 15:32:35,2296,1
10250,3,0,2025-08-07 15:32:35,2595,1
10250,2,0,2025-08-07 15:32:35,99831,1
10251,1,16,2025-08-07 17:30:19,635,1
10251,1,5,2025-08-07 17:30:19,102,1
10251,1,9,2025-08-07 17:30:19,405,1
10251,3,0,2025-08-07 17:30:19,882,1
10251,0,0,2025-08-07 17:30:19,162,3
10251,2,0,2025-08-07 17:30:19,174787,1
10252,1,14,2025-08-07 18:42:05,418,1
10252,1,13,2025-08-07 18:42:05,1572,1
10252,3,0,2025-08-07 18:42:05,1536,1
10252,0,0,2025-08-07 18:42:05,88,3
10253,1,10,2025-08-02 08:16:00,238,1
10253,1,1,2025-08-02 08:16:00,89,1
10253,1,7,2025-08-02 08:16:00,187,1
10253,3,0,2025-08-02 08:16:00,446,1
10254,1,10,2025-08-02 09:35:05,502,1
10254,1,4,2025-08-02 09:35:05,425,1
10254,1,16,2025-08-02 09:35:05,328,1
10254,3,0,2025-08-02 09:35:05,1090,1
10254,0,0,2025-08-02 09:35:05,86,1
10254,2,0,2025-08-02 09:35:05,129801,1
10255,1,15,2025-08-02 11:08:00,247,1
10255,1,14,2025-08-02 11:08:00,93,1
10255,1,10,2025-08-02 11:08:00,171,1
10255,3,0,2025-08-02 11:08:00,444,1
10255,2,0,2025-08-02 11:08:00,73441,1
10256,1,6,2025-08-02 12:59:09,1803,1
10256,3,0,2025-08-02 12:59:09,1566,1
10256,0,0,2025-08-02 12:59:09,112,2
10256,2,0,2025-08-02 12:59:09,37157,1
10257,1,12,2025-07-15 08:39:54,525,1
10257,1,16,2025-07-15 08:39:54,769,1
10257,3,0,2025-07-15 08:39:54,1100,1
10258,1,17,2025-07-15 11:11:55,2627,1
10258,3,0,2025-07-15 11:11:55,2234,1
10258,2,0,2025-07-15 11:11:55,132577,1
10259,1,16,2025-07-15 13:50:55,1167,1
10259,1,19,2025-07-15 13:50:55,1524,1
10259,3,0,2025-07-15 13:50:55,2289,1
10260,1,5,2025-07-15 15:14:48,1974,1
10260,3,0,2025-07-15 15:14:48,1679,1
10261,1,6,2025-07-15 17:17:07,1233,1
10261,1,11,2025-07-15 17:17:07,1274,1
10261,3,0,2025-07-15 17:17:07,2132,1
10261,0,0,2025-07-15 17:17:07,169,1
10262,1,8,2025-06-11 11:58:29,2170,1
10262,3,0,2025-06-11 11:58:29,1339,1
10262,2,0,2025-06-11 11:58:29,106792,1
10263,1,5,2025-06-11 13:20:08,981,1
10263,1,15,2025-06-11 13:20:08,1233,1
10263,3,0,2025-06-11 13:20:08,1365,1
10264,1,6,2025-06-11 15:19:03,606,1
10264,1,11,2025-06-11 15:19:03,1692,1
10264,3,0,2025-06-11 15:19:03,1417,1
10265,1,11,2025-06-11 16:09:18,409,1
10265,1,13,2025-06-11 16:09:18,603,1
10265,3,0,2025-06-11 16:09:18,623,1
10265,2,0,2025-06-11 16:09:18,4174,1
10266,1,2,2025-07-20 04:36:26,1285,1
10266,3,0,2025-07-20 04:36:26,901,1
10266,0,0,2025-07-20 04:36:26,166,3
10267,1,18,2025-07-20 06:19:12,945,1
10267,3,0,2025-07-20 06:19:12,661,1
10267,0,0,2025-07-20 06:19:12,205,1
10268,1,8,2025-07-20 08:16:06,1655,1
10268,3,0,2025-07-20 08:16:06,1159,1
10269,1,17,2025-07-20 10:53:21,1208,1
10269,1,19,2025-07-20 10:53:21,1376,1
10269,3,0,2025-07-20 10:53:21,1811,1
10269,0,0,2025-07-20 10:53:21,203,4
10270,1,4,2025-07-20 12:41:20,1183,1
10270,1,9,2025-07-20 12:41:20,1780,1
10270,3,0,2025-07-20 12:41:20,2076,1
10270,0,0,2025-07-20 12:41:20,15,1
10271,1,15,2025-07-20 13:53:47,2415,1
10271,3,0,2025-07-20 13:53:47,1692,1
10271,0,0,2025-07-20 13:53:47,215,3
10272,1,3,2025-07-20 15:01:53,1873,1
10272,3,0,2025-07-20 15:01:53,1313,1
10273,1,2,2025-10-09 12:14:36,613,1
10273,1,10,2025-10-09 12:14:36,856,1
10273,3,0,2025-10-09 12:14:36,3007,1
10273,2,0,2025-10-09 12:14:36,173836,1
10274,1,0,2025-10-09 13:42:04,248,1
10274,1,13,2025-10-09 13:42:04,234,1
10274,3,0,2025-10-09 13:42:04,986,1
10274,2,0,2025-10-09 13:42:04,101086,1
10275,1,12,2025-10-09 14:51:07,335,1
10275,1,3,2025-10-09 14:51:07,808,1
10275,3,0,2025-10-09 14:51:07,2340,1
10275,0,0,2025-10-09 14:51:07,247,1
10275,2,0,2025-10-09 14:51:07,59685,1
10276,1,10,2025-10-09 17:02:17,396,1
10276,1,15,2025-10-09 17:02:17,691,1
10276,3,0,2025-10-09 17:02:17,2223,1
10277,1,13,2025-09-27 05:28:26,504,1
10277,1,17,2025-09-27 05:28:26,258,1
10277,1,10,2025-09-27 05:28:26,540,1
10277,3,0,2025-09-27 05:28:26,404,1
10278,1,16,2025-09-27 07:34:23,923,1
10278,1,11,2025-09-27 07:34:23,3150,1
10278,3,0,2025-09-27 07:34:23,1264,1
10278,0,0,2025-09-27 07:34:23,195,1
10279,1,4,2025-09-27 10:05:05,1970,1
10279,1,2,2025-09-27 10:05:05,2137,1
10279,3,0,2025-09-27 10:05:05,1275,1
10279,2,0,2025-09-27 10:05:05,36209,1
10280,1,8,2025-07-13 03:39:17,659,1
10280,1,14,2025-07-13 03:39:17,703,1
10280,3,0,2025-07-13 03:39:17,995,1
10281,1,4,2025-07-13 05:40:28,797,1
10281,1,7,2025-07-13 05:40:28,597,1
10281,3,0,2025-07-13 05:40:28,1017,1
10281,0,0,2025-07-13 05:40:28,282,4
10282,1,9,2025-07-13 07:25:43,874,1
10282,1,0,2025-07-13 07:25:43,2117,1
10282,3,0,2025-07-13 07:25:43,2184,1
10282,0,0,2025-07-13 07:25:43,177,3
10282,2,0,2025-07-13 07:25:43,40241,1
10283,1,13,2025-10-27 19:30:52,476,1
10283,1,1,2025-10-27 19:30:52,441,1
10283,3,0,2025-10-27 19:30:52,935,1
10284,1,7,2025-10-27 20:57:31,802,1
10284,1,7,2025-10-27 20:57:31,1236,1
10284,3,0,2025-10-27 20:57:31,2081,1
10285,1,6,2025-10-27 23:20:00,1027,1
10285,1,2,2025-10-27 23:20:00,1867,1
10285,3,0,2025-10-27 23:20:00,2955,1
10286,1,17,2025-10-28 00:53:46,320,1
10286,3,0,2025-10-28 00:53:46,326,1
10286,0,0,2025-10-28 00:53:46,265,2
10287,1,8,2025-10-28 02:03:22,273,1
10287,1,10,2025-10-28 02:03:22,231,1
10287,1,10,2025-10-28 02:03:22,613,1
10287,3,0,2025-10-28 02:03:22,1139,1
10288,1,13,2025-10-28 04:27:49,884,1
10288,1,12,2025-10-28 04:27:49,1000,1
10288,3,0,2025-10-28 04:27:49,1923,1
10288,0,0,2025-10-28 04:27:49,12,2
10288,2,0,2025-10-28 04:27:49,67363,1
10289,1,7,2025-10-28 05:37:16,1231,1
10289,3,0,2025-10-28 05:37:16,1256,1
10289,2,0,2025-10-28 05:37:16,46929,1
10290,1,19,2025-07-17 01:25:22,3600,1
10290,3,0,2025-07-17 01:25:22,1522,1
10291,1,17,2025-07-17 02:34:17,285,1
10291,1,9,2025-07-17 02:34:17,361,1
10291,1,2,2025-07-17 02:34:17,279,1
10291,3,0,2025-07-17 02:34:17,390,1
10292,1,18,2025-07-17 03:59:48,287,1
10292,1,13,2025-07-17 03:59:48,199,1
10292,3,0,2025-07-17 03:59:48,205,1
10292,0,0,2025-07-17 03:59:48,234,3
10293,1,2,2025-07-17 06:34:17,692,1
10293,1,17,2025-07-17 06:34:17,539,1
10293,1,1,2025-07-17 06:34:17,1910,1
10293,3,0,2025-07-17 06:34:17,1328,1
10293,0,0,2025-07-17 06:34:17,34,4
10294,1,14,2025-07-17 08:15:45,1469,1
10294,1,10,2025-07-17 08:15:45,686,1
10294,1,15,2025-07-17 08:15:45,1323,1
10294,3,0,2025-07-17 08:15:45,1470,1
10294,0,0,2025-07-17 08:15:45,207,2
10295,1,13,2025-07-17 10:42:54,3380,1
10295,3,0,2025-07-17 10:42:54,1429,1
10296,1,12,2025-07-17 12:18:51,842,1
10296,3,0,2025-07-17 12:18:51,355,1
10296,0,0,2025-07-17 12:18:51,156,3
10297,1,8,2025-07-17 13:27:53,887,1
10297,3,0,2025-07-17 13:27:53,375,1
10298,1,10,2025-10-30 22:19:45,307,1
10298,1,6,2025-10-30 22:19:45,387,1
10298,3,0,2025-10-30 22:19:45,491,1
10298,0,0,2025-10-30 22:19:45,50,1
10299,1,5,2025-10-31 00:12:48,1407,1
10299,3,0,2025-10-31 00:12:48,996,1
10299,2,0,2025-10-31 00:12:48,133851,1
10300,1,6,2025-10-31 02:26:39,588,1
10300,1,0,2025-10-31 02:26:39,780,1
10300,1,8,2025-10-31 02:26:39,910,1
10300,3,0,2025-10-31 02:26:39,1613,1
10300,0,0,2025-10-31 02:26:39,90,1
10301,1,9,2025-10-31 04:10:56,1095,1
10301,1,8,2025-10-31 04:10:56,243,1
10301,1,4,2025-10-31 04:10:56,499,1
10301,3,0,2025-10-31 04:10:56,1300,1
10302,1,3,2025-10-31 05:05:51,591,1
10302,1,7,2025-10-31 05:05:51,495,1
10302,3,0,2025-10-31 05:05:51,769,1
10303,1,5,2025-10-31 06:38:55,417,1
10303,1,18,2025-10-31 06:38:55,710,1
10303,3,0,2025-10-31 06:38:55,797,1
10303,0,0,2025-10-31 06:38:55,158,2
10304,1,4,2025-07-08 04:04:12,2667,1
10304,3,0,2025-07-08 04:04:12,1185,1
10305,1,2,2025-07-08 05:49:21,507,1
10305,1,9,2025-07-08 05:49:21,787,1
10305,3,0,2025-07-08 05:49:21,575,1
10305,0,0,2025-07-08 05:49:21,162,3
10305,2,0,2025-07-08 05:49:21,128437,1
10306,1,11,2025-07-08 07:51:00,1382,1
10306,1,1,2025-07-08 07:51:00,920,1
10306,1,18,2025-07-08 07:51:00,923,1
10306,3,0,2025-07-08 07:51:00,1434,1
10307,1,5,2025-07-08 08:50:23,411,1
10307,1,12,2025-07-08 08:50:23,976,1
10307,3,0,2025-07-08 08:50:23,616,1
10308,1,13,2025-07-08 09:38:40,826,1
10308,1,11,2025-07-08 09:38:40,404,1
10308,1,19,2025-07-08 09:38:40,319,1
10308,3,0,2025-07-08 09:38:40,688,1
10309,1,4,2025-07-08 10:40:45,748,1
10309,1,15,2025-07-08 10:40:45,876,1
10309,3,0,2025-07-08 10:40:45,721,1
10309,2,0,2025-07-08 10:40:45,115634,1
10310,1,8,2025-07-08 11:51:52,704,1
10310,1,9,2025-07-08 11:51:52,825,1
10310,1,11,2025-07-08 11:51:52,677,1
10310,3,0,2025-07-08 11:51:52,981,1
10311,1,5,2025-07-16 03:16:43,1225,1
10311,1,17,2025-07-16 03:16:43,465,1
10311,1,4,2025-07-16 03:16:43,583,1
10311,3,0,2025-07-16 03:16:43,2330,1
10311,0,0,2025-07-16 03:16:43,80,4
10312,1,6,2025-07-16 05:51:19,1117,1
10312,1,11,2025-07-16 05:51:19,533,1
10312,1,2,2025-07-16 05:51:19,619,1
10312,3,0,2025-07-16 05:51:19,2327,1
10313,1,13,2025-07-16 06:48:05,264,1
10313,1,10,2025-07-16 06:48:05,292,1
10313,1,15,2025-07-16 06:48:05,356,1
10313,3,0,2025-07-16 06:48:05,934,1
10313,0,0,2025-07-16 06:48:05,174,1
10314,1,15,2025-07-16 09:12:25,2439,1
10314,3,0,2025-07-16 09:12:25,2501,1
10314,2,0,2025-07-16 09:12:25,22567,1
10315,1,15,2025-07-16 11:13:25,507,1
10315,1,5,2025-07-16 11:13:25,975,1
10315,3,0,2025-07-16 11:13:25,1518,1
10315,0,0,2025-07-16 11:13:25,271,1
10316,1,15,2025-07-16 13:26:17,2337,1
10316,3,0,2025-07-16 13:26:17,2395,1
10317,1,9,2025-07-16 15:13:43,433,1
10317,1,5,2025-07-16 15:13:43,177,1
10317,1,3,2025-07-16 15:13:43,322,1
10317,3,0,2025-07-16 15:13:43,954,1
10317,2,0,2025-07-16 15:13:43,113242,1
10318,1,18,2025-07-16 16:56:25,558,1
10318,1,6,2025-07-16 16:56:25,1685,1
10318,3,0,2025-07-16 16:56:25,2299,1
10319,1,12,2025-08-22 08:47:13,1006,1
10319,1,1,2025-08-22 08:47:13,358,1
10319,1,1,2025-08-22 08:47:13,485,1
10319,3,0,2025-08-22 08:47:13,984,1
10320,1,1,2025-08-22 10:36:35,559,1
10320,1,17,2025-08-22 10:36:35,2040,1
10320,3,0,2025-08-22 10:36:35,1383,1
10320,0,0,2025-08-22 10:36:35,149,3
10320,2,0,2025-08-22 10:36:35,66745,1
10321,1,15,2025-08-22 11:56:55,521,1
10321,1,15,2025-08-22 11:56:55,393,1
10321,3,0,2025-08-22 11:56:55,486,1
10321,0,0,2025-08-22 11:56:55,278,2
10322,1,14,2025-08-22 13:21:25,502,1
10322,1,14,2025-08-22 13:21:25,1984,1
10322,3,0,2025-08-22 13:21:25,1324,1
10323,1,15,2025-08-22 15:07:38,1003,1
10323,1,4,2025-08-22 15:07:38,1369,1
10323,1,17,2025-08-22 15:07:38,1200,1
10323,3,0,2025-08-22 15:07:38,1901,1
10323,0,0,2025-08-22 15:07:38,159,2
10323,2,0,2025-08-22 15:07:38,3456,1
10324,1,13,2025-08-22 16:38:15,649,1
10324,1,19,2025-08-22 16:38:15,668,1
10324,3,0,2025-08-22 16:38:15,700,1
10325,1,5,2025-08-22 18:12:51,1061,1
10325,1,7,2025-08-22 18:12:51,1547,1
10325,3,0,2025-08-22 18:12:51,1388,1
10325,2,0,2025-08-22 18:12:51,34957,1
10326,1,4,2025-08-22 19:22:21,198,1
10326,1,4,2025-08-22 19:22:21,123,1
10326,1,17,2025-08-22 19:22:21,208,1
10326,3,0,2025-08-22 19:22:21,281,1
10326,2,0,2025-08-22 19:22:21,185116,1
10327,1,8,2025-08-22 20:04:23,318,1
10327,1,17,2025-08-22 20:04:23,506,1
10327,3,0,2025-08-22 20:04:23,438,1
10328,1,3,2025-09-21 10:24:14,1003,1
10328,3,0,2025-09-21 10:24:14,451,1
10328,2,0,2025-09-21 10:24:14,20360,1
10329,1,4,2025-09-21 12:32:20,2817,1
10329,3,0,2025-09-21 12:32:20,1269,1
10329,0,0,2025-09-21 12:32:20,168,1
10330,1,7,2025-09-21 14:19:08,949,1
10330,1,6,2025-09-21 14:19:08,1029,1
10330,3,0,2025-09-21 14:19:08,890,1
10330,2,0,2025-09-21 14:19:08,163075,1
10331,1,2,2025-09-18 00:29:17,3856,1
10331,3,0,2025-09-18 00:29:17,1501,1
10332,1,15,2025-09-18 01:54:30,685,1
10332,1,12,2025-09-18 01:54:30,437,1
10332,1,17,2025-09-18 01:54:30,1565,1
10332,3,0,2025-09-18 01:54:30,1046,1
10332,2,0,2025-09-18 01:54:30,81684,1
10333,1,1,2025-09-18 02:45:01,187,1
10333,1,12,2025-09-18 02:45:01,276,1
10333,1,1,2025-09-18 02:45:01,380,1
10333,3,0,2025-09-18 02:45:01,328,1
10333,0,0,2025-09-18 02:45:01,217,1
10334,1,10,2025-09-18 05:30:56,2280,1
10334,1,15,2025-09-18 05:30:56,506,1
10334,1,6,2025-09-18 05:30:56,1054,1
10334,3,0,2025-09-18 05:30:56,1495,1
10335,1,4,2025-09-18 08:11:56,1825,1
10335,1,4,2025-09-18 08:11:56,1139,1
10335,1,3,2025-09-18 08:11:56,966,1
10335,3,0,2025-09-18 08:11:56,1530,1
10335,0,0,2025-09-18 08:11:56,197,3
10335,2,0,2025-09-18 08:11:56,75633,1
10336,1,8,2025-09-18 09:52:58,1853,1
10336,1,15,2025-09-18 09:52:58,444,1
10336,1,7,2025-09-18 09:52:58,814,1
10336,3,0,2025-09-18 09:52:58,1211,1
10336,2,0,2025-09-18 09:52:58,45340,1
10337,1,0,2025-09-18 12:07:36,3871,1
10337,3,0,2025-09-18 12:07:36,1507,1
10337,0,0,2025-09-18 12:07:36,226,1
10338,1,3,2025-09-18 13:31:37,1138,1
10338,1,1,2025-09-18 13:31:37,1540,1
10338,3,0,2025-09-18 13:31:37,1043,1
10338,0,0,2025-09-18 13:31:37,135,3
10339,1,13,2025-07-03 13:17:58,511,1
10339,3,0,2025-07-03 13:17:58,567,1
10340,1,6,2025-07-03 15:23:51,1082,1
10340,1,9,2025-07-03 15:23:51,277,1
10340,1,8,2025-07-03 15:23:51,1084,1
10340,3,0,2025-07-03 15:23:51,2710,1
10340,2,0,2025-07-03 15:23:51,104740,1
10341,1,8,2025-07-03 17:19:31,606,1
10341,1,3,2025-07-03 17:19:31,636,1
10341,3,0,2025-07-03 17:19:31,1378,1
10341,2,0,2025-07-03 17:19:31,172738,1
10342,1,5,2025-06-30 21:17:48,865,1
10342,1,12,2025-06-30 21:17:48,982,1
10342,1,2,2025-06-30 21:17:48,714,1
10342,3,0,2025-06-30 21:17:48,2107,1
10342,2,0,2025-06-30 21:17:48,163999,1
10343,1,12,2025-06-30 23:06:55,617,1
10343,1,12,2025-06-30 23:06:55,803,1
10343,3,0,2025-06-30 23:06:55,1167,1
10344,1,13,2025-07-01 00:50:14,2282,1
10344,3,0,2025-07-01 00:50:14,1877,1
10344,0,0,2025-07-01 00:50:14,162,4
10345,1,6,2025-07-01 02:51:30,619,1
10345,1,9,2025-07-01 02:51:30,476,1
10345,3,0,2025-07-01 02:51:30,901,1
10345,0,0,2025-07-01 02:51:30,162,1
10345,2,0,2025-07-01 02:51:30,13718,1
10346,1,10,2025-10-04 16:35:28,288,1
10346,1,6,2025-10-04 16:35:28,325,1
10346,1,0,2025-10-04 16:35:28,227,1
10346,3,0,2025-10-04 16:35:28,1288,1
10347,1,3,2025-10-04 18:29:05,1886,1
10347,3,0,2025-10-04 18:29:05,2891,1
10347,0,0,2025-10-04 18:29:05,273,2
10347,2,0,2025-10-04 18:29:05,94244,1
10348,1,13,2025-10-04 20:49:21,397,1
10348,1,2,2025-10-04 20:49:21,936,1
10348,3,0,2025-10-04 20:49:21,2043,1
10348,0,0,2025-10-04 20:49:21,61,3
10349,1,13,2025-10-04 23:33:59,2028,1
10349,3,0,2025-10-04 23:33:59,3110,1
10349,2,0,2025-10-04 23:33:59,55944,1
10350,1,7,2025-10-05 01:08:46,327,1
10350,3,0,2025-10-05 01:08:46,500,1
10350,2,0,2025-10-05 01:08:46,101056,1
10351,1,19,2025-10-05 03:31:21,393,1
10351,1,13,2025-10-05 03:31:21,361,1
10351,1,6,2025-10-05 03:31:21,705,1
10351,3,0,2025-10-05 03:31:21,2236,1
10351,0,0,2025-10-05 03:31:21,37,2
10351,2,0,2025-10-05 03:31:21,180104,1
10352,1,5,2025-10-05 05:21:51,536,1
10352,1,2,2025-10-05 05:21:51,447,1
10352,3,0,2025-10-05 05:21:51,1507,1
10352,0,0,2025-10-05 05:21:51,33,2
10353,1,16,2025-10-05 07:44:25,2169,1
10353,3,0,2025-10-05 07:44:25,3325,1
10353,2,0,2025-10-05 07:44:25,23204,1
10354,1,11,2025-10-05 09:03:22,899,1
10354,3,0,2025-10-05 09:03:22,1378,1
10355,1,10,2025-07-08 20:31:00,1068,1
10355,1,0,2025-07-08 20:31:00,535,1
10355,1,19,2025-07-08 20:31:00,1245,1
10355,3,0,2025-07-08 20:31:00,2612,1
10356,1,11,2025-07-08 21:44:43,671,1
10356,1,10,2025-07-08 21:44:43,142,1
10356,1,3,2025-07-08 21:44:43,336,1
10356,3,0,2025-07-08 21:44:43,1054,1
10357,1,12,2025-07-08 23:31:48,592,1
10357,1,19,2025-07-08 23:31:48,725,1
10357,3,0,2025-07-08 23:31:48,1208,1
10358,1,0,2025-07-09 01:22:30,465,1
10358,1,16,2025-07-09 01:22:30,399,1
10358,1,10,2025-07-09 01:22:30,1442,1
10358,3,0,2025-07-09 01:22:30,2116,1
10358,0,0,2025-07-09 01:22:30,258,2
10359,1,3,2025-07-09 03:26:11,478,1
10359,1,15,2025-07-09 03:26:11,775,1
10359,1,16,2025-07-09 03:26:11,1022,1
10359,3,0,2025-07-09 03:26:11,2086,1
10360,1,12,2025-07-09 04:39:09,1126,1
10360,3,0,2025-07-09 04:39:09,1032,1
10360,2,0,2025-07-09 04:39:09,92562,1
10361,1,3,2025-07-09 05:40:09,766,1
10361,1,12,2025-07-09 05:40:09,611,1
10361,3,0,2025-07-09 05:40:09,1263,1
10361,2,0,2025-07-09 05:40:09,32138,1
10362,1,16,2025-07-09 06:18:33,545,1
10362,3,0,2025-07-09 06:18:33,499,1
10363,1,12,2025-06-08 20:17:33,194,1
10363,1,2,2025-06-08 20:17:33,142,1
10363,1,12,2025-06-08 20:17:33,207,1
10363,3,0,2025-06-08 20:17:33,510,1
10363,0,0,2025-06-08 20:17:33,18,4
10364,1,4,2025-06-08 22:25:16,714,1
10364,1,16,2025-06-08 22:25:16,626,1
10364,1,15,2025-06-08 22:25:16,1124,1
10364,3,0,2025-06-08 22:25:16,2319,1
10364,2,0,2025-06-08 22:25:16,138143,1
10365,1,6,2025-06-08 23:25:43,468,1
10365,1,14,2025-06-08 23:25:43,609,1
10365,1,3,2025-06-08 23:25:43,606,1
10365,3,0,2025-06-08 23:25:43,1584,1
10366,1,13,2025-11-10 04:34:49,1899,1
10366,3,0,2025-11-10 04:34:49,3790,1
10366,0,0,2025-11-10 04:34:49,291,2
10367,1,16,2025-11-10 05:11:00,51,1
10367,1,17,2025-11-10 05:11:00,153,1
10367,3,0,2025-11-10 05:11:00,407,1
10367,2,0,2025-11-10 05:11:00,31236,1
10368,1,12,2025-11-10 07:40:34,546,1
10368,1,4,2025-11-10 07:40:34,279,1
10368,1,19,2025-11-10 07:40:34,709,1
10368,3,0,2025-11-10 07:40:34,3060,1
10368,2,0,2025-11-10 07:40:34,139141,1
10369,1,9,2025-11-10 10:07:15,395,1
10369,1,5,2025-11-10 10:07:15,861,1
10369,3,0,2025-11-10 10:07:15,2505,1
10370,1,9,2025-11-10 10:52:19,193,1
10370,1,4,2025-11-10 10:52:19,86,1
10370,1,15,2025-11-10 10:52:19,63,1
10370,3,0,2025-11-10 10:52:19,682,1
10370,2,0,2025-11-10 10:52:19,97100,1
10371,1,13,2025-09-12 15:25:41,894,1
10371,3,0,2025-09-12 15:25:41,647,1
10372,1,17,2025-09-12 17:05:19,1797,1
10372,3,0,2025-09-12 17:05:19,1301,1
10372,2,0,2025-09-12 17:05:19,170104,1
10373,1,17,2025-09-12 18:22:32,167,1
10373,1,12,2025-09-12 18:22:32,98,1
10373,1,6,2025-09-12 18:22:32,126,1
10373,3,0,2025-09-12 18:22:32,282,1
10373,0,0,2025-09-12 18:22:32,21,3
10374,1,14,2025-09-12 21:14:09,3362,1
10374,3,0,2025-09-12 21:14:09,2435,1
10375,1,3,2025-09-12 22:15:02,160,1
10375,1,0,2025-09-12 22:15:02,117,1
10375,1,18,2025-09-12 22:15:02,206,1
10375,3,0,2025-09-12 22:15:02,350,1
10375,2,0,2025-09-12 22:15:02,33805,1
10376,1,3,2025-09-13 00:49:09,2648,1
10376,3,0,2025-09-13 00:49:09,1919,1
10377,1,16,2025-07-16 03:39:28,2201,1
10377,1,18,2025-07-16 03:39:28,1507,1
10377,3,0,2025-07-16 03:39:28,2260,1
10378,1,15,2025-07-16 06:14:15,2788,1
10378,3,0,2025-07-16 06:14:15,1699,1
10379,1,1,2025-07-16 08:48:26,607,1
10379,1,2,2025-07-16 08:48:26,2270,1
10379,3,0,2025-07-16 08:48:26,1754,1
10380,1,11,2025-07-16 11:46:21,3389,1
10380,3,0,2025-07-16 11:46:21,2066,1
10380,2,0,2025-07-16 11:46:21,107856,1
10381,1,0,2025-07-16 13:42:35,1015,1
10381,3,0,2025-07-16 13:42:35,619,1
10382,1,2,2025-07-16 15:08:38,375,1
10382,1,6,2025-07-16 15:08:38,932,1
10382,3,0,2025-07-16 15:08:38,796,1
10383,1,4,2025-07-16 16:31:41,1493,1
10383,1,16,2025-07-16 16:31:41,1081,1
10383,3,0,2025-07-16 16:31:41,1569,1
10383,0,0,2025-07-16 16:31:41,22,1
10384,1,19,2025-07-14 23:43:08,937,1
10384,1,13,2025-07-14 23:43:08,1263,1
10384,3,0,2025-07-14 23:43:08,388,1
10384,2,0,2025-07-14 23:43:08,129105,1
10385,1,1,2025-07-15 01:24:45,1613,1
10385,3,0,2025-07-15 01:24:45,284,1
10385,2,0,2025-07-15 01:24:45,81924,1
10386,1,0,2025-07-15 02:15:46,868,1
10386,3,0,2025-07-15 02:15:46,153,1
10387,1,18,2025-07-15 03:50:10,1704,1
10387,3,0,2025-07-15 03:50:10,300,1
10388,1,16,2025-07-15 04:49:37,992,1
10388,3,0,2025-07-15 04:49:37,175,1
10388,2,0,2025-07-15 04:49:37,187431,1
10389,1,4,2025-07-15 06:48:56,2208,1
10389,1,2,2025-07-15 06:48:56,912,1
10389,1,10,2025-07-15 06:48:56,1487,1
10389,3,0,2025-07-15 06:48:56,812,1
10390,1,10,2025-07-15 08:09:54,1019,1
10390,3,0,2025-07-15 08:09:54,179,1
10391,1,7,2025-10-21 05:03:39,976,1
10391,1,10,2025-10-21 05:03:39,499,1
10391,1,13,2025-10-21 05:03:39,623,1
10391,3,0,2025-10-21 05:03:39,1721,1
10392,1,5,2025-10-21 06:53:11,1070,1
10392,1,2,2025-10-21 06:53:11,826,1
10392,3,0,2025-10-21 06:53:11,1556,1
10393,1,0,2025-10-21 08:44:07,706,1
10393,1,6,2025-10-21 08:44:07,742,1
10393,3,0,2025-10-21 08:44:07,1188,1
10394,1,10,2025-10-21 09:41:50,207,1
10394,1,9,2025-10-21 09:41:50,213,1
10394,3,0,2025-10-21 09:41:50,343,1
10394,2,0,2025-10-21 09:41:50,119793,1
10395,1,12,2025-10-21 11:42:06,2151,1
10395,3,0,2025-10-21 11:42:06,1765,1
10395,2,0,2025-10-21 11:42:06,133668,1
10396,1,18,2025-10-21 12:36:50,183,1
10396,1,10,2025-10-21 12:36:50,154,1
10396,1,5,2025-10-21 12:36:50,182,1
10396,3,0,2025-10-21 12:36:50,425,1
10397,1,15,2025-09-23 02:30:01,916,1
10397,3,0,2025-09-23 02:30:01,885,1
10397,0,0,2025-09-23 02:30:01,75,2
10398,1,2,2025-09-23 03:36:54,1247,1
10398,3,0,2025-09-23 03:36:54,1206,1
10399,1,19,2025-09-23 04:28:57,273,1
10399,1,11,2025-09-23 04:28:57,355,1
10399,1,4,2025-09-23 04:28:57,380,1
10399,3,0,2025-09-23 04:28:57,975,1
10399,0,0,2025-09-23 04:28:57,154,2
10400,1,11,2025-09-23 04:55:22,299,1
10400,1,12,2025-09-23 04:55:22,477,1
10400,3,0,2025-09-23 04:55:22,749,1
10400,2,0,2025-09-23 04:55:22,39177,1
10401,1,5,2025-09-23 07:55:47,1428,1
10401,1,18,2025-09-23 07:55:47,642,1
10401,1,14,2025-09-23 07:55:47,718,1
10401,3,0,2025-09-23 07:55:47,2697,1
10402,1,4,2025-09-23 09:18:08,560,1
10402,3,0,2025-09-23 09:18:08,541,1
10403,1,11,2025-09-27 19:39:19,1344,1
10403,3,0,2025-09-27 19:39:19,1015,1
10403,0,0,2025-09-27 19:39:19,264,2
10404,1,0,2025-09-27 21:44:16,1483,1
10404,1,18,2025-09-27 21:44:16,528,1
10404,1,13,2025-09-27 21:44:16,1028,1
10404,3,0,2025-09-27 21:44:16,2298,1
10405,1,1,2025-09-27 22:55:38,389,1
10405,3,0,2025-09-27 22:55:38,293,1
10405,2,0,2025-09-27 22:55:38,28253,1
10406,1,3,2025-09-28 00:42:40,1407,1
10406,1,10,2025-09-28 00:42:40,737,1
10406,1,7,2025-09-28 00:42:40,761,1
10406,3,0,2025-09-28 00:42:40,2197,1
10407,1,11,2025-09-28 03:07:07,3125,1
10407,3,0,2025-09-28 03:07:07,2362,1
10408,1,11,2025-09-28 03:59:53,445,1
10408,1,11,2025-09-28 03:59:53,95,1
10408,1,8,2025-09-28 03:59:53,238,1
10408,3,0,2025-09-28 03:59:53,588,1
10409,1,2,2025-09-28 05:57:36,814,1
10409,1,0,2025-09-28 05:57:36,714,1
10409,3,0,2025-09-28 05:57:36,1155,1
10410,1,10,2025-09-28 07:06:22,1298,1
10410,1,18,2025-09-28 07:06:22,983,1
10410,3,0,2025-09-28 07:06:22,1725,1
10410,2,0,2025-09-28 07:06:22,36423,1
10411,1,13,2025-09-28 09:31:04,1524,1
10411,1,15,2025-09-28 09:31:04,1165,1
10411,3,0,2025-09-28 09:31:04,2033,1
10411,0,0,2025-09-28 09:31:04,280,2
10412,1,7,2025-10-14 06:51:54,510,1
10412,1,17,2025-10-14 06:51:54,518,1
10412,1,1,2025-10-14 06:51:54,741,1
10412,3,0,2025-10-14 06:51:54,1345,1
10413,1,19,2025-10-14 09:31:50,3099,1
10413,3,0,2025-10-14 09:31:50,2357,1
10413,0,0,2025-10-14 09:31:50,256,2
10413,2,0,2025-10-14 09:31:50,118411,1
10414,1,18,2025-10-14 10:16:55,77,1
10414,1,3,2025-10-14 10:16:55,301,1
10414,3,0,2025-10-14 10:16:55,287,1
10415,1,8,2025-10-14 11:44:26,1123,1
10415,1,10,2025-10-14 11:44:26,480,1
10415,1,1,2025-10-14 11:44:26,800,1
10415,3,0,2025-10-14 11:44:26,1828,1
10415,0,0,2025-10-14 11:44:26,70,1
10415,2,0,2025-10-14 11:44:26,18884,1
10416,1,13,2025-10-14 14:24:22,1246,1
10416,1,13,2025-10-14 14:24:22,733,1
10416,1,10,2025-10-14 14:24:22,984,1
10416,3,0,2025-10-14 14:24:22,2253,1
10417,1,5,2025-10-14 16:43:09,746,1
10417,1,19,2025-10-14 16:43:09,1019,1
10417,3,0,2025-10-14 16:43:09,1342,1
10417,0,0,2025-10-14 16:43:09,290,1
10418,1,5,2025-08-05 13:45:41,834,1
10418,1,11,2025-08-05 13:45:41,470,1
10418,1,2,2025-08-05 13:45:41,479,1
10418,3,0,2025-08-05 13:45:41,958,1
10419,1,9,2025-08-05 16:05:04,789,1
10419,1,12,2025-08-05 16:05:04,1567,1
10419,3,0,2025-08-05 16:05:04,1267,1
10420,1,12,2025-08-05 17:20:15,848,1
10420,1,19,2025-08-05 17:20:15,418,1
10420,1,8,2025-08-05 17:20:15,809,1
10420,3,0,2025-08-05 17:20:15,1116,1
10420,0,0,2025-08-05 17:20:15,191,3
10421,1,11,2025-08-05 19:41:44,575,1
10421,1,4,2025-08-05 19:41:44,316,1
10421,1,17,2025-08-05 19:41:44,1157,1
10421,3,0,2025-08-05 19:41:44,1101,1
10421,0,0,2025-08-05 19:41:44,229,3
10422,1,18,2025-08-05 21:16:18,1154,1
10422,3,0,2025-08-05 21:16:18,620,1
10423,1,8,2025-08-05 23:03:16,1438,1
10423,1,7,2025-08-05 23:03:16,498,1
10423,1,1,2025-08-05 23:03:16,560,1
10423,3,0,2025-08-05 23:03:16,1342,1
10423,2,0,2025-08-05 23:03:16,121315,1
10424,1,3,2025-08-06 01:15:08,453,1
10424,1,15,2025-08-06 01:15:08,420,1
10424,1,0,2025-08-06 01:15:08,1190,1
10424,3,0,2025-08-06 01:15:08,1109,1
10425,1,4,2025-08-06 04:03:53,1059,1
10425,1,14,2025-08-06 04:03:53,2365,1
10425,3,0,2025-08-06 04:03:53,1841,1
10425,2,0,2025-08-06 04:03:53,57275,1
10426,1,5,2025-08-06 05:50:38,189,1
10426,1,15,2025-08-06 05:50:38,337,1
10426,1,4,2025-08-06 05:50:38,284,1
10426,3,0,2025-08-06 05:50:38,435,1
10427,1,10,2025-08-17 03:22:07,692,1
10427,3,0,2025-08-17 03:22:07,635,1
10427,2,0,2025-08-17 03:22:07,61726,1
10428,1,4,2025-08-17 04:30:41,1613,1
10428,3,0,2025-08-17 04:30:41,1481,1
10429,1,19,2025-08-17 05:38:28,487,1
10429,1,10,2025-08-17 05:38:28,313,1
10429,1,11,2025-08-17 05:38:28,476,1
10429,3,0,2025-08-17 05:38:28,1171,1
10429,2,0,2025-08-17 05:38:28,60376,1
10430,1,10,2025-08-17 07:06:41,1441,1
10430,1,8,2025-08-17 07:06:41,377,1
10430,1,3,2025-08-17 07:06:41,629,1
10430,3,0,2025-08-17 07:06:41,2246,1
10430,2,0,2025-08-17 07:06:41,191551,1
10431,1,17,2025-08-17 07:40:41,243,1
10431,1,8,2025-08-17 07:40:41,175,1
10431,1,5,2025-08-17 07:40:41,208,1
10431,3,0,2025-08-17 07:40:41,574,1
10431,2,0,2025-08-17 07:40:41,103884,1
10432,1,15,2025-08-17 09:26:08,564,1
10432,1,18,2025-08-17 09:26:08,359,1
10432,1,3,2025-08-17 09:26:08,499,1
10432,3,0,2025-08-17 09:26:08,1305,1
10433,1,17,2025-10-18 06:39:24,316,1
10433,1,11,2025-10-18 06:39:24,333,1
10433,1,7,2025-10-18 06:39:24,384,1
10433,3,0,2025-10-18 06:39:24,1331,1
10434,1,6,2025-10-18 08:22:59,1300,1
10434,3,0,2025-10-18 08:22:59,1675,1
10435,1,13,2025-10-18 09:56:55,339,1
10435,3,0,2025-10-18 09:56:55,437,1
10435,0,0,2025-10-18 09:56:55,133,1
10436,1,15,2025-11-04 06:58:55,1123,1
10436,1,13,2025-11-04 06:58:55,844,1
10436,3,0,2025-11-04 06:58:55,1568,1
10436,2,0,2025-11-04 06:58:55,122644,1
10437,1,19,2025-11-04 08:06:50,849,1
10437,1,1,2025-11-04 08:06:50,348,1
10437,1,7,2025-11-04 08:06:50,402,1
10437,3,0,2025-11-04 08:06:50,1276,1
10438,1,17,2025-11-04 08:54:59,336,1
10438,1,11,2025-11-04 08:54:59,318,1
10438,1,5,2025-11-04 08:54:59,453,1
10438,3,0,2025-11-04 08:54:59,882,1
10439,1,14,2025-11-04 11:01:52,3133,1
10439,3,0,2025-11-04 11:01:52,2500,1
10440,1,7,2025-11-04 11:49:26,205,1
10440,1,1,2025-11-04 11:49:26,649,1
10440,3,0,2025-11-04 11:49:26,680,1
10441,1,2,2025-11-04 12:33:11,960,1
10441,3,0,2025-11-04 12:33:11,765,1
10441,0,0,2025-11-04 12:33:11,276,2
10441,2,0,2025-11-04 12:33:11,167806,1
10442,1,9,2025-11-04 14:40:47,827,1
10442,1,18,2025-11-04 14:40:47,987,1
10442,1,10,2025-11-04 14:40:47,1043,1
10442,3,0,2025-11-04 14:40:47,2279,1
10443,1,11,2025-11-04 16:55:51,566,1
10443,1,9,2025-11-04 16:55:51,1239,1
10443,3,0,2025-11-04 16:55:51,1439,1
10443,0,0,2025-11-04 16:55:51,169,1
10444,1,17,2025-06-20 05:02:03,816,1
10444,1,12,2025-06-20 05:02:03,196,1
10444,1,12,2025-06-20 05:02:03,616,1
10444,3,0,2025-06-20 05:02:03,2095,1
10445,1,7,2025-06-20 06:39:59,269,1
10445,1,13,2025-06-20 06:39:59,281,1
10445,3,0,2025-06-20 06:39:59,706,1
10445,2,0,2025-06-20 06:39:59,2120,1
10446,1,8,2025-06-20 08:35:20,2187,1
10446,3,0,2025-06-20 08:35:20,2814,1
10447,1,17,2025-06-20 10:15:46,876,1
10447,1,6,2025-06-20 10:15:46,710,1
10447,3,0,2025-06-20 10:15:46,2040,1
10448,1,3,2025-06-20 10:43:18,190,1
10448,1,16,2025-06-20 10:43:18,105,1
10448,1,15,2025-06-20 10:43:18,323,1
10448,3,0,2025-06-20 10:43:18,794,1
10448,2,0,2025-06-20 10:43:18,118864,1
10449,1,4,2025-06-20 12:26:25,1761,1
10449,3,0,2025-06-20 12:26:25,2266,1
10450,1,7,2025-06-20 13:52:16,648,1
10450,1,9,2025-06-20 13:52:16,446,1
10450,1,11,2025-06-20 13:52:16,477,1
10450,3,0,2025-06-20 13:52:16,2020,1
10451,1,14,2025-06-20 14:37:58,386,1
10451,3,0,2025-06-20 14:37:58,496,1
10452,1,13,2025-06-20 15:29:07,366,1
10452,1,3,2025-06-20 15:29:07,950,1
10452,3,0,2025-06-20 15:29:07,1693,1
10452,2,0,2025-06-20 15:29:07,32365,1
10453,1,8,2025-09-27 06:23:10,459,1
10453,1,2,2025-09-27 06:23:10,95,1
10453,1,13,2025-09-27 06:23:10,275,1
10453,3,0,2025-09-27 06:23:10,561,1
10453,0,0,2025-09-27 06:23:10,197,3
10454,1,16,2025-09-27 08:11:35,1588,1
10454,3,0,2025-09-27 08:11:35,1077,1
10455,1,10,2025-09-27 09:55:47,3404,1
10455,3,0,2025-09-27 09:55:47,2308,1
10455,0,0,2025-09-27 09:55:47,80,1
10456,1,1,2025-09-27 12:36:07,1851,1
10456,1,5,2025-09-27 12:36:07,1379,1
10456,3,0,2025-09-27 12:36:07,2190,1
10457,1,13,2025-07-24 10:10:30,1569,1
10457,3,0,2025-07-24 10:10:30,2661,1
10457,2,0,2025-07-24 10:10:30,122572,1
10458,1,16,2025-07-24 11:18:28,726,1
10458,1,1,2025-07-24 11:18:28,311,1
10458,1,11,2025-07-24 11:18:28,409,1
10458,3,0,2025-07-24 11:18:28,2452,1
10459,1,7,2025-07-24 12:21:56,879,1
10459,3,0,2025-07-24 12:21:56,1489,1
10459,0,0,2025-07-24 12:21:56,158,3
10460,1,18,2025-07-24 15:00:01,855,1
10460,1,6,2025-07-24 15:00:01,402,1
10460,1,14,2025-07-24 15:00:01,726,1
10460,3,0,2025-07-24 15:00:01,3362,1
10461,1,16,2025-07-24 16:25:30,133,1
10461,1,15,2025-07-24 16:25:30,145,1
10461,3,0,2025-07-24 16:25:30,471,1
10462,1,8,2025-07-24 18:22:52,373,1
10462,1,4,2025-07-24 18:22:52,197,1
10462,1,6,2025-07-24 18:22:52,240,1
10462,3,0,2025-07-24 18:22:52,1372,1
10462,2,0,2025-07-24 18:22:52,153566,1
10463,1,7,2025-07-24 20:32:23,564,1
10463,1,8,2025-07-24 20:32:23,538,1
10463,3,0,2025-07-24 20:32:23,1869,1
10463,0,0,2025-07-24 20:32:23,70,3
10464,1,7,2025-07-24 23:27:58,1213,1
10464,1,16,2025-07-24 23:27:58,493,1
10464,1,7,2025-07-24 23:27:58,511,1
10464,3,0,2025-07-24 23:27:58,3758,1
10465,1,19,2025-09-03 00:45:48,437,1
10465,1,4,2025-09-03 00:45:48,882,1
10465,3,0,2025-09-03 00:45:48,1429,1
10466,1,19,2025-09-03 02:40:42,788,1
10466,1,18,2025-09-03 02:40:42,500,1
10466,1,2,2025-09-03 02:40:42,868,1
10466,3,0,2025-09-03 02:40:42,2338,1
10466,0,0,2025-09-03 02:40:42,101,1
10467,1,19,2025-09-03 05:20:52,643,1
10467,1,1,2025-09-03 05:20:52,523,1
10467,1,13,2025-09-03 05:20:52,1459,1
10467,3,0,2025-09-03 05:20:52,2845,1
10467,2,0,2025-09-03 05:20:52,61842,1
10468,1,18,2025-09-03 07:22:39,596,1
10468,1,8,2025-09-03 07:22:39,853,1
10468,1,6,2025-09-03 07:22:39,848,1
10468,3,0,2025-09-03 07:22:39,2490,1
10469,1,1,2025-09-03 09:14:23,445,1
10469,1,1,2025-09-03 09:14:23,582,1
10469,1,7,2025-09-03 09:14:23,693,1
10469,3,0,2025-09-03 09:14:23,1864,1
10469,0,0,2025-09-03 09:14:23,165,1
10469,2,0,2025-09-03 09:14:23,33048,1
10470,1,5,2025-09-03 10:56:36,425,1
10470,1,4,2025-09-03 10:56:36,278,1
10470,1,15,2025-09-03 10:56:36,541,1
10470,3,0,2025-09-03 10:56:36,1349,1
10471,1,10,2025-09-03 12:40:25,517,1
10471,1,0,2025-09-03 12:40:25,1119,1
10471,3,0,2025-09-03 12:40:25,1773,1
10472,1,0,2025-07-20 10:11:49,411,1
10472,1,19,2025-07-20 10:11:49,450,1
10472,1,3,2025-07-20 10:11:49,543,1
10472,3,0,2025-07-20 10:11:49,2905,1
10472,0,0,2025-07-20 10:11:49,118,4
10472,2,0,2025-07-20 10:11:49,19821,1
10473,1,3,2025-07-20 12:13:48,500,1
10473,1,5,2025-07-20 12:13:48,1044,1
10473,3,0,2025-07-20 12:13:48,3195,1
10473,2,0,2025-07-20 12:13:48,106159,1
10474,1,2,2025-07-20 13:58:48,64,1
10474,1,11,2025-07-20 13:58:48,249,1
10474,3,0,2025-07-20 13:58:48,647,1
10474,0,0,2025-07-20 13:58:48,21,2
10474,2,0,2025-07-20 13:58:48,127726,1
10475,1,17,2025-07-20 16:11:20,646,1
10475,1,19,2025-07-20 16:11:20,196,1
10475,1,0,2025-07-20 16:11:20,244,1
10475,3,0,2025-07-20 16:11:20,2246,1
10475,0,0,2025-07-20 16:11:20,257,3
10476,1,19,2025-07-20 17:30:21,174,1
10476,1,0,2025-07-20 17:30:21,179,1
10476,3,0,2025-07-20 17:30:21,728,1
10476,0,0,2025-07-20 17:30:21,268,1
10477,1,2,2025-07-20 19:32:44,523,1
10477,1,11,2025-07-20 19:32:44,1303,1
10477,3,0,2025-07-20 19:32:44,3777,1
10478,1,1,2025-09-29 22:33:09,446,1
10478,1,13,2025-09-29 22:33:09,951,1
10478,3,0,2025-09-29 22:33:09,592,1
10478,0,0,2025-09-29 22:33:09,59,2
10478,2,0,2025-09-29 22:33:09,63712,1
10479,1,19,2025-09-29 23:50:43,929,1
10479,1,6,2025-09-29 23:50:43,1876,1
10479,3,0,2025-09-29 23:50:43,1189,1
10479,0,0,2025-09-29 23:50:43,150,1
10479,2,0,2025-09-29 23:50:43,44165,1
10480,1,11,2025-09-30 01:41:15,1961,1
10480,3,0,2025-09-30 01:41:15,831,1
10480,2,0,2025-09-30 01:41:15,3556,1
10481,1,7,2025-06-13 01:43:23,285,1
10481,1,17,2025-06-13 01:43:23,1097,1
10481,3,0,2025-06-13 01:43:23,1221,1
10481,0,0,2025-06-13 01:43:23,179,2
10482,1,3,2025-06-13 03:24:47,2147,1
10482,3,0,2025-06-13 03:24:47,1897,1
10482,0,0,2025-06-13 03:24:47,194,2
10483,1,7,2025-06-13 04:11:59,332,1
10483,1,10,2025-06-13 04:11:59,391,1
10483,1,11,2025-06-13 04:11:59,431,1
10483,3,0,2025-06-13 04:11:59,1018,1
10484,1,16,2025-06-13 05:23:19,1667,1
10484,3,0,2025-06-13 05:23:19,1473,1
10484,2,0,2025-06-13 05:23:19,142295,1
10485,1,2,2025-06-13 07:26:20,1076,1
10485,1,1,2025-06-13 07:26:20,1601,1
10485,3,0,2025-06-13 07:26:20,2364,1
10485,2,0,2025-06-13 07:26:20,25383,1
10486,1,13,2025-06-13 08:25:03,543,1
10486,1,15,2025-06-13 08:25:03,374,1
10486,1,16,2025-06-13 08:25:03,540,1
10486,3,0,2025-06-13 08:25:03,1286,1
10486,2,0,2025-06-13 08:25:03,164137,1
10487,1,15,2025-06-13 09:13:29,1416,1
10487,3,0,2025-06-13 09:13:29,1250,1
10488,1,18,2025-06-13 10:31:15,1089,1
10488,1,6,2025-06-13 10:31:15,1166,1
10488,3,0,2025-06-13 10:31:15,1991,1
10488,0,0,2025-06-13 10:31:15,280,2
10489,1,8,2025-08-23 00:39:23,2232,1
10489,1,6,2025-08-23 00:39:23,691,1
10489,1,14,2025-08-23 00:39:23,945,1
10489,3,0,2025-08-23 00:39:23,2095,1
10489,2,0,2025-08-23 00:39:23,178870,1
10490,1,5,2025-08-23 01:54:38,1469,1
10490,1,15,2025-08-23 01:54:38,501,1
10490,1,1,2025-08-23 01:54:38,570,1
10490,3,0,2025-08-23 01:54:38,1375,1
10490,0,0,2025-08-23 01:54:38,144,3
10490,2,0,2025-08-23 01:54:38,132386,1
10491,1,9,2025-08-23 03:27:22,1485,1
10491,1,1,2025-08-23 03:27:22,1696,1
10491,3,0,2025-08-23 03:27:22,1723,1
10491,0,0,2025-08-23 03:27:22,209,4
10491,2,0,2025-08-23 03:27:22,102835,1
10492,1,10,2025-08-23 04:41:52,2511,1
10492,3,0,2025-08-23 04:41:52,1359,1
10493,1,7,2025-09-30 07:16:54,275,1
10493,1,4,2025-09-30 07:16:54,46,1
10493,1,2,2025-09-30 07:16:54,185,1
10493,3,0,2025-09-30 07:16:54,508,1
10493,2,0,2025-09-30 07:16:54,162473,1
10494,1,11,2025-09-30 08:50:53,208,1
10494,1,18,2025-09-30 08:50:53,224,1
10494,1,11,2025-09-30 08:50:53,465,1
10494,3,0,2025-09-30 08:50:53,902,1
10494,2,0,2025-09-30 08:50:53,40267,1
10495,1,5,2025-09-30 10:37:43,2688,1
10495,3,0,2025-09-30 10:37:43,2702,1
10496,1,17,2025-09-30 12:28:12,1331,1
10496,3,0,2025-09-30 12:28:12,1338,1
10497,1,19,2025-09-30 13:57:07,663,1
10497,1,13,2025-09-30 13:57:07,324,1
10497,1,14,2025-09-30 13:57:07,417,1
10497,3,0,2025-09-30 13:57:07,1411,1
10498,1,3,2025-09-14 07:13:23,80,1
10498,1,12,2025-09-14 07:13:23,215,1
10498,3,0,2025-09-14 07:13:23,508,1
10498,0,0,2025-09-14 07:13:23,230,1
10499,1,8,2025-09-14 09:42:08,929,1
10499,1,11,2025-09-14 09:42:08,355,1
10499,1,10,2025-09-14 09:42:08,893,1
10499,3,0,2025-09-14 09:42:08,3748,1
10499,0,0,2025-09-14 09:42:08,175,3
10500,1,13,2025-09-14 11:32:45,1998,1
10500,3,0,2025-09-14 11:32:45,3439,1
10501,1,6,2025-09-14 13:01:03,722,1
10501,1,18,2025-09-14 13:01:03,696,1
10501,3,0,2025-09-14 13:01:03,2440,1
10502,1,16,2025-07-01 08:43:09,849,1
10502,1,14,2025-07-01 08:43:09,591,1
10502,3,0,2025-07-01 08:43:09,1149,1
10502,2,0,2025-07-01 08:43:09,167612,1
10503,1,11,2025-07-01 10:14:14,383,1
10503,1,12,2025-07-01 10:14:14,277,1
10503,1,10,2025-07-01 10:14:14,378,1
10503,3,0,2025-07-01 10:14:14,827,1
10503,0,0,2025-07-01 10:14:14,237,4
10503,2,0,2025-07-01 10:14:14,19575,1
10504,1,4,2025-07-01 12:14:15,1214,1
10504,1,14,2025-07-01 12:14:15,1356,1
10504,3,0,2025-07-01 12:14:15,2051,1
10504,0,0,2025-07-01 12:14:15,43,1
10504,2,0,2025-07-01 12:14:15,105988,1
10505,1,15,2025-07-01 12:59:35,779,1
10505,3,0,2025-07-01 12:59:35,621,1
10505,2,0,2025-07-01 12:59:35,173756,1
10506,1,17,2025-07-01 14:44:18,1965,1
10506,1,5,2025-07-01 14:44:18,1363,1
10506,3,0,2025-07-01 14:44:18,2655,1
10506,0,0,2025-07-01 14:44:18,76,2
10507,1,18,2025-07-01 17:21:00,2993,1
10507,3,0,2025-07-01 17:21:00,2389,1
10507,0,0,2025-07-01 17:21:00,32,1
10507,2,0,2025-07-01 17:21:00,70976,1
10508,1,14,2025-07-01 18:44:54,1599,1
10508,3,0,2025-07-01 18:44:54,1275,1
10509,1,3,2025-07-01 20:33:23,1161,1
10509,1,8,2025-07-01 20:33:23,1206,1
10509,1,17,2025-07-01 20:33:23,886,1
10509,3,0,2025-07-01 20:33:23,2596,1
10509,0,0,2025-07-01 20:33:23,24,2
10510,1,19,2025-07-01 21:48:21,2335,1
10510,3,0,2025-07-01 21:48:21,1863,1
10511,1,8,2025-09-29 12:27:34,1175,1
10511,1,10,2025-09-29 12:27:34,1063,1
10511,3,0,2025-09-29 12:27:34,3016,1
10511,2,0,2025-09-29 12:27:34,184150,1
10512,1,9,2025-09-29 14:17:27,631,1
10512,1,18,2025-09-29 14:17:27,1641,1
10512,3,0,2025-09-29 14:17:27,3061,1
10512,2,0,2025-09-29 14:17:27,177135,1
10513,1,19,2025-09-29 15:42:41,488,1
10513,1,12,2025-09-29 15:42:41,771,1
10513,3,0,2025-09-29 15:42:41,1695,1
10513,2,0,2025-09-29 15:42:41,130501,1
10514,1,2,2025-09-29 17:48:47,411,1
10514,1,19,2025-09-29 17:48:47,614,1
10514,3,0,2025-09-29 17:48:47,1381,1
10514,0,0,2025-09-29 17:48:47,91,3
10514,2,0,2025-09-29 17:48:47,188371,1
10515,1,18,2025-09-29 19:42:43,909,1
10515,1,14,2025-09-29 19:42:43,648,1
10515,3,0,2025-09-29 19:42:43,2099,1
10515,0,0,2025-09-29 19:42:43,15,4
10516,1,11,2025-09-29 20:43:10,612,1
10516,1,12,2025-09-29 20:43:10,194,1
10516,1,4,2025-09-29 20:43:10,254,1
10516,3,0,2025-09-29 20:43:10,1427,1
10517,1,7,2025-08-16 15:12:58,571,1
10517,1,9,2025-08-16 15:12:58,1568,1
10517,3,0,2025-08-16 15:12:58,2239,1
10517,0,0,2025-08-16 15:12:58,122,1
10517,2,0,2025-08-16 15:12:58,20042,1
10518,1,10,2025-08-16 17:07:15,850,1
10518,1,1,2025-08-16 17:07:15,472,1
10518,1,14,2025-08-16 17:07:15,1266,1
10518,3,0,2025-08-16 17:07:15,2709,1
10519,1,3,2025-08-16 19:35:14,2345,1
10519,3,0,2025-08-16 19:35:14,2454,1
10519,2,0,2025-08-16 19:35:14,148440,1
10520,1,13,2025-08-16 20:23:38,182,1
10520,1,11,2025-08-16 20:23:38,299,1
10520,3,0,2025-08-16 20:23:38,503,1
10521,1,12,2025-08-16 21:43:30,1462,1
10521,3,0,2025-08-16 21:43:30,1530,1
10522,1,3,2025-08-17 00:12:35,1451,1
10522,1,13,2025-08-17 00:12:35,1395,1
10522,3,0,2025-08-17 00:12:35,2979,1
10522,0,0,2025-08-17 00:12:35,177,4
10522,2,0,2025-08-17 00:12:35,150497,1
10523,1,0,2025-08-19 21:12:53,399,1
10523,3,0,2025-08-19 21:12:53,374,1
10523,0,0,2025-08-19 21:12:53,161,3
10524,1,6,2025-08-19 22:30:06,456,1
10524,1,12,2025-08-19 22:30:06,603,1
10524,3,0,2025-08-19 22:30:06,994,1
10525,1,8,2025-08-20 00:30:57,683,1
10525,1,9,2025-08-20 00:30:57,757,1
10525,1,9,2025-08-20 00:30:57,691,1
10525,3,0,2025-08-20 00:30:57,2000,1
10525,2,0,2025-08-20 00:30:57,177441,1
10526,1,6,2025-08-20 03:17:04,3005,1
10526,3,0,2025-08-20 03:17:04,2822,1
10527,1,19,2025-08-20 05:13:57,1104,1
10527,1,12,2025-08-20 05:13:57,1492,1
10527,3,0,2025-08-20 05:13:57,2437,1
10528,1,17,2025-08-20 05:56:06,399,1
10528,1,3,2025-08-20 05:56:06,534,1
10528,3,0,2025-08-20 05:56:06,876,1
10528,0,0,2025-08-20 05:56:06,138,2
10528,2,0,2025-08-20 05:56:06,151594,1
10529,1,2,2025-08-20 08:45:00,3029,1
10529,3,0,2025-08-20 08:45:00,2845,1
10529,2,0,2025-08-20 08:45:00,192984,1
10530,1,19,2025-08-20 09:47:44,1415,1
10530,3,0,2025-08-20 09:47:44,1329,1
10530,0,0,2025-08-20 09:47:44,281,2
10531,1,19,2025-08-20 10:57:24,578,1
10531,3,0,2025-08-20 10:57:24,542,1
10531,2,0,2025-08-20 10:57:24,8665,1
10532,1,14,2025-07-23 03:40:02,354,1
10532,1,1,2025-07-23 03:40:02,1198,1
10532,3,0,2025-07-23 03:40:02,850,1
10532,2,0,2025-07-23 03:40:02,112642,1
10533,1,4,2025-07-23 05:42:27,1451,1
10533,3,0,2025-07-23 05:42:27,794,1
10534,1,2,2025-07-23 08:11:17,3250,1
10534,3,0,2025-07-23 08:11:17,1780,1
10535,1,19,2025-07-23 09:04:51,798,1
10535,3,0,2025-07-23 09:04:51,436,1
10535,0,0,2025-07-23 09:04:51,71,3
10535,2,0,2025-07-23 09:04:51,129371,1
10536,1,11,2025-07-23 11:40:26,1119,1
10536,1,0,2025-07-23 11:40:26,2587,1
10536,3,0,2025-07-23 11:40:26,2029,1
10537,1,18,2025-07-23 12:33:48,1255,1
10537,3,0,2025-07-23 12:33:48,687,1
10537,0,0,2025-07-23 12:33:48,101,1
10537,2,0,2025-07-23 12:33:48,195311,1
10538,1,4,2025-07-23 14:20:18,1188,1
10538,1,10,2025-07-23 14:20:18,663,1
10538,1,4,2025-07-23 14:20:18,1580,1
10538,3,0,2025-07-23 14:20:18,1879,1
10538,2,0,2025-07-23 14:20:18,173391,1
10539,1,9,2025-07-23 15:53:54,475,1
10539,1,0,2025-07-23 15:53:54,175,1
10539,1,14,2025-07-23 15:53:54,498,1
10539,3,0,2025-07-23 15:53:54,628,1
10539,2,0,2025-07-23 15:53:54,131178,1
10540,1,5,2025-10-29 21:38:25,4056,1
10540,3,0,2025-10-29 21:38:25,1849,1
10541,1,13,2025-10-29 23:33:32,1294,1
10541,1,2,2025-10-29 23:33:32,978,1
10541,3,0,2025-10-29 23:33:32,1035,1
10542,1,17,2025-10-30 00:26:41,2067,1
10542,3,0,2025-10-30 00:26:41,942,1
10543,1,5,2025-10-30 01:36:13,1397,1
10543,1,17,2025-10-30 01:36:13,933,1
10543,3,0,2025-10-30 01:36:13,1062,1
10544,1,14,2025-10-30 03:28:47,808,1
10544,1,9,2025-10-30 03:28:47,1977,1
10544,3,0,2025-10-30 03:28:47,1269,1
10544,0,0,2025-10-30 03:28:47,83,4
10545,1,2,2025-10-30 05:44:24,1523,1
10545,1,5,2025-10-30 05:44:24,701,1
10545,1,16,2025-10-30 05:44:24,810,1
10545,3,0,2025-10-30 05:44:24,1383,1
10546,1,6,2025-10-30 06:10:30,310,1
10546,1,5,2025-10-30 06:10:30,725,1
10546,3,0,2025-10-30 06:10:30,471,1
10546,0,0,2025-10-30 06:10:30,33,2
10546,2,0,2025-10-30 06:10:30,158575,1
10547,1,10,2025-09-16 18:59:33,863,1
10547,1,18,2025-09-16 18:59:33,1003,1
10547,3,0,2025-09-16 18:59:33,1707,1
10548,1,7,2025-09-16 21:12:43,2794,1
10548,3,0,2025-09-16 21:12:43,2556,1
10548,0,0,2025-09-16 21:12:43,78,3
10548,2,0,2025-09-16 21:12:43,22326,1
10549,1,17,2025-09-16 23:16:31,1310,1
10549,3,0,2025-09-16 23:16:31,1198,1
10549,0,0,2025-09-16 23:16:31,196,3
10550,1,13,2025-07-15 00:21:26,1166,1
10550,1,18,2025-07-15 00:21:26,424,1
10550,1,17,2025-07-15 00:21:26,1256,1
10550,3,0,2025-07-15 00:21:26,2040,1
10551,1,3,2025-07-15 03:23:27,3251,1
10551,3,0,2025-07-15 03:23:27,2330,1
10552,1,13,2025-07-15 04:37:24,1327,1
10552,3,0,2025-07-15 04:37:24,950,1
10553,1,16,2025-07-15 06:21:20,2514,1
10553,3,0,2025-07-15 06:21:20,1802,1
10554,1,8,2025-07-15 08:58:09,1039,1
10554,1,9,2025-07-15 08:58:09,1646,1
10554,3,0,2025-07-15 08:58:09,1924,1
10554,2,0,2025-07-15 08:58:09,194986,1
10555,1,14,2025-07-15 10:07:04,500,1
10555,1,19,2025-07-15 10:07:04,1040,1
10555,1,19,2025-07-15 10:07:04,729,1
10555,3,0,2025-07-15 10:07:04,1626,1
10556,1,2,2025-07-15 11:49:17,892,1
10556,1,12,2025-07-15 11:49:17,885,1
10556,1,4,2025-07-15 11:49:17,992,1
10556,3,0,2025-07-15 11:49:17,1984,1
10556,2,0,2025-07-15 11:49:17,28379,1
10557,1,10,2025-10-07 18:08:00,2223,1
10557,3,0,2025-10-07 18:08:00,1857,1
10557,0,0,2025-10-07 18:08:00,105,2
10558,1,15,2025-10-07 19:57:28,253,1
10558,1,16,2025-10-07 19:57:28,444,1
10558,1,18,2025-10-07 19:57:28,430,1
10558,3,0,2025-10-07 19:57:28,941,1
10559,1,5,2025-10-07 21:57:02,2078,1
10559,3,0,2025-10-07 21:57:02,1736,1
10559,2,0,2025-10-07 21:57:02,38640,1
10560,1,7,2025-10-07 23:57:48,1445,1
10560,1,6,2025-10-07 23:57:48,860,1
10560,1,6,2025-10-07 23:57:48,695,1
10560,3,0,2025-10-07 23:57:48,2506,1
10560,0,0,2025-10-07 23:57:48,234,3
10560,2,0,2025-10-07 23:57:48,43001,1
10561,1,15,2025-10-08 01:49:48,275,1
10561,1,8,2025-10-08 01:49:48,902,1
10561,3,0,2025-10-08 01:49:48,983,1
10561,2,0,2025-10-08 01:49:48,55123,1
10562,1,5,2025-10-08 03:03:09,217,1
10562,1,10,2025-10-08 03:03:09,163,1
10562,1,11,2025-10-08 03:03:09,580,1
10562,3,0,2025-10-08 03:03:09,801,1
10562,0,0,2025-10-08 03:03:09,73,4
10562,2,0,2025-10-08 03:03:09,197736,1
10563,1,9,2025-10-08 04:50:52,3031,1
10563,3,0,2025-10-08 04:50:52,2532,1
10564,1,17,2025-10-08 06:52:54,1211,1
10564,3,0,2025-10-08 06:52:54,1011,1
10564,0,0,2025-10-08 06:52:54,42,3
10565,1,19,2025-10-26 13:34:27,1171,1
10565,3,0,2025-10-26 13:34:27,896,1
10566,1,1,2025-10-26 14:11:52,450,1
10566,1,11,2025-10-26 14:11:52,175,1
10566,1,7,2025-10-26 14:11:52,545,1
10566,3,0,2025-10-26 14:11:52,895,1
10567,1,10,2025-10-26 15:43:35,807,1
10567,1,4,2025-10-26 15:43:35,1146,1
10567,1,17,2025-10-26 15:43:35,791,1
10567,3,0,2025-10-26 15:43:35,2099,1
10568,1,12,2025-10-26 17:50:34,807,1
10568,1,17,2025-10-26 17:50:34,619,1
10568,1,2,2025-10-26 17:50:34,681,1
10568,3,0,2025-10-26 17:50:34,1612,1
10568,2,0,2025-10-26 17:50:34,87587,1
10569,1,7,2025-10-26 18:53:26,1423,1
10569,3,0,2025-10-26 18:53:26,1089,1
10570,1,11,2025-10-26 21:23:09,1092,1
10570,1,2,2025-10-26 21:23:09,1482,1
10570,3,0,2025-10-26 21:23:09,1969,1
10570,0,0,2025-10-26 21:23:09,283,1
10571,1,17,2025-10-26 22:19:37,304,1
10571,1,0,2025-10-26 22:19:37,325,1
10571,1,1,2025-10-26 22:19:37,407,1
10571,3,0,2025-10-26 22:19:37,792,1
10572,1,15,2025-07-29 21:11:56,2507,1
10572,3,0,2025-07-29 21:11:56,1809,1
10572,2,0,2025-07-29 21:11:56,81147,1
10573,1,11,2025-07-29 22:13:52,713,1
10573,1,14,2025-07-29 22:13:52,322,1
10573,1,7,2025-07-29 22:13:52,915,1
10573,3,0,2025-07-29 22:13:52,1406,1
10573,2,0,2025-07-29 22:13:52,122337,1
10574,1,11,2025-07-29 23:18:01,537,1
10574,1,10,2025-07-29 23:18:01,509,1
10574,1,2,2025-07-29 23:18:01,702,1
10574,3,0,2025-07-29 23:18:01,1261,1
10574,2,0,2025-07-29 23:18:01,14358,1
10575,1,4,2025-07-30 01:35:53,2331,1
10575,3,0,2025-07-30 01:35:53,1681,1
10575,0,0,2025-07-30 01:35:53,140,4
10576,1,9,2025-07-30 02:58:49,504,1
10576,1,17,2025-07-30 02:58:49,1132,1
10576,3,0,2025-07-30 02:58:49,1180,1
10576,0,0,2025-07-30 02:58:49,215,1
10576,2,0,2025-07-30 02:58:49,171804,1
10577,1,0,2025-07-30 05:21:50,791,1
10577,1,11,2025-07-30 05:21:50,604,1
10577,1,0,2025-07-30 05:21:50,976,1
10577,3,0,2025-07-30 05:21:50,1710,1
10577,0,0,2025-07-30 05:21:50,239,4
10578,1,1,2025-07-30 06:51:39,2294,1
10578,3,0,2025-07-30 06:51:39,1655,1
10579,1,19,2025-07-30 08:05:43,275,1
10579,1,5,2025-07-30 08:05:43,182,1
10579,1,13,2025-07-30 08:05:43,382,1
10579,3,0,2025-07-30 08:05:43,605,1
10579,2,0,2025-07-30 08:05:43,117347,1
10580,1,19,2025-07-30 10:34:53,1556,1
10580,1,6,2025-07-30 10:34:53,1865,1
10580,3,0,2025-07-30 10:34:53,2469,1
10581,1,15,2025-10-16 14:02:02,2222,1
10581,3,0,2025-10-16 14:02:02,1500,1
10581,2,0,2025-10-16 14:02:02,159639,1
10582,1,7,2025-10-16 14:45:27,265,1
10582,1,2,2025-10-16 14:45:27,287,1
10582,1,7,2025-10-16 14:45:27,430,1
10582,3,0,2025-10-16 14:45:27,663,1
10582,0,0,2025-10-16 14:45:27,59,3
10583,1,0,2025-10-16 16:18:42,535,1
10583,1,8,2025-10-16 16:18:42,1874,1
10583,3,0,2025-10-16 16:18:42,1626,1
10583,0,0,2025-10-16 16:18:42,236,3
10584,1,9,2025-10-16 18:25:42,293,1
10584,1,14,2025-10-16 18:25:42,512,1
10584,1,10,2025-10-16 18:25:42,556,1
10584,3,0,2025-10-16 18:25:42,919,1
10585,1,18,2025-10-16 19:53:26,779,1
10585,3,0,2025-10-16 19:53:26,525,1
10586,1,3,2025-10-16 20:31:45,154,1
10586,1,19,2025-10-16 20:31:45,68,1
10586,1,7,2025-10-16 20:31:45,184,1
10586,3,0,2025-10-16 20:31:45,273,1
10587,1,9,2025-10-16 21:59:33,309,1
10587,1,15,2025-10-16 21:59:33,687,1
10587,3,0,2025-10-16 21:59:33,672,1
10588,1,3,2025-10-17 00:17:20,3502,1
10588,3,0,2025-10-17 00:17:20,2365,1
10589,1,19,2025-10-17 01:41:36,1299,1
10589,3,0,2025-10-17 01:41:36,877,1
10590,1,13,2025-09-23 02:22:29,547,1
10590,1,19,2025-09-23 02:22:29,2117,1
10590,3,0,2025-09-23 02:22:29,2285,1
10590,2,0,2025-09-23 02:22:29,132970,1
10591,1,15,2025-09-23 04:31:53,503,1
10591,1,13,2025-09-23 04:31:53,433,1
10591,1,19,2025-09-23 04:31:53,434,1
10591,3,0,2025-09-23 04:31:53,1174,1
10592,1,17,2025-09-23 06:04:42,1900,1
10592,3,0,2025-09-23 06:04:42,1629,1
10592,2,0,2025-09-23 06:04:42,11452,1
10593,1,19,2025-06-01 19:03:01,938,1
10593,1,2,2025-06-01 19:03:01,1075,1
10593,3,0,2025-06-01 19:03:01,1768,1
10594,1,7,2025-06-01 21:26:46,901,1
10594,1,4,2025-06-01 21:26:46,976,1
10594,3,0,2025-06-01 21:26:46,1648,1
10594,0,0,2025-06-01 21:26:46,266,4
10595,1,6,2025-06-01 23:37:31,1589,1
10595,3,0,2025-06-01 23:37:31,1396,1
10596,1,5,2025-06-02 00:57:20,713,1
10596,1,17,2025-06-02 00:57:20,217,1
10596,1,14,2025-06-02 00:57:20,310,1
10596,3,0,2025-06-02 00:57:20,1089,1
10596,2,0,2025-06-02 00:57:20,67339,1
10597,1,11,2025-06-02 03:25:06,3187,1
10597,3,0,2025-06-02 03:25:06,2799,1
10598,1,19,2025-06-02 03:59:23,808,1
10598,3,0,2025-06-02 03:59:23,709,1
10599,1,0,2025-06-15 05:33:50,724,1
10599,1,6,2025-06-15 05:33:50,634,1
10599,1,8,2025-06-15 05:33:50,692,1
10599,3,0,2025-06-15 05:33:50,3580,1
10600,1,3,2025-06-15 07:59:57,401,1
10600,1,16,2025-06-15 07:59:57,1219,1
10600,3,0,2025-06-15 07:59:57,2827,1
10600,0,0,2025-06-15 07:59:57,66,2
10601,1,13,2025-06-15 10:34:15,916,1
10601,1,16,2025-06-15 10:34:15,441,1
10601,1,5,2025-06-15 10:34:15,332,1
10601,3,0,2025-06-15 10:34:15,2949,1
10601,2,0,2025-06-15 10:34:15,150908,1
10602,1,0,2025-06-15 13:05:04,2181,1
10602,3,0,2025-06-15 13:05:04,3808,1
10602,0,0,2025-06-15 13:05:04,40,3
10603,1,14,2025-06-15 14:33:09,507,1
10603,1,5,2025-06-15 14:33:09,435,1
10603,3,0,2025-06-15 14:33:09,1643,1
10603,2,0,2025-06-15 14:33:09,55259,1
10604,1,1,2025-06-15 15:52:31,686,1
10604,3,0,2025-06-15 15:52:31,1196,1
10605,1,3,2025-06-15 18:25:26,641,1
10605,1,4,2025-06-15 18:25:26,1324,1
10605,3,0,2025-06-15 18:25:26,3430,1
10606,1,3,2025-09-22 22:54:34,756,1
10606,1,1,2025-09-22 22:54:34,1503,1
10606,3,0,2025-09-22 22:54:34,1015,1
10606,0,0,2025-09-22 22:54:34,157,3
10607,1,12,2025-09-23 00:17:56,281,1
10607,1,2,2025-09-23 00:17:56,273,1
10607,3,0,2025-09-23 00:17:56,248,1
10607,2,0,2025-09-23 00:17:56,44397,1
10608,1,8,2025-09-23 01:00:28,256,1
10608,1,19,2025-09-23 01:00:28,187,1
10608,1,4,2025-09-23 01:00:28,573,1
10608,3,0,2025-09-23 01:00:28,456,1
10609,1,10,2025-09-23 03:00:45,1443,1
10609,1,17,2025-09-23 03:00:45,1797,1
10609,3,0,2025-09-23 03:00:45,1457,1
10609,2,0,2025-09-23 03:00:45,98729,1
10610,1,0,2025-09-23 04:46:04,1343,1
10610,1,10,2025-09-23 04:46:04,1692,1
10610,3,0,2025-09-23 04:46:04,1364,1
10611,1,7,2025-09-23 06:25:35,1000,1
10611,1,13,2025-09-23 06:25:35,596,1
10611,1,0,2025-09-23 06:25:35,867,1
10611,3,0,2025-09-23 06:25:35,1108,1
10612,1,14,2025-09-23 07:26:43,278,1
10612,1,0,2025-09-23 07:26:43,235,1
10612,1,10,2025-09-23 07:26:43,238,1
10612,3,0,2025-09-23 07:26:43,337,1
10612,2,0,2025-09-23 07:26:43,90726,1
10613,1,13,2025-09-23 09:00:00,1230,1
10613,1,14,2025-09-23 09:00:00,269,1
10613,1,13,2025-09-23 09:00:00,665,1
10613,3,0,2025-09-23 09:00:00,973,1
10614,1,3,2025-11-07 14:20:39,441,1
10614,1,15,2025-11-07 14:20:39,672,1
10614,1,8,2025-11-07 14:20:39,1069,1
10614,3,0,2025-11-07 14:20:39,2657,1
10614,2,0,2025-11-07 14:20:39,171146,1
10615,1,13,2025-11-07 17:11:25,1082,1
10615,1,9,2025-11-07 17:11:25,454,1
10615,1,2,2025-11-07 17:11:25,1082,1
10615,3,0,2025-11-07 17:11:25,3188,1
10616,1,9,2025-11-07 18:39:05,1750,1
10616,3,0,2025-11-07 18:39:05,2130,1
10616,0,0,2025-11-07 18:39:05,133,1
10617,1,10,2025-11-07 19:40:33,638,1
10617,1,1,2025-11-07 19:40:33,647,1
10617,3,0,2025-11-07 19:40:33,1563,1
10617,0,0,2025-11-07 19:40:33,130,3
10617,2,0,2025-11-07 19:40:33,159644,1
10618,1,1,2025-11-07 21:18:00,117,1
10618,1,10,2025-11-07 21:18:00,220,1
10618,3,0,2025-11-07 21:18:00,410,1
10618,0,0,2025-11-07 21:18:00,140,2
10618,2,0,2025-11-07 21:18:00,191121,1
10619,1,2,2025-08-27 00:24:49,361,1
10619,1,0,2025-08-27 00:24:49,418,1
10619,3,0,2025-08-27 00:24:49,710,1
10619,0,0,2025-08-27 00:24:49,51,3
10619,2,0,2025-08-27 00:24:49,82787,1
10620,1,13,2025-08-27 02:01:57,1636,1
10620,3,0,2025-08-27 02:01:57,1492,1
10620,0,0,2025-08-27 02:01:57,152,3
10620,2,0,2025-08-27 02:01:57,179402,1
10621,1,14,2025-08-27 04:13:16,952,1
10621,1,15,2025-08-27 04:13:16,658,1
10621,3,0,2025-08-27 04:13:16,1469,1
10622,1,3,2025-08-27 05:36:52,760,1
10622,1,9,2025-08-27 05:36:52,1424,1
10622,3,0,2025-08-27 05:36:52,1992,1
10622,0,0,2025-08-27 05:36:52,235,3
10622,2,0,2025-08-27 05:36:52,132844,1
10623,1,18,2025-06-03 21:26:04,320,1
10623,1,10,2025-06-03 21:26:04,204,1
10623,1,5,2025-06-03 21:26:04,419,1
10623,3,0,2025-06-03 21:26:04,621,1
10624,1,10,2025-06-03 23:18:43,2085,1
10624,3,0,2025-06-03 23:18:43,1374,1
10625,1,1,2025-06-04 01:35:40,3289,1
10625,3,0,2025-06-04 01:35:40,2168,1
10626,1,11,2025-06-04 04:21:36,1038,1
10626,1,3,2025-06-04 04:21:36,2214,1
10626,3,0,2025-06-04 04:21:36,2144,1
10626,2,0,2025-06-04 04:21:36,53412,1
10627,1,3,2025-06-04 05:24:54,663,1
10627,1,14,2025-06-04 05:24:54,585,1
10627,1,18,2025-06-04 05:24:54,860,1
10627,3,0,2025-06-04 05:24:54,1390,1
10628,1,14,2025-06-04 07:41:38,952,1
10628,1,2,2025-06-04 07:41:38,343,1
10628,1,13,2025-06-04 07:41:38,1227,1
10628,3,0,2025-06-04 07:41:38,1662,1
10629,1,17,2025-06-04 08:47:51,634,1
10629,1,13,2025-06-04 08:47:51,321,1
10629,1,0,2025-06-04 08:47:51,283,1
10629,3,0,2025-06-04 08:47:51,815,1
10630,1,11,2025-06-04 10:27:01,1525,1
10630,3,0,2025-06-04 10:27:01,1005,1
10630,2,0,2025-06-04 10:27:01,144662,1
10631,1,10,2025-10-07 15:29:33,3008,1
10631,3,0,2025-10-07 15:29:33,2365,1
10632,1,5,2025-10-07 17:43:07,510,1
10632,1,11,2025-10-07 17:43:07,567,1
10632,1,5,2025-10-07 17:43:07,723,1
10632,3,0,2025-10-07 17:43:07,1414,1
10632,2,0,2025-10-07 17:43:07,7459,1
10633,1,8,2025-10-07 20:17:55,873,1
10633,1,19,2025-10-07 20:17:55,2312,1
10633,3,0,2025-10-07 20:17:55,2503,1
10634,1,14,2025-10-30 00:34:21,688,1
10634,1,19,2025-10-30 00:34:21,595,1
10634,3,0,2025-10-30 00:34:21,778,1
10635,1,5,2025-10-30 02:26:49,1359,1
10635,1,10,2025-10-30 02:26:49,445,1
10635,1,11,2025-10-30 02:26:49,1463,1
10635,3,0,2025-10-30 02:26:49,1981,1
10636,1,15,2025-10-30 04:09:59,244,1
10636,1,15,2025-10-30 04:09:59,465,1
10636,1,0,2025-10-30 04:09:59,381,1
10636,3,0,2025-10-30 04:09:59,660,1
10636,2,0,2025-10-30 04:09:59,95930,1
10637,1,8,2025-10-30 05:00:12,1540,1
10637,3,0,2025-10-30 05:00:12,933,1
10637,0,0,2025-10-30 05:00:12,149,3
10638,1,2,2025-10-30 05:46:41,1325,1
10638,3,0,2025-10-30 05:46:41,804,1
10639,1,1,2025-10-30 07:32:58,2252,1
10639,3,0,2025-10-30 07:32:58,1365,1
10639,0,0,2025-10-30 07:32:58,113,2
10639,2,0,2025-10-30 07:32:58,171101,1
10640,1,15,2025-10-30 09:11:41,364,1
10640,1,6,2025-10-30 09:11:41,199,1
10640,1,1,2025-10-30 09:11:41,323,1
10640,3,0,2025-10-30 09:11:41,537,1
10640,2,0,2025-10-30 09:11:41,67037,1
10641,1,6,2025-10-30 11:15:20,913,1
10641,1,2,2025-10-30 11:15:20,395,1
10641,1,15,2025-10-30 11:15:20,584,1
10641,3,0,2025-10-30 11:15:20,1147,1
10641,2,0,2025-10-30 11:15:20,35658,1
10642,1,3,2025-10-30 12:59:13,1490,1
10642,3,0,2025-10-30 12:59:13,903,1
10642,0,0,2025-10-30 12:59:13,227,4
10643,1,8,2025-06-11 05:31:00,497,1
10643,1,11,2025-06-11 05:31:00,464,1
10643,3,0,2025-06-11 05:31:00,899,1
10643,0,0,2025-06-11 05:31:00,114,1
10643,2,0,2025-06-11 05:31:00,179422,1
10644,1,15,2025-06-11 07:09:15,2426,1
10644,3,0,2025-06-11 07:09:15,2269,1
10644,2,0,2025-06-11 07:09:15,101115,1
10645,1,5,2025-06-11 08:46:59,1234,1
10645,1,0,2025-06-11 08:46:59,444,1
10645,1,4,2025-06-11 08:46:59,732,1
10645,3,0,2025-06-11 08:46:59,2254,1
10645,2,0,2025-06-11 08:46:59,52071,1
10646,1,7,2025-06-11 10:31:45,2690,1
10646,3,0,2025-06-11 10:31:45,2516,1
10646,0,0,2025-06-11 10:31:45,273,2
10646,2,0,2025-06-11 10:31:45,195217,1
10647,1,0,2025-06-11 11:10:43,207,1
10647,1,15,2025-06-11 11:10:43,226,1
10647,3,0,2025-06-11 11:10:43,405,1
10648,1,11,2025-06-11 13:31:46,3070,1
10648,3,0,2025-06-11 13:31:46,2873,1
10648,2,0,2025-06-11 13:31:46,7574,1
10649,1,13,2025-06-11 14:40:53,871,1
10649,1,3,2025-06-11 14:40:53,477,1
10649,1,7,2025-06-11 14:40:53,702,1
10649,3,0,2025-06-11 14:40:53,1917,1
10649,2,0,2025-06-11 14:40:53,188868,1
10650,1,16,2025-06-11 15:32:59,566,1
10650,1,16,2025-06-11 15:32:59,1018,1
10650,3,0,2025-06-11 15:32:59,1482,1
10650,0,0,2025-06-11 15:32:59,14,2
10650,2,0,2025-06-11 15:32:59,192308,1
10651,1,15,2025-08-16 03:38:14,1289,1
10651,3,0,2025-08-16 03:38:14,1005,1
10651,0,0,2025-08-16 03:38:14,127,2
10651,2,0,2025-08-16 03:38:14,86270,1
10652,1,8,2025-08-16 05:27:53,730,1
10652,1,8,2025-08-16 05:27:53,2359,1
10652,3,0,2025-08-16 05:27:53,2410,1
10653,1,2,2025-08-16 06:32:54,669,1
10653,1,16,2025-08-16 06:32:54,336,1
10653,1,9,2025-08-16 06:32:54,277,1
10653,3,0,2025-08-16 06:32:54,999,1
10653,2,0,2025-08-16 06:32:54,8126,1
10654,1,1,2025-07-20 12:34:35,1237,1
10654,3,0,2025-07-20 12:34:35,838,1
10654,0,0,2025-07-20 12:34:35,118,3
10655,1,7,2025-07-20 14:08:21,729,1
10655,1,11,2025-07-20 14:08:21,404,1
10655,1,16,2025-07-20 14:08:21,1111,1
10655,3,0,2025-07-20 14:08:21,1522,1
10656,1,1,2025-07-20 14:56:25,449,1
10656,1,9,2025-07-20 14:56:25,581,1
10656,1,12,2025-07-20 14:56:25,617,1
10656,3,0,2025-07-20 14:56:25,1117,1
10656,0,0,2025-07-20 14:56:25,122,3
10657,1,14,2025-07-20 16:49:26,1045,1
10657,1,19,2025-07-20 16:49:26,1672,1
10657,3,0,2025-07-20 16:49:26,1844,1
10658,1,0,2025-07-20 17:23:40,472,1
10658,1,2,2025-07-20 17:23:40,573,1
10658,3,0,2025-07-20 17:23:40,709,1
10659,1,1,2025-07-20 18:25:44,474,1
10659,1,9,2025-07-20 18:25:44,1530,1
10659,3,0,2025-07-20 18:25:44,1360,1
10660,1,15,2025-07-20 19:30:06,374,1
10660,1,2,2025-07-20 19:30:06,962,1
10660,3,0,2025-07-20 19:30:06,906,1
10660,0,0,2025-07-20 19:30:06,47,3
10661,1,15,2025-07-20 20:45:31,2088,1
10661,3,0,2025-07-20 20:45:31,1417,1
10662,1,3,2025-08-10 13:58:23,885,1
10662,1,11,2025-08-10 13:58:23,717,1
10662,1,1,2025-08-10 13:58:23,653,1
10662,3,0,2025-08-10 13:58:23,1248,1
10662,0,0,2025-08-10 13:58:23,11,1
10662,2,0,2025-08-10 13:58:23,116304,1
10663,1,18,2025-08-10 16:21:19,453,1
10663,1,6,2025-08-10 16:21:19,1631,1
10663,3,0,2025-08-10 16:21:19,1152,1
10663,0,0,2025-08-10 16:21:19,292,4
10664,1,17,2025-08-10 17:47:02,801,1
10664,3,0,2025-08-10 17:47:02,442,1
10665,1,10,2025-08-10 19:57:32,1912,1
10665,1,17,2025-08-10 19:57:32,1507,1
10665,3,0,2025-08-10 19:57:32,1891,1
10665,2,0,2025-08-10 19:57:32,74994,1
10666,1,10,2025-08-10 21:04:47,211,1
10666,1,7,2025-08-10 21:04:47,803,1
10666,3,0,2025-08-10 21:04:47,561,1
10666,2,0,2025-08-10 21:04:47,20770,1
10667,1,17,2025-06-24 21:37:21,410,1
10667,1,2,2025-06-24 21:37:21,223,1
10667,1,1,2025-06-24 21:37:21,685,1
10667,3,0,2025-06-24 21:37:21,923,1
10668,1,15,2025-06-25 00:08:51,2769,1
10668,3,0,2025-06-25 00:08:51,1941,1
10669,1,2,2025-06-25 01:35:50,247,1
10669,1,9,2025-06-25 01:35:50,458,1
10669,3,0,2025-06-25 01:35:50,494,1
10670,1,17,2025-06-25 02:15:21,1218,1
10670,3,0,2025-06-25 02:15:21,853,1
10670,2,0,2025-06-25 02:15:21,190578,1
10671,1,1,2025-06-25 02:42:11,482,1
10671,1,6,2025-06-25 02:42:11,224,1
10671,1,4,2025-06-25 02:42:11,206,1
10671,3,0,2025-06-25 02:42:11,638,1
10672,1,0,2025-06-25 04:26:04,1206,1
10672,1,17,2025-06-25 04:26:04,537,1
10672,1,17,2025-06-25 04:26:04,511,1
10672,3,0,2025-06-25 04:26:04,1579,1
10672,0,0,2025-06-25 04:26:04,32,2
10673,1,0,2025-06-25 05:48:12,1663,1
10673,3,0,2025-06-25 05:48:12,1165,1
10674,1,8,2025-06-16 06:22:43,552,1
10674,3,0,2025-06-16 06:22:43,811,1
10674,0,0,2025-06-16 06:22:43,294,1
10674,2,0,2025-06-16 06:22:43,136530,1
10675,1,17,2025-06-16 07:28:23,132,1
10675,1,12,2025-06-16 07:28:23,118,1
10675,1,6,2025-06-16 07:28:23,373,1
10675,3,0,2025-06-16 07:28:23,917,1
10675,0,0,2025-06-16 07:28:23,22,3
10675,2,0,2025-06-16 07:28:23,193867,1
10676,1,15,2025-06-16 10:14:40,1340,1
10676,1,9,2025-06-16 10:14:40,377,1
10676,1,5,2025-06-16 10:14:40,595,1
10676,3,0,2025-06-16 10:14:40,3405,1
10677,1,6,2025-06-16 13:07:26,1127,1
10677,1,0,2025-06-16 13:07:26,381,1
10677,1,4,2025-06-16 13:07:26,816,1
10677,3,0,2025-06-16 13:07:26,3422,1
10677,0,0,2025-06-16 13:07:26,219,3
10678,1,0,2025-06-16 14:50:21,1111,1
10678,1,16,2025-06-16 14:50:21,480,1
10678,1,5,2025-06-16 14:50:21,615,1
10678,3,0,2025-06-16 14:50:21,3249,1
10679,1,3,2025-06-16 17:07:38,1088,1
10679,1,9,2025-06-16 17:07:38,380,1
10679,1,8,2025-06-16 17:07:38,795,1
10679,3,0,2025-06-16 17:07:38,3334,1
10679,2,0,2025-06-16 17:07:38,52989,1
10680,1,15,2025-06-16 18:29:10,617,1
10680,1,13,2025-06-16 18:29:10,303,1
10680,1,16,2025-06-16 18:29:10,282,1
10680,3,0,2025-06-16 18:29:10,1770,1
10680,2,0,2025-06-16 18:29:10,150546,1
10681,1,0,2025-06-12 14:28:57,251,1
10681,1,14,2025-06-12 14:28:57,275,1
10681,1,3,2025-06-12 14:28:57,398,1
10681,3,0,2025-06-12 14:28:57,813,1
10682,1,17,2025-06-12 17:10:59,778,1
10682,1,0,2025-06-12 17:10:59,1870,1
10682,3,0,2025-06-12 17:10:59,2334,1
10683,1,10,2025-06-12 19:22:57,799,1
10683,1,8,2025-06-12 19:22:57,922,1
10683,3,0,2025-06-12 19:22:57,1517,1
10684,1,15,2025-06-12 20:21:22,333,1
10684,3,0,2025-06-12 20:21:22,292,1
10684,0,0,2025-06-12 20:21:22,212,4
10685,1,0,2025-06-12 21:25:14,793,1
10685,3,0,2025-06-12 21:25:14,699,1
10685,0,0,2025-06-12 21:25:14,256,1
10686,1,2,2025-06-12 23:32:42,803,1
10686,1,16,2025-06-12 23:32:42,757,1
10686,1,12,2025-06-12 23:32:42,1389,1
10686,3,0,2025-06-12 23:32:42,2599,1
10686,0,0,2025-06-12 23:32:42,106,3
10687,1,3,2025-08-02 11:45:04,575,1
10687,1,1,2025-08-02 11:45:04,848,1
10687,3,0,2025-08-02 11:45:04,1281,1
10687,2,0,2025-08-02 11:45:04,99040,1
10688,1,12,2025-08-02 13:54:42,2230,1
10688,3,0,2025-08-02 13:54:42,2008,1
10688,0,0,2025-08-02 13:54:42,195,2
10689,1,19,2025-08-02 14:52:31,257,1
10689,1,6,2025-08-02 14:52:31,90,1
10689,1,7,2025-08-02 14:52:31,153,1
10689,3,0,2025-08-02 14:52:31,449,1
10689,0,0,2025-08-02 14:52:31,82,4
10690,1,2,2025-09-21 13:23:26,407,1
10690,1,16,2025-09-21 13:23:26,609,1
10690,3,0,2025-09-21 13:23:26,390,1
10690,0,0,2025-09-21 13:23:26,272,2
10690,2,0,2025-09-21 13:23:26,165513,1
10691,1,3,2025-09-21 14:53:45,344,1
10691,1,10,2025-09-21 14:53:45,557,1
10691,1,17,2025-09-21 14:53:45,630,1
10691,3,0,2025-09-21 14:53:45,588,1
10692,1,7,2025-09-21 16:35:46,3512,1
10692,3,0,2025-09-21 16:35:46,1349,1
10692,0,0,2025-09-21 16:35:46,79,2
10693,1,2,2025-09-21 17:23:26,874,1
10693,1,12,2025-09-21 17:23:26,1106,1
10693,3,0,2025-09-21 17:23:26,760,1
10694,1,6,2025-09-21 19:20:55,1113,1
10694,1,1,2025-09-21 19:20:55,424,1
10694,1,19,2025-09-21 19:20:55,695,1
10694,3,0,2025-09-21 19:20:55,857,1
10694,2,0,2025-09-21 19:20:55,173755,1
10695,1,4,2025-10-24 15:29:44,970,1
10695,1,16,2025-10-24 15:29:44,957,1
10695,1,2,2025-10-24 15:29:44,1197,1
10695,3,0,2025-10-24 15:29:44,2260,1
10696,1,9,2025-10-24 16:56:00,617,1
10696,1,12,2025-10-24 16:56:00,178,1
10696,1,19,2025-10-24 16:56:00,363,1
10696,3,0,2025-10-24 16:56:00,838,1
10696,0,0,2025-10-24 16:56:00,153,1
10697,1,2,2025-10-24 18:18:13,157,1
10697,1,5,2025-10-24 18:18:13,269,1
10697,3,0,2025-10-24 18:18:13,307,1
10697,2,0,2025-10-24 18:18:13,22358,1
10698,1,0,2025-06-11 07:30:26,918,1
10698,3,0,2025-06-11 07:30:26,908,1
10698,0,0,2025-06-11 07:30:26,179,4
10698,2,0,2025-06-11 07:30:26,49706,1
10699,1,14,2025-06-11 10:08:09,787,1
10699,1,13,2025-06-11 10:08:09,416,1
10699,1,16,2025-06-11 10:08:09,1322,1
10699,3,0,2025-06-11 10:08:09,2498,1
10700,1,6,2025-06-11 11:52:10,296,1
10700,1,11,2025-06-11 11:52:10,580,1
10700,3,0,2025-06-11 11:52:10,865,1
10700,0,0,2025-06-11 11:52:10,172,1
10700,2,0,2025-06-11 11:52:10,195383,1
10701,1,18,2025-06-11 13:56:10,2081,1
10701,3,0,2025-06-11 13:56:10,2059,1
10702,1,4,2025-06-11 15:23:40,193,1
10702,1,0,2025-06-11 15:23:40,63,1
10702,1,8,2025-06-11 15:23:40,91,1
10702,3,0,2025-06-11 15:23:40,343,1
10702,0,0,2025-06-11 15:23:40,203,1
10703,1,19,2025-06-11 17:59:13,892,1
10703,1,15,2025-06-11 17:59:13,752,1
10703,1,13,2025-06-11 17:59:13,786,1
10703,3,0,2025-06-11 17:59:13,2403,1
10704,1,11,2025-09-19 08:19:35,889,1
10704,1,0,2025-09-19 08:19:35,1739,1
10704,3,0,2025-09-19 08:19:35,2147,1
10705,1,1,2025-09-19 10:15:39,586,1
10705,1,19,2025-09-19 10:15:39,361,1
10705,1,15,2025-09-19 10:15:39,1202,1
10705,3,0,2025-09-19 10:15:39,1755,1
10705,2,0,2025-09-19 10:15:39,143401,1
10706,1,19,2025-09-19 11:29:57,420,1
10706,1,16,2025-09-19 11:29:57,475,1
10706,1,6,2025-09-19 11:29:57,1064,1
10706,3,0,2025-09-19 11:29:57,1599,1
10707,1,14,2025-09-19 12:06:59,431,1
10707,3,0,2025-09-19 12:06:59,351,1
10707,2,0,2025-09-19 12:06:59,73426,1
10708,1,15,2025-09-19 14:05:13,479,1
10708,1,13,2025-09-19 14:05:13,850,1
10708,3,0,2025-09-19 14:05:13,1085,1
10708,2,0,2025-09-19 14:05:13,124765,1
10709,1,0,2025-06-04 06:12:14,2578,1
10709,3,0,2025-06-04 06:12:14,1756,1
10709,2,0,2025-06-04 06:12:14,62183,1
10710,1,7,2025-06-04 06:57:28,283,1
10710,1,4,2025-06-04 06:57:28,332,1
10710,3,0,2025-06-04 06:57:28,419,1
10710,2,0,2025-06-04 06:57:28,67136,1
10711,1,8,2025-06-04 08:50:59,1246,1
10711,1,8,2025-06-04 08:50:59,2092,1
10711,3,0,2025-06-04 08:50:59,2273,1
10712,1,5,2025-06-04 10:12:47,221,1
10712,1,19,2025-06-04 10:12:47,244,1
10712,1,10,2025-06-04 10:12:47,635,1
10712,3,0,2025-06-04 10:12:47,748,1
10712,0,0,2025-06-04 10:12:47,270,1
10713,1,11,2025-07-22 07:45:26,484,1
10713,1,7,2025-07-22 07:45:26,190,1
10713,1,13,2025-07-22 07:45:26,347,1
10713,3,0,2025-07-22 07:45:26,1705,1
10713,0,0,2025-07-22 07:45:26,55,1
10713,2,0,2025-07-22 07:45:26,124864,1
10714,1,0,2025-07-22 08:57:14,760,1
10714,3,0,2025-07-22 08:57:14,1268,1
10714,0,0,2025-07-22 08:57:14,248,1
10714,2,0,2025-07-22 08:57:14,129461,1
10715,1,3,2025-07-22 09:16:42,183,1
10715,1,11,2025-07-22 09:16:42,142,1
10715,3,0,2025-07-22 09:16:42,543,1
10715,2,0,2025-07-22 09:16:42,29291,1
10716,1,9,2025-07-22 10:51:47,442,1
10716,1,19,2025-07-22 10:51:47,178,1
10716,1,12,2025-07-22 10:51:47,191,1
10716,3,0,2025-07-22 10:51:47,1354,1
10716,2,0,2025-07-22 10:51:47,121456,1
10717,1,15,2025-07-13 03:00:51,1021,1
10717,1,1,2025-07-13 03:00:51,1073,1
10717,3,0,2025-07-13 03:00:51,1557,1
10717,2,0,2025-07-13 03:00:51,145254,1
10718,1,2,2025-07-13 04:51:15,1425,1
10718,3,0,2025-07-13 04:51:15,1059,1
10718,2,0,2025-07-13 04:51:15,92446,1
10719,1,7,2025-07-13 05:53:31,438,1
10719,1,16,2025-07-13 05:53:31,518,1
10719,1,2,2025-07-13 05:53:31,808,1
10719,3,0,2025-07-13 05:53:31,1312,1
10719,0,0,2025-07-13 05:53:31,95,1
10719,2,0,2025-07-13 05:53:31,70724,1
10720,1,4,2025-07-13 07:38:52,1698,1
10720,3,0,2025-07-13 07:38:52,1263,1
10720,0,0,2025-07-13 07:38:52,172,4
13362,1,4,2025-06-01 00:00:00,3516,1
14165,0,4,2025-06-01 00:00:00,4675,1
11788,0,14,2025-06-01 00:00:00,967,1
11386,0,12,2025-06-01 00:00:00,1322,1
10894,0,5,2025-06-01 00:00:00,3141,1
13210,1,7,2025-06-01 00:00:00,122,1
13525,2,4,2025-06-01 00:00:00,3645,1
11438,1,1,2025-06-01 00:00:00,4724,1
11380,1,4,2025-06-01 00:00:00,888,1
11753,2,10,2025-06-01 00:00:00,4776,1
11943,0,5,2025-06-01 00:00:00,2524,1
10782,0,14,2025-06-01 00:00:00,4520,1
12515,0,3,2025-06-01 00:00:00,4035,1
15223,0,15,2025-06-01 00:00:00,3209,1
11740,2,17,2025-06-01 00:00:00,3805,1
14660,0,10,2025-06-01 00:00:00,2421,1
15649,0,9,2025-06-01 00:00:00,641,1
12575,0,8,2025-06-01 00:00:00,748,1
12580,2,11,2025-06-01 00:00:00,2806,1
15272,0,5,2025-06-01 00:00:00,2432,1
11992,0,6,2025-06-01 00:00:00,1087,1
13656,1,3,2025-06-01 00:00:00,3475,1
12119,1,3,2025-06-01 00:00:00,4923,1
11802,2,16,2025-06-01 00:00:00,4171,1
11305,1,17,2025-06-01 00:00:00,3788,1
11834,0,9,2025-06-01 00:00:00,4325,1
11009,0,12,2025-06-01 00:00:00,4954,1
13160,0,13,2025-06-01 00:00:00,3983,1
11664,1,0,2025-06-01 00:00:00,4083,1
13839,1,1,2025-06-01 00:00:00,4169,1
14398,2,9,2025-06-01 00:00:00,3199,1
15260,2,3,2025-06-01 00:00:00,598,1
13524,2,13,2025-06-01 00:00:00,2613,1
13272,2,19,2025-06-01 00:00:00,3344,1
13824,1,19,2025-06-01 00:00:00,2638,1
11767,2,14,2025-06-01 00:00:00,2446,1
14964,2,18,2025-06-01 00:00:00,52,1
13043,1,16,2025-06-01 00:00:00,3448,1
13921,1,17,2025-06-01 00:00:00,415,1
12018,2,1,2025-06-01 00:00:00,3767,1
14845,1,1,2025-06-01 00:00:00,496,1
14080,2,11,2025-06-01 00:00:00,3882,1
10963,2,14,2025-06-01 00:00:00,4095,1
11922,0,10,2025-06-01 00:00:00,3126,1
13005,1,16,2025-06-01 00:00:00,1957,1
13697,1,4,2025-06-01 00:00:00,3369,1
10767,2,12,2025-06-01 00:00:00,2368,1
13230,1,19,2025-06-01 00:00:00,3143,1
11452,1,15,2025-06-01 00:00:00,2041,1
15563,1,5,2025-06-01 00:00:00,3286,1
15716,2,0,2025-06-01 00:00:00,843,1
11033,1,19,2025-06-01 00:00:00,2095,1
13201,2,4,2025-06-01 00:00:00,3095,1
15630,2,19,2025-06-01 00:00:00,4053,1
14177,0,17,2025-06-01 00:00:00,397,1
15155,2,17,2025-06-01 00:00:00,286,1
14407,2,18,2025-06-01 00:00:00,3454,1
15400,1,0,2025-06-01 00:00:00,3354,1
14686,0,8,2025-06-01 00:00:00,3194,1
11325,2,0,2025-06-01 00:00:00,10,1
10867,2,10,2025-06-01 00:00:00,1560,1
15099,1,2,2025-06-01 00:00:00,4698,1
12432,2,2,2025-06-01 00:00:00,1930,1
11702,2,15,2025-06-01 00:00:00,172,1
11953,1,10,2025-06-01 00:00:00,2552,1
11314,2,7,2025-06-01 00:00:00,103,1
12886,0,1,2025-06-01 00:00:00,2396,1
12861,0,16,2025-06-01 00:00:00,3231,1
14296,2,12,2025-06-01 00:00:00,4532,1
11324,0,5,2025-06-01 00:00:00,2536,1
12325,2,13,2025-06-01 00:00:00,366,1
14863,2,12,2025-06-01 00:00:00,1437,1
12247,2,16,2025-06-01 00:00:00,3044,1
12191,2,8,2025-06-01 00:00:00,261,1
12364,1,13,2025-06-01 00:00:00,2106,1
13041,0,14,2025-06-01 00:00:00,2051,1
11331,2,9,2025-06-01 00:00:00,2914,1
11683,1,10,2025-06-01 00:00:00,1404,1
10728,1,19,2025-06-01 00:00:00,2237,1
14549,2,15,2025-06-01 00:00:00,4390,1
13212,1,8,2025-06-01 00:00:00,2521,1
12128,0,9,2025-06-01 00:00:00,2838,1
11484,0,16,2025-06-01 00:00:00,4828,1
14225,1,15,2025-06-01 00:00:00,55,1
15628,0,8,2025-06-01 00:00:00,4744,1
13366,0,12,2025-06-01 00:00:00,1938,1
14960,2,18,2025-06-01 00:00:00,3926,1
15585,1,19,2025-06-01 00:00:00,833,1
15375,1,11,2025-06-01 00:00:00,1871,1
14744,2,4,2025-06-01 00:00:00,2701,1
13769,2,3,2025-06-01 00:00:00,4930,1
11743,2,9,2025-06-01 00:00:00,2038,1
14752,1,9,2025-06-01 00:00:00,2741,1
15266,2,19,2025-06-01 00:00:00,4245,1
11304,2,7,2025-06-01 00:00:00,1571,1
14581,2,5,2025-06-01 00:00:00,1886,1
11033,2,3,2025-06-01 00:00:00,76,1
12148,2,10,2025-06-01 00:00:00,3493,1
15401,0,8,2025-06-01 00:00:00,1259,1
14380,0,13,2025-06-01 00:00:00,2572,1
15561,2,7,2025-06-01 00:00:00,4853,1
11749,1,9,2025-06-01 00:00:00,555,1
13343,2,1,2025-06-01 00:00:00,4802,1
13007,0,10,2025-06-01 00:00:00,3332,1
13781,1,9,2025-06-01 00:00:00,3307,1
11646,2,7,2025-06-01 00:00:00,35,1
14905,0,6,2025-06-01 00:00:00,1694,1
15582,1,5,2025-06-01 00:00:00,484,1
10985,0,11,2025-06-01 00:00:00,884,1
12519,0,8,2025-06-01 00:00:00,2371,1
14695,0,10,2025-06-01 00:00:00,2416,1
11475,0,15,2025-06-01 00:00:00,3962,1
11664,0,10,2025-06-01 00:00:00,3858,1
14012,1,17,2025-06-01 00:00:00,799,1
14907,1,11,2025-06-01 00:00:00,1917,1
10747,1,15,2025-06-01 00:00:00,3376,1
13965,0,17,2025-06-01 00:00:00,836,1
10778,2,16,2025-06-01 00:00:00,473,1
13472,2,11,2025-06-01 00:00:00,1858,1
11239,0,19,2025-06-01 00:00:00,3844,1
12474,0,18,2025-06-01 00:00:00,4992,1
14277,2,13,2025-06-01 00:00:00,4427,1
14942,2,10,2025-06-01 00:00:00,377,1
14622,0,14,2025-06-01 00:00:00,2010,1
12259,1,17,2025-06-01 00:00:00,2049,1
13256,1,12,2025-06-01 00:00:00,3921,1
13800,2,11,2025-06-01 00:00:00,4651,1
14121,2,5,2025-06-01 00:00:00,4387,1
13572,0,3,2025-06-01 00:00:00,139,1
14463,1,15,2025-06-01 00:00:00,4415,1
15324,1,10,2025-06-01 00:00:00,563,1
11027,0,1,2025-06-01 00:00:00,1151,1
14519,2,9,2025-06-01 00:00:00,1687,1
15463,2,6,2025-06-01 00:00:00,4711,1
14398,2,16,2025-06-01 00:00:00,4617,1
14708,0,12,2025-06-01 00:00:00,980,1
14336,0,5,2025-06-01 00:00:00,99,1
12169,2,15,2025-06-01 00:00:00,1038,1
15120,1,9,2025-06-01 00:00:00,1429,1
14729,1,18,2025-06-01 00:00:00,2184,1
14506,2,4,2025-06-01 00:00:00,1012,1
13509,0,16,2025-06-01 00:00:00,701,1
14835,0,4,2025-06-01 00:00:00,4170,1
11268,2,13,2025-06-01 00:00:00,85,1
12555,2,2,2025-06-01 00:00:00,3672,1
13222,0,11,2025-06-01 00:00:00,810,1
12866,2,14,2025-06-01 00:00:00,978,1
13770,2,6,2025-06-01 00:00:00,2704,1
12928,2,13,2025-06-01 00:00:00,2528,1
15344,0,17,2025-06-01 00:00:00,3034,1
12226,1,1,2025-06-01 00:00:00,363,1
11669,2,19,2025-06-01 00:00:00,4496,1
13926,2,5,2025-06-01 00:00:00,3224,1
11602,1,2,2025-06-01 00:00:00,982,1
14476,2,1,2025-06-01 00:00:00,3676,1
14981,2,7,2025-06-01 00:00:00,3475,1
10965,2,18,2025-06-01 00:00:00,1722,1
12719,0,13,2025-06-01 00:00:00,4956,1
12012,0,3,2025-06-01 00:00:00,1365,1
14734,1,0,2025-06-01 00:00:00,210,1
11572,0,2,2025-06-01 00:00:00,4353,1
13148,1,19,2025-06-01 00:00:00,2923,1
11023,0,3,2025-06-01 00:00:00,2141,1
12028,0,5,2025-06-01 00:00:00,1942,1
12493,1,0,2025-06-01 00:00:00,2128,1
11597,0,19,2025-06-01 00:00:00,3908,1
14924,1,10,2025-06-01 00:00:00,4540,1
15067,1,9,2025-06-01 00:00:00,726,1
11098,1,7,2025-06-01 00:00:00,4359,1
14904,1,19,2025-06-01 00:00:00,4104,1
13791,2,8,2025-06-01 00:00:00,1299,1
11131,0,9,2025-06-01 00:00:00,572,1
10983,1,11,2025-06-01 00:00:00,3476,1
12407,0,1,2025-06-01 00:00:00,4772,1
14264,0,18,2025-06-01 00:00:00,3929,1
12507,0,19,2025-06-01 00:00:00,4989,1
13099,0,6,2025-06-01 00:00:00,4606,1
15347,1,5,2025-06-01 00:00:00,1439,1
14930,0,12,2025-06-01 00:00:00,1104,1
13155,1,12,2025-06-01 00:00:00,4679,1
13319,2,11,2025-06-01 00:00:00,407,1
15083,1,19,2025-06-01 00:00:00,172,1
15047,0,1,2025-06-01 00:00:00,3083,1
10972,1,18,2025-06-01 00:00:00,4502,1
14396,2,18,2025-06-01 00:00:00,806,1
10895,1,14,2025-06-01 00:00:00,4033,1
11387,2,5,2025-06-01 00:00:00,2840,1
15706,1,15,2025-06-01 00:00:00,2859,1
15341,1,0,2025-06-01 00:00:00,2829,1
11769,2,19,2025-06-01 00:00:00,1746,1
14931,1,18,2025-06-01 00:00:00,2195,1
14559,2,7,2025-06-01 00:00:00,1231,1
13210,1,7,2025-06-01 00:00:00,3758,1
13038,1,10,2025-06-01 00:00:00,4278,1
11651,1,1,2025-06-01 00:00:00,503,1
15367,1,4,2025-06-01 00:00:00,740,1
14036,1,8,2025-06-01 00:00:00,1827,1
14841,1,1,2025-06-01 00:00:00,4148,1
12448,2,16,2025-06-01 00:00:00,3781,1
12260,2,17,2025-06-01 00:00:00,4465,1
15126,2,6,2025-06-01 00:00:00,880,1
11752,2,3,2025-06-01 00:00:00,813,1
15193,0,13,2025-06-01 00:00:00,3956,1
11151,0,15,2025-06-01 00:00:00,4822,1
11018,2,19,2025-06-01 00:00:00,10,1
15395,1,14,2025-06-01 00:00:00,4628,1
12278,1,5,2025-06-01 00:00:00,2691,1
13189,1,13,2025-06-01 00:00:00,2770,1
11481,1,9,2025-06-01 00:00:00,3405,1
12985,2,0,2025-06-01 00:00:00,420,1
15281,0,12,2025-06-01 00:00:00,38,1
15007,0,4,2025-06-01 00:00:00,1016,1
15389,2,0,2025-06-01 00:00:00,1582,1
14322,1,17,2025-06-01 00:00:00,1571,1
14607,2,6,2025-06-01 00:00:00,970,1
13716,1,19,2025-06-01 00:00:00,1855,1
10859,0,2,2025-06-01 00:00:00,378,1
11403,1,10,2025-06-01 00:00:00,1016,1
13576,0,14,2025-06-01 00:00:00,4429,1
15391,1,16,2025-06-01 00:00:00,67,1
12778,1,10,2025-06-01 00:00:00,2396,1
10994,2,17,2025-06-01 00:00:00,1806,1
12865,0,11,2025-06-01 00:00:00,3201,1
15356,1,15,2025-06-01 00:00:00,4384,1
14089,0,8,2025-06-01 00:00:00,1120,1
15278,0,12,2025-06-01 00:00:00,1288,1
10939,0,8,2025-06-01 00:00:00,2614,1
11628,1,7,2025-06-01 00:00:00,4847,1
13963,0,1,2025-06-01 00:00:00,4702,1
11398,1,2,2025-06-01 00:00:00,2421,1
13557,2,8,2025-06-01 00:00:00,3905,1
13095,2,4,2025-06-01 00:00:00,2698,1
11183,0,11,2025-06-01 00:00:00,3378,1
11009,2,19,2025-06-01 00:00:00,217,1
11442,0,17,2025-06-01 00:00:00,4732,1
12278,2,14,2025-06-01 00:00:00,4116,1
12547,0,5,2025-06-01 00:00:00,4872,1
15025,0,2,2025-06-01 00:00:00,708,1
15330,1,18,2025-06-01 00:00:00,1764,1
14459,0,5,2025-06-01 00:00:00,4234,1
12491,2,1,2025-06-01 00:00:00,995,1
13974,1,14,2025-06-01 00:00:00,4354,1
11359,1,3,2025-06-01 00:00:00,2550,1
12087,0,6,2025-06-01 00:00:00,2345,1
14809,0,16,2025-06-01 00:00:00,4123,1
14395,0,4,2025-06-01 00:00:00,174,1
13412,2,18,2025-06-01 00:00:00,869,1
13132,1,19,2025-06-01 00:00:00,3548,1
12052,0,14,2025-06-01 00:00:00,4645,1
13724,1,3,2025-06-01 00:00:00,992,1
11565,0,19,2025-06-01 00:00:00,4499,1
12593,0,11,2025-06-01 00:00:00,4488,1
13329,1,17,2025-06-01 00:00:00,4665,1
15560,0,7,2025-06-01 00:00:00,4277,1
11582,2,15,2025-06-01 00:00:00,3557,1
14164,0,10,2025-06-01 00:00:00,4987,1
12558,2,12,2025-06-01 00:00:00,1058,1
12214,2,3,2025-06-01 00:00:00,440,1
11359,0,10,2025-06-01 00:00:00,84,1
15688,1,14,2025-06-01 00:00:00,2025,1
12837,0,6,2025-06-01 00:00:00,2470,1
11146,2,9,2025-06-01 00:00:00,469,1
12242,1,13,2025-06-01 00:00:00,851,1
12484,1,16,2025-06-01 00:00:00,1720,1
14086,0,11,2025-06-01 00:00:00,71,1
13520,1,16,2025-06-01 00:00:00,2222,1
11485,2,15,2025-06-01 00:00:00,931,1
15066,2,8,2025-06-01 00:00:00,108,1
14335,0,1,2025-06-01 00:00:00,3211,1
14248,0,2,2025-06-01 00:00:00,1310,1
12121,1,0,2025-06-01 00:00:00,3784,1
14310,2,16,2025-06-01 00:00:00,1590,1
13679,1,13,2025-06-01 00:00:00,125,1
14478,2,6,2025-06-01 00:00:00,3361,1
11667,2,3,2025-06-01 00:00:00,1059,1
12278,1,9,2025-06-01 00:00:00,3721,1
14422,0,7,2025-06-01 00:00:00,4207,1
12169,2,6,2025-06-01 00:00:00,3942,1
13755,0,8,2025-06-01 00:00:00,3887,1
11543,1,19,2025-06-01 00:00:00,758,1
12843,0,13,2025-06-01 00:00:00,4290,1
13807,1,1,2025-06-01 00:00:00,1367,1
15006,1,0,2025-06-01 00:00:00,3426,1
11816,0,0,2025-06-01 00:00:00,818,1
15441,1,19,2025-06-01 00:00:00,4472,1
15588,2,0,2025-06-01 00:00:00,4725,1
12949,0,15,2025-06-01 00:00:00,1776,1
12540,1,5,2025-06-01 00:00:00,1799,1
12611,0,15,2025-06-01 00:00:00,3965,1
13528,0,9,2025-06-01 00:00:00,2087,1
13009,1,4,2025-06-01 00:00:00,4981,1
14105,0,7,2025-06-01 00:00:00,3458,1
14074,0,6,2025-06-01 00:00:00,4004,1
11222,1,14,2025-06-01 00:00:00,117,1
15442,1,6,2025-06-01 00:00:00,1694,1
12453,0,14,2025-06-01 00:00:00,1470,1
13233,0,1,2025-06-01 00:00:00,3656,1
12641,1,6,2025-06-01 00:00:00,3185,1
15159,1,9,2025-06-01 00:00:00,1911,1
14250,1,1,2025-06-01 00:00:00,2386,1
15443,2,9,2025-06-01 00:00:00,1748,1
15653,0,9,2025-06-01 00:00:00,428,1
13318,1,13,2025-06-01 00:00:00,2865,1
12205,1,10,2025-06-01 00:00:00,3642,1
13321,1,8,2025-06-01 00:00:00,426,1
14664,1,1,2025-06-01 00:00:00,1858,1
14598,0,4,2025-06-01 00:00:00,2946,1
11075,2,10,2025-06-01 00:00:00,224,1
12665,1,2,2025-06-01 00:00:00,606,1
12494,2,9,2025-06-01 00:00:00,2796,1
12797,0,5,2025-06-01 00:00:00,2583,1
14666,0,0,2025-06-01 00:00:00,1044,1
15233,2,7,2025-06-01 00:00:00,2028,1
12521,2,1,2025-06-01 00:00:00,4583,1
12283,2,11,2025-06-01 00:00:00,2057,1
14866,2,10,2025-06-01 00:00:00,369,1
15533,2,8,2025-06-01 00:00:00,1801,1
10875,2,7,2025-06-01 00:00:00,158,1
11084,1,16,2025-06-01 00:00:00,357,1
15138,0,1,2025-06-01 00:00:00,2827,1
11561,0,1,2025-06-01 00:00:00,3474,1
13167,1,5,2025-06-01 00:00:00,1126,1
12391,1,6,2025-06-01 00:00:00,2234,1
11369,0,16,2025-06-01 00:00:00,3550,1
15453,2,16,2025-06-01 00:00:00,4551,1
13682,2,17,2025-06-01 00:00:00,1858,1
13973,1,13,2025-06-01 00:00:00,3042,1
15016,0,0,2025-06-01 00:00:00,3622,1
11642,0,10,2025-06-01 00:00:00,2130,1
14141,1,17,2025-06-01 00:00:00,2527,1
12010,0,5,2025-06-01 00:00:00,4366,1
11696,0,11,2025-06-01 00:00:00,3017,1
14540,0,19,2025-06-01 00:00:00,4624,1
14566,2,6,2025-06-01 00:00:00,3571,1
12294,2,2,2025-06-01 00:00:00,3834,1
13099,1,16,2025-06-01 00:00:00,3740,1
12443,2,13,2025-06-01 00:00:00,1092,1
12441,2,13,2025-06-01 00:00:00,905,1
12764,1,6,2025-06-01 00:00:00,1705,1
10851,1,16,2025-06-01 00:00:00,3198,1
11122,2,13,2025-06-01 00:00:00,4200,1
12852,0,3,2025-06-01 00:00:00,874,1
10971,0,5,2025-06-01 00:00:00,3554,1
13045,1,1,2025-06-01 00:00:00,4875,1
15583,0,3,2025-06-01 00:00:00,4782,1
15360,2,14,2025-06-01 00:00:00,3813,1
14314,1,16,2025-06-01 00:00:00,4424,1
13390,0,11,2025-06-01 00:00:00,4345,1
11488,2,8,2025-06-01 00:00:00,3036,1
10880,1,15,2025-06-01 00:00:00,1151,1
11692,1,1,2025-06-01 00:00:00,2938,1
15116,0,14,2025-06-01 00:00:00,220,1
12158,2,11,2025-06-01 00:00:00,4031,1
12609,1,13,2025-06-01 00:00:00,2665,1
13927,1,12,2025-06-01 00:00:00,4790,1
14918,1,7,2025-06-01 00:00:00,3620,1
13716,2,15,2025-06-01 00:00:00,511,1
14427,1,1,2025-06-01 00:00:00,4650,1
11690,2,7,2025-06-01 00:00:00,4610,1
14763,0,11,2025-06-01 00:00:00,3890,1
