reading_id,timestamp,energy_meter_device_asset_tag,total_energy_passed
0,2026-09-23 14:26:40,IFD001 Energy meter,55.0037
1,2026-09-23 14:27:43,IFD001 Energy meter,55.0216
2,2026-09-23 14:28:46,IFD001 Energy meter,55.0317
3,2026-09-23 14:29:49,IFD001 Energy meter,55.0483
4,2026-09-23 14:30:52,IFD001 Energy meter,55.0614
5,2026-09-23 14:31:55,IFD001 Energy meter,55.0755
6,2026-09-23 14:32:58,IFD001 Energy meter,55.091
7,2026-09-23 14:34:01,IFD001 Energy meter,55.1022
8,2026-09-23 14:35:04,IFD001 Energy meter,55.1176
9,2026-09-23 14:36:07,IFD001 Energy meter,55.1313
10,2026-09-23 14:37:10,IFD001 Energy meter,55.1448
11,2026-09-23 14:38:13,IFD001 Energy meter,55.1612
12,2026-09-23 14:39:16,IFD001 Energy meter,55.1832
13,2026-09-23 14:40:19,IFD001 Energy meter,55.1989
14,2026-09-23 14:41:22,IFD001 Energy meter,55.215
15,2026-09-23 14:42:25,IFD001 Energy meter,55.2299
16,2026-09-23 14:43:28,IFD001 Energy meter,55.2434
17,2026-09-23 14:44:31,IFD001 Energy meter,55.259
18,2026-09-23 14:45:34,IFD001 Energy meter,55.277
19,2026-09-23 14:46:37,IFD001 Energy meter,55.2924
20,2026-09-23 14:47:40,IFD001 Energy meter,55.3091
21,2026-09-23 14:48:43,IFD001 Energy meter,55.3237
22,2026-09-23 14:49:46,IFD001 Energy meter,55.3437
23,2026-09-23 14:50:49,IFD001 Energy meter,55.3554
24,2026-09-23 14:51:52,IFD001 Energy meter,55.3716
25,2026-09-23 14:52:55,IFD001 Energy meter,55.3876
26,2026-09-23 14:53:58,IFD001 Energy meter,55.4032
27,2026-09-23 14:55:01,IFD001 Energy meter,55.4159
28,2026-09-23 14:56:04,IFD001 Energy meter,55.4286
29,2026-09-23 14:57:07,IFD001 Energy meter,55.4431
30,2026-09-23 14:58:10,IFD001 Energy meter,55.4583
31,2026-09-23 14:59:13,IFD001 Energy meter,55.4709
32,2026-09-23 15:00:16,IFD001 Energy meter,55.4837
33,2026-09-23 15:01:19,IFD001 Energy meter,55.4999
34,2026-09-23 15:02:22,IFD001 Energy meter,55.5169
35,2026-09-23 15:03:25,IFD001 Energy meter,55.5308
36,2026-09-23 15:04:28,IFD001 Energy meter,55.5444
37,2026-09-23 15:05:31,IFD001 Energy meter,55.5579
38,2026-09-23 15:06:34,IFD001 Energy meter,55.5778
39,2026-09-23 15:07:37,IFD001 Energy meter,55.5938
40,2026-09-23 15:08:40,IFD001 Energy meter,55.6086
41,2026-09-23 15:09:43,IFD001 Energy meter,55.6256
42,2026-09-23 15:10:46,IFD001 Energy meter,55.6452
43,2026-09-23 15:11:49,IFD001 Energy meter,55.6625
44,2026-09-23 15:12:52,IFD001 Energy meter,55.6746
45,2026-09-23 15:13:55,IFD001 Energy meter,55.6895
46,2026-09-23 15:14:58,IFD001 Energy meter,55.7036
47,2026-09-23 15:16:01,IFD001 Energy meter,55.7179
48,2026-09-23 15:17:04,IFD001 Energy meter,55.7305
49,2026-09-23 15:18:07,IFD001 Energy meter,55.7446
50,2026-09-23 15:19:10,IFD001 Energy meter,55.7575
51,2026-09-23 15:20:13,IFD001 Energy meter,55.7731
52,2026-09-23 15:21:16,IFD001 Energy meter,55.7882
53,2026-09-23 15:22:19,IFD001 Energy meter,55.8003
54,2026-09-23 15:23:22,IFD001 Energy meter,55.8119
55,2026-09-23 15:24:25,IFD001 Energy meter,55.8259
56,2026-09-23 15:25:28,IFD001 Energy meter,55.8422
57,2026-09-23 15:26:31,IFD001 Energy meter,55.8581
58,2026-09-23 15:27:34,IFD001 Energy meter,55.873
59,2026-09-23 15:28:37,IFD001 Energy meter,55.8813
60,2026-09-23 15:29:40,IFD001 Energy meter,55.8953
61,2026-09-23 15:30:43,IFD001 Energy meter,55.9088
62,2026-09-23 15:31:46,IFD001 Energy meter,55.9231
63,2026-09-23 15:32:49,IFD001 Energy meter,55.9356
64,2026-09-23 15:33:52,IFD001 Energy meter,55.9497
65,2026-09-23 15:34:55,IFD001 Energy meter,55.9633
66,2026-09-23 15:35:58,IFD001 Energy meter,55.9838
67,2026-09-23 15:37:01,IFD001 Energy meter,56.0001
68,2026-09-23 15:38:04,IFD001 Energy meter,56.0147
69,2026-09-23 15:39:07,IFD001 Energy meter,56.0296
70,2026-09-23 15:40:10,IFD001 Energy meter,56.0443
71,2026-09-23 15:41:13,IFD001 Energy meter,56.0597
72,2026-09-23 15:42:16,IFD001 Energy meter,56.0738
73,2026-09-23 15:43:19,IFD001 Energy meter,56.0888
74,2026-09-23 15:44:22,IFD001 Energy meter,56.1058
75,2026-09-23 15:45:25,IFD001 Energy meter,56.1224
76,2026-09-23 15:46:28,IFD001 Energy meter,56.138
77,2026-09-23 15:47:31,IFD001 Energy meter,56.1557
78,2026-09-23 15:48:34,IFD001 Energy meter,56.1711
79,2026-09-23 15:49:37,IFD001 Energy meter,56.1841
80,2026-09-23 15:50:40,IFD001 Energy meter,56.1955
81,2026-09-23 15:51:43,IFD001 Energy meter,56.2091
82,2026-09-23 15:52:46,IFD001 Energy meter,56.224
83,2026-09-23 15:53:49,IFD001 Energy meter,56.2397
84,2026-09-23 15:54:52,IFD001 Energy meter,56.2569
85,2026-09-23 15:55:55,IFD001 Energy meter,56.2707
86,2026-09-23 15:56:58,IFD001 Energy meter,56.284
87,2026-09-23 15:58:01,IFD001 Energy meter,56.3006
88,2026-09-23 15:59:04,IFD001 Energy meter,56.3179
89,2026-09-23 16:00:07,IFD001 Energy meter,56.3319
90,2026-09-23 16:01:10,IFD001 Energy meter,56.3475
91,2026-09-23 16:02:13,IFD001 Energy meter,56.3653
92,2026-09-23 16:03:16,IFD001 Energy meter,56.3809
93,2026-09-23 16:04:19,IFD001 Energy meter,56.3957
94,2026-09-23 16:05:22,IFD001 Energy meter,56.4065
95,2026-09-23 16:06:25,IFD001 Energy meter,56.4242
96,2026-09-23 16:07:28,IFD001 Energy meter,56.4404
97,2026-09-23 16:08:31,IFD001 Energy meter,56.4557
98,2026-09-23 16:09:34,IFD001 Energy meter,56.4697
99,2026-09-23 16:10:37,IFD001 Energy meter,56.4822
100,2026-09-23 16:11:40,IFD001 Energy meter,56.4969
101,2026-09-23 16:12:43,IFD001 Energy meter,56.5117
102,2026-09-23 16:13:46,IFD001 Energy meter,56.5289
103,2026-09-23 16:14:49,IFD001 Energy meter,56.5414
104,2026-09-23 16:15:52,IFD001 Energy meter,56.5593
105,2026-09-23 16:16:55,IFD001 Energy meter,56.5743
106,2026-09-23 16:17:58,IFD001 Energy meter,56.5917
107,2026-09-23 16:19:01,IFD001 Energy meter,56.6047
108,2026-09-23 16:20:04,IFD001 Energy meter,56.6203
109,2026-09-23 16:21:07,IFD001 Energy meter,56.6378
110,2026-09-23 16:22:10,IFD001 Energy meter,56.653
111,2026-09-23 16:23:13,IFD001 Energy meter,56.665
112,2026-09-23 16:24:16,IFD001 Energy meter,56.6793
113,2026-09-23 16:25:19,IFD001 Energy meter,56.6953
114,2026-09-23 16:26:22,IFD001 Energy meter,56.7075
115,2026-09-23 16:27:25,IFD001 Energy meter,56.7196
116,2026-09-23 16:28:28,IFD001 Energy meter,56.735
117,2026-09-23 16:29:31,IFD001 Energy meter,56.7481
118,2026-09-23 16:30:34,IFD001 Energy meter,56.7644
119,2026-09-23 16:31:37,IFD001 Energy meter,56.777
120,2026-09-23 16:32:40,IFD001 Energy meter,56.7883
121,2026-09-23 16:33:43,IFD001 Energy meter,56.8017
122,2026-09-23 16:34:46,IFD001 Energy meter,56.8197
123,2026-09-23 16:35:49,IFD001 Energy meter,56.8329
124,2026-09-23 16:36:52,IFD001 Energy meter,56.8479
125,2026-09-23 16:37:55,IFD001 Energy meter,56.8634
126,2026-09-23 16:38:58,IFD001 Energy meter,56.8764
127,2026-09-23 16:40:01,IFD001 Energy meter,56.8936
128,2026-09-23 16:41:04,IFD001 Energy meter,56.9089
129,2026-09-23 16:42:07,IFD001 Energy meter,56.9248
130,2026-09-23 16:43:10,IFD001 Energy meter,56.9364
131,2026-09-23 16:44:13,IFD001 Energy meter,56.9478
132,2026-09-23 16:45:16,IFD001 Energy meter,56.9573
133,2026-09-23 16:46:19,IFD001 Energy meter,56.9719
134,2026-09-23 16:47:22,IFD001 Energy meter,56.9864
135,2026-09-23 16:48:25,IFD001 Energy meter,57.0028
136,2026-09-23 16:49:28,IFD001 Energy meter,57.0208
137,2026-09-23 16:50:31,IFD001 Energy meter,57.0352
138,2026-09-23 16:51:34,IFD001 Energy meter,57.0497
139,2026-09-23 16:52:37,IFD001 Energy meter,57.0655
140,2026-09-23 16:53:40,IFD001 Energy meter,57.0836
141,2026-09-23 16:54:43,IFD001 Energy meter,57.0969
142,2026-09-23 16:55:46,IFD001 Energy meter,57.1131
143,2026-09-23 16:56:49,IFD001 Energy meter,57.1276
144,2026-09-23 16:57:52,IFD001 Energy meter,57.1419
145,2026-09-23 16:58:55,IFD001 Energy meter,57.1585
146,2026-09-23 16:59:58,IFD001 Energy meter,57.1719
147,2026-09-23 17:01:01,IFD001 Energy meter,57.1847
148,2026-09-23 17:02:04,IFD001 Energy meter,57.2011
149,2026-09-23 17:03:07,IFD001 Energy meter,57.216
150,2026-09-23 17:04:10,IFD001 Energy meter,57.2304
151,2026-09-23 17:05:13,IFD001 Energy meter,57.2451
152,2026-09-23 17:06:16,IFD001 Energy meter,57.2611
153,2026-09-23 17:07:19,IFD001 Energy meter,57.2753
154,2026-09-23 17:08:22,IFD001 Energy meter,57.2919
155,2026-09-23 17:09:25,IFD001 Energy meter,57.3077
156,2026-09-23 17:10:28,IFD001 Energy meter,57.3256
157,2026-09-23 17:11:31,IFD001 Energy meter,57.3431
158,2026-09-23 17:12:34,IFD001 Energy meter,57.3598
159,2026-09-23 17:13:37,IFD001 Energy meter,57.3744
160,2026-09-23 17:14:40,IFD001 Energy meter,57.3896
161,2026-09-23 17:15:43,IFD001 Energy meter,57.4034
162,2026-09-23 17:16:46,IFD001 Energy meter,57.4241
163,2026-09-23 17:17:49,IFD001 Energy meter,57.4386
164,2026-09-23 17:18:52,IFD001 Energy meter,57.4547
165,2026-09-23 17:19:55,IFD001 Energy meter,57.4724
166,2026-09-23 17:20:58,IFD001 Energy meter,57.4847
167,2026-09-23 17:22:01,IFD001 Energy meter,57.498
168,2026-09-23 17:23:04,IFD001 Energy meter,57.5122
169,2026-09-23 17:24:07,IFD001 Energy meter,57.5252
170,2026-09-23 17:25:10,IFD001 Energy meter,57.5376
171,2026-09-23 17:26:13,IFD001 Energy meter,57.5516
172,2026-09-23 17:27:16,IFD001 Energy meter,57.5691
173,2026-09-23 17:28:19,IFD001 Energy meter,57.5856
174,2026-09-23 17:29:22,IFD001 Energy meter,57.6006
175,2026-09-23 17:30:25,IFD001 Energy meter,57.6157
176,2026-09-23 17:31:28,IFD001 Energy meter,57.6273
177,2026-09-23 17:32:31,IFD001 Energy meter,57.6437
178,2026-09-23 17:33:34,IFD001 Energy meter,57.6595
179,2026-09-23 17:34:37,IFD001 Energy meter,57.6723
180,2026-09-23 17:35:40,IFD001 Energy meter,57.6877
181,2026-09-23 17:36:43,IFD001 Energy meter,57.7023
182,2026-09-23 17:37:46,IFD001 Energy meter,57.7163
183,2026-09-23 17:38:49,IFD001 Energy meter,57.7293
184,2026-09-23 17:39:52,IFD001 Energy meter,57.7429
185,2026-09-23 17:40:55,IFD001 Energy meter,57.756
186,2026-09-23 17:41:58,IFD001 Energy meter,57.772
187,2026-09-23 17:43:01,IFD001 Energy meter,57.7877
188,2026-09-23 17:44:04,IFD001 Energy meter,57.8033
189,2026-09-23 17:45:07,IFD001 Energy meter,57.8179
190,2026-09-23 17:46:10,IFD001 Energy meter,57.8321
191,2026-09-23 17:47:13,IFD001 Energy meter,57.8512
192,2026-09-23 17:48:16,IFD001 Energy meter,57.8624
193,2026-09-23 17:49:19,IFD001 Energy meter,57.8798
194,2026-09-23 17:50:22,IFD001 Energy meter,57.8955
195,2026-09-23 17:51:25,IFD001 Energy meter,57.9106
196,2026-09-23 17:52:28,IFD001 Energy meter,57.9246
197,2026-09-23 17:53:31,IFD001 Energy meter,57.9392
198,2026-09-23 17:54:34,IFD001 Energy meter,57.9518
199,2026-09-23 17:55:37,IFD001 Energy meter,57.964
200,2026-09-23 17:56:40,IFD001 Energy meter,57.9788
201,2026-09-23 17:57:43,IFD001 Energy meter,57.9904
202,2026-09-23 17:58:46,IFD001 Energy meter,58.0071
203,2026-09-23 17:59:49,IFD001 Energy meter,58.0243
204,2026-09-23 18:00:52,IFD001 Energy meter,58.0324
205,2026-09-23 18:01:55,IFD001 Energy meter,58.0443
206,2026-09-23 18:02:58,IFD001 Energy meter,58.0599
207,2026-09-23 18:04:01,IFD001 Energy meter,58.0753
208,2026-09-23 18:05:04,IFD001 Energy meter,58.0905
209,2026-09-23 18:06:07,IFD001 Energy meter,58.1063
210,2026-09-23 18:07:10,IFD001 Energy meter,58.1228
211,2026-09-23 18:08:13,IFD001 Energy meter,58.1395
212,2026-09-23 18:09:16,IFD001 Energy meter,58.1581
213,2026-09-23 18:10:19,IFD001 Energy meter,58.1732
214,2026-09-23 18:11:22,IFD001 Energy meter,58.1899
215,2026-09-23 18:12:25,IFD001 Energy meter,58.2016
216,2026-09-23 18:13:28,IFD001 Energy meter,58.2164
217,2026-09-23 18:14:31,IFD001 Energy meter,58.2289
218,2026-09-23 18:15:34,IFD001 Energy meter,58.2467
219,2026-09-23 18:16:37,IFD001 Energy meter,58.2664
220,2026-09-23 18:17:40,IFD001 Energy meter,58.2824
221,2026-09-23 18:18:43,IFD001 Energy meter,58.2948
222,2026-09-23 18:19:46,IFD001 Energy meter,58.3096
223,2026-09-23 18:20:49,IFD001 Energy meter,58.3247
224,2026-09-23 18:21:52,IFD001 Energy meter,58.3401
225,2026-09-23 18:22:55,IFD001 Energy meter,58.3572
226,2026-09-23 18:23:58,IFD001 Energy meter,58.3742
227,2026-09-23 18:25:01,IFD001 Energy meter,58.3839
228,2026-09-23 18:26:04,IFD001 Energy meter,58.4016
229,2026-09-23 18:27:07,IFD001 Energy meter,58.4156
230,2026-09-23 18:28:10,IFD001 Energy meter,58.4295
231,2026-09-23 18:29:13,IFD001 Energy meter,58.4473
232,2026-09-23 18:30:16,IFD001 Energy meter,58.4618
233,2026-09-23 18:31:19,IFD001 Energy meter,58.474
234,2026-09-23 18:32:22,IFD001 Energy meter,58.4864
235,2026-09-23 18:33:25,IFD001 Energy meter,58.5015
236,2026-09-23 18:34:28,IFD001 Energy meter,58.5183
237,2026-09-23 18:35:31,IFD001 Energy meter,58.5363
238,2026-09-23 18:36:34,IFD001 Energy meter,58.551
239,2026-09-23 18:37:37,IFD001 Energy meter,58.5651
240,2026-09-23 18:38:40,IFD001 Energy meter,58.5833
241,2026-09-23 18:39:43,IFD001 Energy meter,58.5974
242,2026-09-23 18:40:46,IFD001 Energy meter,58.6153
243,2026-09-23 18:41:49,IFD001 Energy meter,58.6308
244,2026-09-23 18:42:52,IFD001 Energy meter,58.6463
245,2026-09-23 18:43:55,IFD001 Energy meter,58.6608
246,2026-09-23 18:44:58,IFD001 Energy meter,58.6764
247,2026-09-23 18:46:01,IFD001 Energy meter,58.6905
248,2026-09-23 18:47:04,IFD001 Energy meter,58.7041
249,2026-09-23 18:48:07,IFD001 Energy meter,58.7188
250,2026-09-23 18:49:10,IFD001 Energy meter,58.7325
251,2026-09-23 18:50:13,IFD001 Energy meter,58.7482
252,2026-09-23 18:51:16,IFD001 Energy meter,58.7633
253,2026-09-23 18:52:19,IFD001 Energy meter,58.7778
254,2026-09-23 18:53:22,IFD001 Energy meter,58.7924
255,2026-09-23 18:54:25,IFD001 Energy meter,58.807
256,2026-09-23 18:55:28,IFD001 Energy meter,58.8254
257,2026-09-23 18:56:31,IFD001 Energy meter,58.8404
258,2026-09-23 18:57:34,IFD001 Energy meter,58.8543
259,2026-09-23 18:58:37,IFD001 Energy meter,58.8687
260,2026-09-23 18:59:40,IFD001 Energy meter,58.885
261,2026-09-23 19:00:43,IFD001 Energy meter,58.8996
262,2026-09-23 19:01:46,IFD001 Energy meter,58.9143
263,2026-09-23 19:02:49,IFD001 Energy meter,58.9288
264,2026-09-23 19:03:52,IFD001 Energy meter,58.9441
265,2026-09-23 19:04:55,IFD001 Energy meter,58.9599
266,2026-09-23 19:05:58,IFD001 Energy meter,58.9758
267,2026-09-23 19:07:01,IFD001 Energy meter,58.9875
268,2026-09-23 19:08:04,IFD001 Energy meter,59.0004
269,2026-09-23 19:09:07,IFD001 Energy meter,59.0101
270,2026-09-23 19:10:10,IFD001 Energy meter,59.0268
271,2026-09-23 19:11:13,IFD001 Energy meter,59.044
272,2026-09-23 19:12:16,IFD001 Energy meter,59.0616
273,2026-09-23 19:13:19,IFD001 Energy meter,59.0769
274,2026-09-23 19:14:22,IFD001 Energy meter,59.0942
275,2026-09-23 19:15:25,IFD001 Energy meter,59.1091
276,2026-09-23 19:16:28,IFD001 Energy meter,59.1239
277,2026-09-23 19:17:31,IFD001 Energy meter,59.1358
278,2026-09-23 19:18:34,IFD001 Energy meter,59.1492
279,2026-09-23 19:19:37,IFD001 Energy meter,59.163
280,2026-09-23 19:20:40,IFD001 Energy meter,59.1799
281,2026-09-23 19:21:43,IFD001 Energy meter,59.1982
282,2026-09-23 19:22:46,IFD001 Energy meter,59.2123
283,2026-09-23 19:23:49,IFD001 Energy meter,59.228
284,2026-09-23 19:24:52,IFD001 Energy meter,59.2435
285,2026-09-23 19:25:55,IFD001 Energy meter,59.257
286,2026-09-23 19:26:58,IFD001 Energy meter,59.2686
287,2026-09-23 19:28:01,IFD001 Energy meter,59.2821
288,2026-09-23 19:29:04,IFD001 Energy meter,59.2942
289,2026-09-23 19:30:07,IFD001 Energy meter,59.3086
290,2026-09-23 19:31:10,IFD001 Energy meter,59.3233
291,2026-09-23 19:32:13,IFD001 Energy meter,59.3379
292,2026-09-23 19:33:16,IFD001 Energy meter,59.3526
293,2026-09-23 19:34:19,IFD001 Energy meter,59.3685
294,2026-09-23 19:35:22,IFD001 Energy meter,59.3817
295,2026-09-23 19:36:25,IFD001 Energy meter,59.3985
296,2026-09-23 19:37:28,IFD001 Energy meter,59.4101
297,2026-09-23 19:38:31,IFD001 Energy meter,59.4252
298,2026-09-23 19:39:34,IFD001 Energy meter,59.441
299,2026-09-23 19:40:37,IFD001 Energy meter,59.4544
300,2026-09-23 19:41:40,IFD001 Energy meter,59.4662
301,2026-09-23 19:42:43,IFD001 Energy meter,59.4825
302,2026-09-23 19:43:46,IFD001 Energy meter,59.4962
303,2026-09-23 19:44:49,IFD001 Energy meter,59.5127
304,2026-09-23 19:45:52,IFD001 Energy meter,59.5293
305,2026-09-23 19:46:55,IFD001 Energy meter,59.5442
306,2026-09-23 19:47:58,IFD001 Energy meter,59.5592
307,2026-09-23 19:49:01,IFD001 Energy meter,59.5762
308,2026-09-23 19:50:04,IFD001 Energy meter,59.5919
309,2026-09-23 19:51:07,IFD001 Energy meter,59.6051
310,2026-09-23 19:52:10,IFD001 Energy meter,59.6204
311,2026-09-23 19:53:13,IFD001 Energy meter,59.6365
312,2026-09-23 19:54:16,IFD001 Energy meter,59.6519
313,2026-09-23 19:55:19,IFD001 Energy meter,59.6673
314,2026-09-23 19:56:22,IFD001 Energy meter,59.682
315,2026-09-23 19:57:25,IFD001 Energy meter,59.6967
316,2026-09-23 19:58:28,IFD001 Energy meter,59.7099
317,2026-09-23 19:59:31,IFD001 Energy meter,59.722
318,2026-09-23 20:00:34,IFD001 Energy meter,59.7393
319,2026-09-23 20:01:37,IFD001 Energy meter,59.753
320,2026-09-23 20:02:40,IFD001 Energy meter,59.7684
321,2026-09-23 20:03:43,IFD001 Energy meter,59.7804
322,2026-09-23 20:04:46,IFD001 Energy meter,59.7957
323,2026-09-23 20:05:49,IFD001 Energy meter,59.8091
324,2026-09-23 20:06:52,IFD001 Energy meter,59.83
325,2026-09-23 20:07:55,IFD001 Energy meter,59.843
326,2026-09-23 20:08:58,IFD001 Energy meter,59.856
327,2026-09-23 20:10:01,IFD001 Energy meter,59.8729
328,2026-09-23 20:11:04,IFD001 Energy meter,59.8902
329,2026-09-23 20:12:07,IFD001 Energy meter,59.901
330,2026-09-23 20:13:10,IFD001 Energy meter,59.9165
331,2026-09-23 20:14:13,IFD001 Energy meter,59.9332
332,2026-09-23 20:15:16,IFD001 Energy meter,59.9458
333,2026-09-23 20:16:19,IFD001 Energy meter,59.9621
334,2026-09-23 20:17:22,IFD001 Energy meter,59.9761
335,2026-09-23 20:18:25,IFD001 Energy meter,59.9891
336,2026-09-23 20:19:28,IFD001 Energy meter,60.0034
337,2026-09-23 20:20:31,IFD001 Energy meter,60.0174
338,2026-09-23 20:21:34,IFD001 Energy meter,60.0297
339,2026-09-23 20:22:37,IFD001 Energy meter,60.0491
340,2026-09-23 20:23:40,IFD001 Energy meter,60.0632
341,2026-09-23 20:24:43,IFD001 Energy meter,60.0767
342,2026-09-23 20:25:46,IFD001 Energy meter,60.0934
343,2026-09-23 20:26:49,IFD001 Energy meter,60.1082
344,2026-09-23 20:27:52,IFD001 Energy meter,60.1259
345,2026-09-23 20:28:55,IFD001 Energy meter,60.1404
346,2026-09-23 20:29:58,IFD001 Energy meter,60.156
347,2026-09-23 20:31:01,IFD001 Energy meter,60.1712
348,2026-09-23 20:32:04,IFD001 Energy meter,60.1865
349,2026-09-23 20:33:07,IFD001 Energy meter,60.2011
350,2026-09-23 20:34:10,IFD001 Energy meter,60.2159
351,2026-09-23 20:35:13,IFD001 Energy meter,60.2342
352,2026-09-23 20:36:16,IFD001 Energy meter,60.2479
353,2026-09-23 20:37:19,IFD001 Energy meter,60.2618
354,2026-09-23 20:38:22,IFD001 Energy meter,60.2761
355,2026-09-23 20:39:25,IFD001 Energy meter,60.2922
356,2026-09-23 20:40:28,IFD001 Energy meter,60.308
357,2026-09-23 20:41:31,IFD001 Energy meter,60.3249
358,2026-09-23 20:42:34,IFD001 Energy meter,60.3372
359,2026-09-23 20:43:37,IFD001 Energy meter,60.3527
360,2026-09-23 20:44:40,IFD001 Energy meter,60.3673
361,2026-09-23 20:45:43,IFD001 Energy meter,60.3818
362,2026-09-23 20:46:46,IFD001 Energy meter,60.3971
363,2026-09-23 20:47:49,IFD001 Energy meter,60.4082
364,2026-09-23 20:48:52,IFD001 Energy meter,60.4237
365,2026-09-23 20:49:55,IFD001 Energy meter,60.439
366,2026-09-23 20:50:58,IFD001 Energy meter,60.4511
367,2026-09-23 20:52:01,IFD001 Energy meter,60.4659
368,2026-09-23 20:53:04,IFD001 Energy meter,60.484
369,2026-09-23 20:54:07,IFD001 Energy meter,60.4982
370,2026-09-23 20:55:10,IFD001 Energy meter,60.5144
371,2026-09-23 20:56:13,IFD001 Energy meter,60.5289
372,2026-09-23 20:57:16,IFD001 Energy meter,60.5423
373,2026-09-23 20:58:19,IFD001 Energy meter,60.5555
374,2026-09-23 20:59:22,IFD001 Energy meter,60.5697
375,2026-09-23 21:00:25,IFD001 Energy meter,60.5873
376,2026-09-23 21:01:28,IFD001 Energy meter,60.6039
377,2026-09-23 21:02:31,IFD001 Energy meter,60.6175
378,2026-09-23 21:03:34,IFD001 Energy meter,60.6344
379,2026-09-23 21:04:37,IFD001 Energy meter,60.6492
380,2026-09-23 21:05:40,IFD001 Energy meter,60.6628
381,2026-09-23 21:06:43,IFD001 Energy meter,60.6786
382,2026-09-23 21:07:46,IFD001 Energy meter,60.6918
383,2026-09-23 21:08:49,IFD001 Energy meter,60.7037
384,2026-09-23 21:09:52,IFD001 Energy meter,60.7213
385,2026-09-23 21:10:55,IFD001 Energy meter,60.7326
386,2026-09-23 21:11:58,IFD001 Energy meter,60.7487
387,2026-09-23 21:13:01,IFD001 Energy meter,60.7607
388,2026-09-23 21:14:04,IFD001 Energy meter,60.7756
389,2026-09-23 21:15:07,IFD001 Energy meter,60.7902
390,2026-09-23 21:16:10,IFD001 Energy meter,60.8043
391,2026-09-23 21:17:13,IFD001 Energy meter,60.815
392,2026-09-23 21:18:16,IFD001 Energy meter,60.8298
393,2026-09-23 21:19:19,IFD001 Energy meter,60.8447
394,2026-09-23 21:20:22,IFD001 Energy meter,60.8579
395,2026-09-23 21:21:25,IFD001 Energy meter,60.8728
396,2026-09-23 21:22:28,IFD001 Energy meter,60.8897
397,2026-09-23 21:23:31,IFD001 Energy meter,60.9033
398,2026-09-23 21:24:34,IFD001 Energy meter,60.9188
399,2026-09-23 21:25:37,IFD001 Energy meter,60.9315
0,2026-09-23 14:26:40,IFD002 Energy meter,283.1889
1,2026-09-23 14:27:43,IFD002 Energy meter,283.1958
2,2026-09-23 14:28:46,IFD002 Energy meter,283.1996
3,2026-09-23 14:29:49,IFD002 Energy meter,283.2025
4,2026-09-23 14:30:52,IFD002 Energy meter,283.2074
5,2026-09-23 14:31:55,IFD002 Energy meter,283.2075
6,2026-09-23 14:32:58,IFD002 Energy meter,283.2116
7,2026-09-23 14:34:01,IFD002 Energy meter,283.2126
8,2026-09-23 14:35:04,IFD002 Energy meter,283.2134
9,2026-09-23 14:36:07,IFD002 Energy meter,283.2176
10,2026-09-23 14:37:10,IFD002 Energy meter,283.2201
11,2026-09-23 14:38:13,IFD002 Energy meter,283.2248
12,2026-09-23 14:39:16,IFD002 Energy meter,283.224
13,2026-09-23 14:40:19,IFD002 Energy meter,283.2266
14,2026-09-23 14:41:22,IFD002 Energy meter,283.2276
15,2026-09-23 14:42:25,IFD002 Energy meter,283.2291
16,2026-09-23 14:43:28,IFD002 Energy meter,283.2274
17,2026-09-23 14:44:31,IFD002 Energy meter,283.2313
18,2026-09-23 14:45:34,IFD002 Energy meter,283.2338
19,2026-09-23 14:46:37,IFD002 Energy meter,283.2339
20,2026-09-23 14:47:40,IFD002 Energy meter,283.2333
21,2026-09-23 14:48:43,IFD002 Energy meter,283.2337
22,2026-09-23 14:49:46,IFD002 Energy meter,283.2385
23,2026-09-23 14:50:49,IFD002 Energy meter,283.2403
24,2026-09-23 14:51:52,IFD002 Energy meter,283.2417
25,2026-09-23 14:52:55,IFD002 Energy meter,283.2448
26,2026-09-23 14:53:58,IFD002 Energy meter,283.2469
27,2026-09-23 14:55:01,IFD002 Energy meter,283.2494
28,2026-09-23 14:56:04,IFD002 Energy meter,283.2529
29,2026-09-23 14:57:07,IFD002 Energy meter,283.2556
30,2026-09-23 14:58:10,IFD002 Energy meter,283.2594
31,2026-09-23 14:59:13,IFD002 Energy meter,283.2591
32,2026-09-23 15:00:16,IFD002 Energy meter,283.2613
33,2026-09-23 15:01:19,IFD002 Energy meter,283.2627
34,2026-09-23 15:02:22,IFD002 Energy meter,283.265
35,2026-09-23 15:03:25,IFD002 Energy meter,283.267
36,2026-09-23 15:04:28,IFD002 Energy meter,283.2678
37,2026-09-23 15:05:31,IFD002 Energy meter,283.2692
38,2026-09-23 15:06:34,IFD002 Energy meter,283.2731
39,2026-09-23 15:07:37,IFD002 Energy meter,283.2741
40,2026-09-23 15:08:40,IFD002 Energy meter,283.2737
41,2026-09-23 15:09:43,IFD002 Energy meter,283.277
42,2026-09-23 15:10:46,IFD002 Energy meter,283.281
43,2026-09-23 15:11:49,IFD002 Energy meter,283.2825
44,2026-09-23 15:12:52,IFD002 Energy meter,283.2849
45,2026-09-23 15:13:55,IFD002 Energy meter,283.2853
46,2026-09-23 15:14:58,IFD002 Energy meter,283.287
47,2026-09-23 15:16:01,IFD002 Energy meter,283.2912
48,2026-09-23 15:17:04,IFD002 Energy meter,283.2949
49,2026-09-23 15:18:07,IFD002 Energy meter,283.2973
50,2026-09-23 15:19:10,IFD002 Energy meter,283.2988
51,2026-09-23 15:20:13,IFD002 Energy meter,283.2977
52,2026-09-23 15:21:16,IFD002 Energy meter,283.3004
53,2026-09-23 15:22:19,IFD002 Energy meter,283.3034
54,2026-09-23 15:23:22,IFD002 Energy meter,283.3076
55,2026-09-23 15:24:25,IFD002 Energy meter,283.3136
56,2026-09-23 15:25:28,IFD002 Energy meter,283.3164
57,2026-09-23 15:26:31,IFD002 Energy meter,283.3204
58,2026-09-23 15:27:34,IFD002 Energy meter,283.3203
59,2026-09-23 15:28:37,IFD002 Energy meter,283.3248
60,2026-09-23 15:29:40,IFD002 Energy meter,283.3286
61,2026-09-23 15:30:43,IFD002 Energy meter,283.3333
62,2026-09-23 15:31:46,IFD002 Energy meter,283.3368
63,2026-09-23 15:32:49,IFD002 Energy meter,283.3398
64,2026-09-23 15:33:52,IFD002 Energy meter,283.3447
65,2026-09-23 15:34:55,IFD002 Energy meter,283.3455
66,2026-09-23 15:35:58,IFD002 Energy meter,283.3489
67,2026-09-23 15:37:01,IFD002 Energy meter,283.3531
68,2026-09-23 15:38:04,IFD002 Energy meter,283.3537
69,2026-09-23 15:39:07,IFD002 Energy meter,283.3536
70,2026-09-23 15:40:10,IFD002 Energy meter,283.3565
71,2026-09-23 15:41:13,IFD002 Energy meter,283.3589
72,2026-09-23 15:42:16,IFD002 Energy meter,283.3622
73,2026-09-23 15:43:19,IFD002 Energy meter,283.3655
74,2026-09-23 15:44:22,IFD002 Energy meter,283.3661
75,2026-09-23 15:45:25,IFD002 Energy meter,283.3689
76,2026-09-23 15:46:28,IFD002 Energy meter,283.3732
77,2026-09-23 15:47:31,IFD002 Energy meter,283.3746
78,2026-09-23 15:48:34,IFD002 Energy meter,283.3762
79,2026-09-23 15:49:37,IFD002 Energy meter,283.3761
80,2026-09-23 15:50:40,IFD002 Energy meter,283.3798
81,2026-09-23 15:51:43,IFD002 Energy meter,283.3858
82,2026-09-23 15:52:46,IFD002 Energy meter,283.3852
83,2026-09-23 15:53:49,IFD002 Energy meter,283.3888
84,2026-09-23 15:54:52,IFD002 Energy meter,283.3927
85,2026-09-23 15:55:55,IFD002 Energy meter,283.3937
86,2026-09-23 15:56:58,IFD002 Energy meter,283.3951
87,2026-09-23 15:58:01,IFD002 Energy meter,283.3952
88,2026-09-23 15:59:04,IFD002 Energy meter,283.3958
89,2026-09-23 16:00:07,IFD002 Energy meter,283.3983
90,2026-09-23 16:01:10,IFD002 Energy meter,283.4017
91,2026-09-23 16:02:13,IFD002 Energy meter,283.404
92,2026-09-23 16:03:16,IFD002 Energy meter,283.4078
93,2026-09-23 16:04:19,IFD002 Energy meter,283.4103
94,2026-09-23 16:05:22,IFD002 Energy meter,283.4102
95,2026-09-23 16:06:25,IFD002 Energy meter,283.4152
96,2026-09-23 16:07:28,IFD002 Energy meter,283.4196
97,2026-09-23 16:08:31,IFD002 Energy meter,283.4203
98,2026-09-23 16:09:34,IFD002 Energy meter,283.4259
99,2026-09-23 16:10:37,IFD002 Energy meter,283.429
100,2026-09-23 16:11:40,IFD002 Energy meter,283.4314
101,2026-09-23 16:12:43,IFD002 Energy meter,283.4373
102,2026-09-23 16:13:46,IFD002 Energy meter,283.4345
103,2026-09-23 16:14:49,IFD002 Energy meter,283.4335
104,2026-09-23 16:15:52,IFD002 Energy meter,283.4371
105,2026-09-23 16:16:55,IFD002 Energy meter,283.4387
106,2026-09-23 16:17:58,IFD002 Energy meter,283.439
107,2026-09-23 16:19:01,IFD002 Energy meter,283.4441
108,2026-09-23 16:20:04,IFD002 Energy meter,283.4472
109,2026-09-23 16:21:07,IFD002 Energy meter,283.4468
110,2026-09-23 16:22:10,IFD002 Energy meter,283.4477
111,2026-09-23 16:23:13,IFD002 Energy meter,283.4515
112,2026-09-23 16:24:16,IFD002 Energy meter,283.4571
113,2026-09-23 16:25:19,IFD002 Energy meter,283.4554
114,2026-09-23 16:26:22,IFD002 Energy meter,283.458
115,2026-09-23 16:27:25,IFD002 Energy meter,283.4594
116,2026-09-23 16:28:28,IFD002 Energy meter,283.4582
117,2026-09-23 16:29:31,IFD002 Energy meter,283.46
118,2026-09-23 16:30:34,IFD002 Energy meter,283.459
119,2026-09-23 16:31:37,IFD002 Energy meter,283.4601
120,2026-09-23 16:32:40,IFD002 Energy meter,283.4654
121,2026-09-23 16:33:43,IFD002 Energy meter,283.4686
122,2026-09-23 16:34:46,IFD002 Energy meter,283.4723
123,2026-09-23 16:35:49,IFD002 Energy meter,283.4756
124,2026-09-23 16:36:52,IFD002 Energy meter,283.4784
125,2026-09-23 16:37:55,IFD002 Energy meter,283.4825
126,2026-09-23 16:38:58,IFD002 Energy meter,283.4824
127,2026-09-23 16:40:01,IFD002 Energy meter,283.4838
128,2026-09-23 16:41:04,IFD002 Energy meter,283.4877
129,2026-09-23 16:42:07,IFD002 Energy meter,283.4884
130,2026-09-23 16:43:10,IFD002 Energy meter,283.4897
131,2026-09-23 16:44:13,IFD002 Energy meter,283.4942
132,2026-09-23 16:45:16,IFD002 Energy meter,283.4994
133,2026-09-23 16:46:19,IFD002 Energy meter,283.5004
134,2026-09-23 16:47:22,IFD002 Energy meter,283.5009
135,2026-09-23 16:48:25,IFD002 Energy meter,283.5043
136,2026-09-23 16:49:28,IFD002 Energy meter,283.507
137,2026-09-23 16:50:31,IFD002 Energy meter,283.5078
138,2026-09-23 16:51:34,IFD002 Energy meter,283.5111
139,2026-09-23 16:52:37,IFD002 Energy meter,283.5144
140,2026-09-23 16:53:40,IFD002 Energy meter,283.5167
141,2026-09-23 16:54:43,IFD002 Energy meter,283.5246
142,2026-09-23 16:55:46,IFD002 Energy meter,283.5295
143,2026-09-23 16:56:49,IFD002 Energy meter,283.5332
144,2026-09-23 16:57:52,IFD002 Energy meter,283.5374
145,2026-09-23 16:58:55,IFD002 Energy meter,283.5454
146,2026-09-23 16:59:58,IFD002 Energy meter,283.5497
147,2026-09-23 17:01:01,IFD002 Energy meter,283.5505
148,2026-09-23 17:02:04,IFD002 Energy meter,283.5533
149,2026-09-23 17:03:07,IFD002 Energy meter,283.5556
150,2026-09-23 17:04:10,IFD002 Energy meter,283.5567
151,2026-09-23 17:05:13,IFD002 Energy meter,283.5594
152,2026-09-23 17:06:16,IFD002 Energy meter,283.562
153,2026-09-23 17:07:19,IFD002 Energy meter,283.5641
154,2026-09-23 17:08:22,IFD002 Energy meter,283.5653
155,2026-09-23 17:09:25,IFD002 Energy meter,283.5691
156,2026-09-23 17:10:28,IFD002 Energy meter,283.5682
157,2026-09-23 17:11:31,IFD002 Energy meter,283.572
158,2026-09-23 17:12:34,IFD002 Energy meter,283.5742
159,2026-09-23 17:13:37,IFD002 Energy meter,283.5769
160,2026-09-23 17:14:40,IFD002 Energy meter,283.5745
161,2026-09-23 17:15:43,IFD002 Energy meter,283.5799
162,2026-09-23 17:16:46,IFD002 Energy meter,283.5787
163,2026-09-23 17:17:49,IFD002 Energy meter,283.5792
164,2026-09-23 17:18:52,IFD002 Energy meter,283.5827
165,2026-09-23 17:19:55,IFD002 Energy meter,283.5837
166,2026-09-23 17:20:58,IFD002 Energy meter,283.585
167,2026-09-23 17:22:01,IFD002 Energy meter,283.5829
168,2026-09-23 17:23:04,IFD002 Energy meter,283.5842
169,2026-09-23 17:24:07,IFD002 Energy meter,283.5868
170,2026-09-23 17:25:10,IFD002 Energy meter,283.5903
171,2026-09-23 17:26:13,IFD002 Energy meter,283.5919
172,2026-09-23 17:27:16,IFD002 Energy meter,283.5945
173,2026-09-23 17:28:19,IFD002 Energy meter,283.5976
174,2026-09-23 17:29:22,IFD002 Energy meter,283.5985
175,2026-09-23 17:30:25,IFD002 Energy meter,283.5992
176,2026-09-23 17:31:28,IFD002 Energy meter,283.6052
177,2026-09-23 17:32:31,IFD002 Energy meter,283.6057
178,2026-09-23 17:33:34,IFD002 Energy meter,283.6103
179,2026-09-23 17:34:37,IFD002 Energy meter,283.6126
180,2026-09-23 17:35:40,IFD002 Energy meter,283.6177
181,2026-09-23 17:36:43,IFD002 Energy meter,283.6187
182,2026-09-23 17:37:46,IFD002 Energy meter,283.6219
183,2026-09-23 17:38:49,IFD002 Energy meter,283.6247
184,2026-09-23 17:39:52,IFD002 Energy meter,283.6264
185,2026-09-23 17:40:55,IFD002 Energy meter,283.6292
186,2026-09-23 17:41:58,IFD002 Energy meter,283.6299
187,2026-09-23 17:43:01,IFD002 Energy meter,283.632
188,2026-09-23 17:44:04,IFD002 Energy meter,283.6334
189,2026-09-23 17:45:07,IFD002 Energy meter,283.637
190,2026-09-23 17:46:10,IFD002 Energy meter,283.6391
191,2026-09-23 17:47:13,IFD002 Energy meter,283.6385
192,2026-09-23 17:48:16,IFD002 Energy meter,283.64
193,2026-09-23 17:49:19,IFD002 Energy meter,283.642
194,2026-09-23 17:50:22,IFD002 Energy meter,283.6424
195,2026-09-23 17:51:25,IFD002 Energy meter,283.6472
196,2026-09-23 17:52:28,IFD002 Energy meter,283.6502
197,2026-09-23 17:53:31,IFD002 Energy meter,283.654
198,2026-09-23 17:54:34,IFD002 Energy meter,283.6547
199,2026-09-23 17:55:37,IFD002 Energy meter,283.6561
200,2026-09-23 17:56:40,IFD002 Energy meter,283.6603
201,2026-09-23 17:57:43,IFD002 Energy meter,283.6597
202,2026-09-23 17:58:46,IFD002 Energy meter,283.6626
203,2026-09-23 17:59:49,IFD002 Energy meter,283.6649
204,2026-09-23 18:00:52,IFD002 Energy meter,283.6662
205,2026-09-23 18:01:55,IFD002 Energy meter,283.6685
206,2026-09-23 18:02:58,IFD002 Energy meter,283.6686
207,2026-09-23 18:04:01,IFD002 Energy meter,283.6712
208,2026-09-23 18:05:04,IFD002 Energy meter,283.671
209,2026-09-23 18:06:07,IFD002 Energy meter,283.6707
210,2026-09-23 18:07:10,IFD002 Energy meter,283.6757
211,2026-09-23 18:08:13,IFD002 Energy meter,283.6765
212,2026-09-23 18:09:16,IFD002 Energy meter,283.6745
213,2026-09-23 18:10:19,IFD002 Energy meter,283.6786
214,2026-09-23 18:11:22,IFD002 Energy meter,283.6793
215,2026-09-23 18:12:25,IFD002 Energy meter,283.6746
216,2026-09-23 18:13:28,IFD002 Energy meter,283.6766
217,2026-09-23 18:14:31,IFD002 Energy meter,283.6807
218,2026-09-23 18:15:34,IFD002 Energy meter,283.6835
219,2026-09-23 18:16:37,IFD002 Energy meter,283.6891
220,2026-09-23 18:17:40,IFD002 Energy meter,283.6911
221,2026-09-23 18:18:43,IFD002 Energy meter,283.6944
222,2026-09-23 18:19:46,IFD002 Energy meter,283.6946
223,2026-09-23 18:20:49,IFD002 Energy meter,283.6971
224,2026-09-23 18:21:52,IFD002 Energy meter,283.7023
225,2026-09-23 18:22:55,IFD002 Energy meter,283.7055
226,2026-09-23 18:23:58,IFD002 Energy meter,283.708
227,2026-09-23 18:25:01,IFD002 Energy meter,283.7063
228,2026-09-23 18:26:04,IFD002 Energy meter,283.7078
229,2026-09-23 18:27:07,IFD002 Energy meter,283.7075
230,2026-09-23 18:28:10,IFD002 Energy meter,283.7112
231,2026-09-23 18:29:13,IFD002 Energy meter,283.7119
232,2026-09-23 18:30:16,IFD002 Energy meter,283.7148
233,2026-09-23 18:31:19,IFD002 Energy meter,283.715
234,2026-09-23 18:32:22,IFD002 Energy meter,283.7209
235,2026-09-23 18:33:25,IFD002 Energy meter,283.7208
236,2026-09-23 18:34:28,IFD002 Energy meter,283.7233
237,2026-09-23 18:35:31,IFD002 Energy meter,283.7307
238,2026-09-23 18:36:34,IFD002 Energy meter,283.7333
239,2026-09-23 18:37:37,IFD002 Energy meter,283.7338
240,2026-09-23 18:38:40,IFD002 Energy meter,283.7372
241,2026-09-23 18:39:43,IFD002 Energy meter,283.7413
242,2026-09-23 18:40:46,IFD002 Energy meter,283.7452
243,2026-09-23 18:41:49,IFD002 Energy meter,283.7435
244,2026-09-23 18:42:52,IFD002 Energy meter,283.7461
245,2026-09-23 18:43:55,IFD002 Energy meter,283.7442
246,2026-09-23 18:44:58,IFD002 Energy meter,283.7501
247,2026-09-23 18:46:01,IFD002 Energy meter,283.7524
248,2026-09-23 18:47:04,IFD002 Energy meter,283.7537
249,2026-09-23 18:48:07,IFD002 Energy meter,283.7572
250,2026-09-23 18:49:10,IFD002 Energy meter,283.7604
251,2026-09-23 18:50:13,IFD002 Energy meter,283.7602
252,2026-09-23 18:51:16,IFD002 Energy meter,283.7656
253,2026-09-23 18:52:19,IFD002 Energy meter,283.7674
254,2026-09-23 18:53:22,IFD002 Energy meter,283.7661
255,2026-09-23 18:54:25,IFD002 Energy meter,283.771
256,2026-09-23 18:55:28,IFD002 Energy meter,283.7763
257,2026-09-23 18:56:31,IFD002 Energy meter,283.7809
258,2026-09-23 18:57:34,IFD002 Energy meter,283.7842
259,2026-09-23 18:58:37,IFD002 Energy meter,283.7847
260,2026-09-23 18:59:40,IFD002 Energy meter,283.7887
261,2026-09-23 19:00:43,IFD002 Energy meter,283.7946
262,2026-09-23 19:01:46,IFD002 Energy meter,283.7984
263,2026-09-23 19:02:49,IFD002 Energy meter,283.8037
264,2026-09-23 19:03:52,IFD002 Energy meter,283.8044
265,2026-09-23 19:04:55,IFD002 Energy meter,283.8086
266,2026-09-23 19:05:58,IFD002 Energy meter,283.8127
267,2026-09-23 19:07:01,IFD002 Energy meter,283.8119
268,2026-09-23 19:08:04,IFD002 Energy meter,283.8109
269,2026-09-23 19:09:07,IFD002 Energy meter,283.8117
270,2026-09-23 19:10:10,IFD002 Energy meter,283.814
271,2026-09-23 19:11:13,IFD002 Energy meter,283.8171
272,2026-09-23 19:12:16,IFD002 Energy meter,283.8189
273,2026-09-23 19:13:19,IFD002 Energy meter,283.821
274,2026-09-23 19:14:22,IFD002 Energy meter,283.823
275,2026-09-23 19:15:25,IFD002 Energy meter,283.8253
276,2026-09-23 19:16:28,IFD002 Energy meter,283.8287
277,2026-09-23 19:17:31,IFD002 Energy meter,283.8319
278,2026-09-23 19:18:34,IFD002 Energy meter,283.834
279,2026-09-23 19:19:37,IFD002 Energy meter,283.8367
280,2026-09-23 19:20:40,IFD002 Energy meter,283.838
281,2026-09-23 19:21:43,IFD002 Energy meter,283.8418
282,2026-09-23 19:22:46,IFD002 Energy meter,283.843
283,2026-09-23 19:23:49,IFD002 Energy meter,283.8484
284,2026-09-23 19:24:52,IFD002 Energy meter,283.8506
285,2026-09-23 19:25:55,IFD002 Energy meter,283.8533
286,2026-09-23 19:26:58,IFD002 Energy meter,283.854
287,2026-09-23 19:28:01,IFD002 Energy meter,283.8556
288,2026-09-23 19:29:04,IFD002 Energy meter,283.8581
289,2026-09-23 19:30:07,IFD002 Energy meter,283.8603
290,2026-09-23 19:31:10,IFD002 Energy meter,283.8613
291,2026-09-23 19:32:13,IFD002 Energy meter,283.8612
292,2026-09-23 19:33:16,IFD002 Energy meter,283.8635
293,2026-09-23 19:34:19,IFD002 Energy meter,283.866
294,2026-09-23 19:35:22,IFD002 Energy meter,283.8693
295,2026-09-23 19:36:25,IFD002 Energy meter,283.874
296,2026-09-23 19:37:28,IFD002 Energy meter,283.8756
297,2026-09-23 19:38:31,IFD002 Energy meter,283.8738
298,2026-09-23 19:39:34,IFD002 Energy meter,283.8757
299,2026-09-23 19:40:37,IFD002 Energy meter,283.8743
300,2026-09-23 19:41:40,IFD002 Energy meter,283.8739
301,2026-09-23 19:42:43,IFD002 Energy meter,283.8782
302,2026-09-23 19:43:46,IFD002 Energy meter,283.8815
303,2026-09-23 19:44:49,IFD002 Energy meter,283.8825
304,2026-09-23 19:45:52,IFD002 Energy meter,283.8834
305,2026-09-23 19:46:55,IFD002 Energy meter,283.8854
306,2026-09-23 19:47:58,IFD002 Energy meter,283.8842
307,2026-09-23 19:49:01,IFD002 Energy meter,283.8873
308,2026-09-23 19:50:04,IFD002 Energy meter,283.8888
309,2026-09-23 19:51:07,IFD002 Energy meter,283.8947
310,2026-09-23 19:52:10,IFD002 Energy meter,283.8948
311,2026-09-23 19:53:13,IFD002 Energy meter,283.899
312,2026-09-23 19:54:16,IFD002 Energy meter,283.8999
313,2026-09-23 19:55:19,IFD002 Energy meter,283.9041
314,2026-09-23 19:56:22,IFD002 Energy meter,283.9044
315,2026-09-23 19:57:25,IFD002 Energy meter,283.908
316,2026-09-23 19:58:28,IFD002 Energy meter,283.9094
317,2026-09-23 19:59:31,IFD002 Energy meter,283.9099
318,2026-09-23 20:00:34,IFD002 Energy meter,283.9119
319,2026-09-23 20:01:37,IFD002 Energy meter,283.915
320,2026-09-23 20:02:40,IFD002 Energy meter,283.918
321,2026-09-23 20:03:43,IFD002 Energy meter,283.9234
322,2026-09-23 20:04:46,IFD002 Energy meter,283.9272
323,2026-09-23 20:05:49,IFD002 Energy meter,283.9242
324,2026-09-23 20:06:52,IFD002 Energy meter,283.9256
325,2026-09-23 20:07:55,IFD002 Energy meter,283.9239
326,2026-09-23 20:08:58,IFD002 Energy meter,283.9253
327,2026-09-23 20:10:01,IFD002 Energy meter,283.9288
328,2026-09-23 20:11:04,IFD002 Energy meter,283.9283
329,2026-09-23 20:12:07,IFD002 Energy meter,283.9282
330,2026-09-23 20:13:10,IFD002 Energy meter,283.9307
331,2026-09-23 20:14:13,IFD002 Energy meter,283.9323
332,2026-09-23 20:15:16,IFD002 Energy meter,283.9377
333,2026-09-23 20:16:19,IFD002 Energy meter,283.9405
334,2026-09-23 20:17:22,IFD002 Energy meter,283.9438
335,2026-09-23 20:18:25,IFD002 Energy meter,283.9495
336,2026-09-23 20:19:28,IFD002 Energy meter,283.9507
337,2026-09-23 20:20:31,IFD002 Energy meter,283.9529
338,2026-09-23 20:21:34,IFD002 Energy meter,283.9532
339,2026-09-23 20:22:37,IFD002 Energy meter,283.9559
340,2026-09-23 20:23:40,IFD002 Energy meter,283.9602
341,2026-09-23 20:24:43,IFD002 Energy meter,283.9651
342,2026-09-23 20:25:46,IFD002 Energy meter,283.9672
343,2026-09-23 20:26:49,IFD002 Energy meter,283.968
344,2026-09-23 20:27:52,IFD002 Energy meter,283.9687
345,2026-09-23 20:28:55,IFD002 Energy meter,283.9682
346,2026-09-23 20:29:58,IFD002 Energy meter,283.9706
347,2026-09-23 20:31:01,IFD002 Energy meter,283.9756
348,2026-09-23 20:32:04,IFD002 Energy meter,283.973
349,2026-09-23 20:33:07,IFD002 Energy meter,283.9709
350,2026-09-23 20:34:10,IFD002 Energy meter,283.9759
351,2026-09-23 20:35:13,IFD002 Energy meter,283.9749
352,2026-09-23 20:36:16,IFD002 Energy meter,283.9778
353,2026-09-23 20:37:19,IFD002 Energy meter,283.9775
354,2026-09-23 20:38:22,IFD002 Energy meter,283.9813
355,2026-09-23 20:39:25,IFD002 Energy meter,283.9851
356,2026-09-23 20:40:28,IFD002 Energy meter,283.9877
357,2026-09-23 20:41:31,IFD002 Energy meter,283.9915
358,2026-09-23 20:42:34,IFD002 Energy meter,283.9938
359,2026-09-23 20:43:37,IFD002 Energy meter,283.9972
360,2026-09-23 20:44:40,IFD002 Energy meter,284.0031
361,2026-09-23 20:45:43,IFD002 Energy meter,284.0075
362,2026-09-23 20:46:46,IFD002 Energy meter,284.0084
363,2026-09-23 20:47:49,IFD002 Energy meter,284.009
364,2026-09-23 20:48:52,IFD002 Energy meter,284.0108
365,2026-09-23 20:49:55,IFD002 Energy meter,284.0125
366,2026-09-23 20:50:58,IFD002 Energy meter,284.0149
367,2026-09-23 20:52:01,IFD002 Energy meter,284.0159
368,2026-09-23 20:53:04,IFD002 Energy meter,284.0195
369,2026-09-23 20:54:07,IFD002 Energy meter,284.0218
370,2026-09-23 20:55:10,IFD002 Energy meter,284.0247
371,2026-09-23 20:56:13,IFD002 Energy meter,284.027
372,2026-09-23 20:57:16,IFD002 Energy meter,284.0304
373,2026-09-23 20:58:19,IFD002 Energy meter,284.0303
374,2026-09-23 20:59:22,IFD002 Energy meter,284.0357
375,2026-09-23 21:00:25,IFD002 Energy meter,284.0386
376,2026-09-23 21:01:28,IFD002 Energy meter,284.0417
377,2026-09-23 21:02:31,IFD002 Energy meter,284.0452
378,2026-09-23 21:03:34,IFD002 Energy meter,284.0496
379,2026-09-23 21:04:37,IFD002 Energy meter,284.0533
380,2026-09-23 21:05:40,IFD002 Energy meter,284.056
381,2026-09-23 21:06:43,IFD002 Energy meter,284.0579
382,2026-09-23 21:07:46,IFD002 Energy meter,284.0569
383,2026-09-23 21:08:49,IFD002 Energy meter,284.0595
384,2026-09-23 21:09:52,IFD002 Energy meter,284.0611
385,2026-09-23 21:10:55,IFD002 Energy meter,284.0628
386,2026-09-23 21:11:58,IFD002 Energy meter,284.0698
387,2026-09-23 21:13:01,IFD002 Energy meter,284.0683
388,2026-09-23 21:14:04,IFD002 Energy meter,284.0707
389,2026-09-23 21:15:07,IFD002 Energy meter,284.0754
390,2026-09-23 21:16:10,IFD002 Energy meter,284.0795
391,2026-09-23 21:17:13,IFD002 Energy meter,284.0843
392,2026-09-23 21:18:16,IFD002 Energy meter,284.084
393,2026-09-23 21:19:19,IFD002 Energy meter,284.0843
394,2026-09-23 21:20:22,IFD002 Energy meter,284.0878
395,2026-09-23 21:21:25,IFD002 Energy meter,284.0895
396,2026-09-23 21:22:28,IFD002 Energy meter,284.0951
397,2026-09-23 21:23:31,IFD002 Energy meter,284.0979
398,2026-09-23 21:24:34,IFD002 Energy meter,284.1005
399,2026-09-23 21:25:37,IFD002 Energy meter,284.1036
0,2026-09-23 14:26:40,IFD003 Energy meter,142.2314
1,2026-09-23 14:27:43,IFD003 Energy meter,142.2497
2,2026-09-23 14:28:46,IFD003 Energy meter,142.2692
3,2026-09-23 14:29:49,IFD003 Energy meter,142.2878
4,2026-09-23 14:30:52,IFD003 Energy meter,142.3079
5,2026-09-23 14:31:55,IFD003 Energy meter,142.3247
6,2026-09-23 14:32:58,IFD003 Energy meter,142.3413
7,2026-09-23 14:34:01,IFD003 Energy meter,142.3618
8,2026-09-23 14:35:04,IFD003 Energy meter,142.3818
9,2026-09-23 14:36:07,IFD003 Energy meter,142.3995
10,2026-09-23 14:37:10,IFD003 Energy meter,142.4186
11,2026-09-23 14:38:13,IFD003 Energy meter,142.4361
12,2026-09-23 14:39:16,IFD003 Energy meter,142.4598
13,2026-09-23 14:40:19,IFD003 Energy meter,142.4762
14,2026-09-23 14:41:22,IFD003 Energy meter,142.4993
15,2026-09-23 14:42:25,IFD003 Energy meter,142.5172
16,2026-09-23 14:43:28,IFD003 Energy meter,142.5377
17,2026-09-23 14:44:31,IFD003 Energy meter,142.5567
18,2026-09-23 14:45:34,IFD003 Energy meter,142.5756
19,2026-09-23 14:46:37,IFD003 Energy meter,142.597
20,2026-09-23 14:47:40,IFD003 Energy meter,142.6183
21,2026-09-23 14:48:43,IFD003 Energy meter,142.6373
22,2026-09-23 14:49:46,IFD003 Energy meter,142.6551
23,2026-09-23 14:50:49,IFD003 Energy meter,142.6788
24,2026-09-23 14:51:52,IFD003 Energy meter,142.7012
25,2026-09-23 14:52:55,IFD003 Energy meter,142.7211
26,2026-09-23 14:53:58,IFD003 Energy meter,142.7401
27,2026-09-23 14:55:01,IFD003 Energy meter,142.7603
28,2026-09-23 14:56:04,IFD003 Energy meter,142.7801
29,2026-09-23 14:57:07,IFD003 Energy meter,142.802
30,2026-09-23 14:58:10,IFD003 Energy meter,142.8197
31,2026-09-23 14:59:13,IFD003 Energy meter,142.8394
32,2026-09-23 15:00:16,IFD003 Energy meter,142.8574
33,2026-09-23 15:01:19,IFD003 Energy meter,142.8796
34,2026-09-23 15:02:22,IFD003 Energy meter,142.9028
35,2026-09-23 15:03:25,IFD003 Energy meter,142.9222
36,2026-09-23 15:04:28,IFD003 Energy meter,142.9429
37,2026-09-23 15:05:31,IFD003 Energy meter,142.9653
38,2026-09-23 15:06:34,IFD003 Energy meter,142.9843
39,2026-09-23 15:07:37,IFD003 Energy meter,143.0021
40,2026-09-23 15:08:40,IFD003 Energy meter,143.0238
41,2026-09-23 15:09:43,IFD003 Energy meter,143.0444
42,2026-09-23 15:10:46,IFD003 Energy meter,143.0636
43,2026-09-23 15:11:49,IFD003 Energy meter,143.0861
44,2026-09-23 15:12:52,IFD003 Energy meter,143.1062
45,2026-09-23 15:13:55,IFD003 Energy meter,143.1222
46,2026-09-23 15:14:58,IFD003 Energy meter,143.1425
47,2026-09-23 15:16:01,IFD003 Energy meter,143.162
48,2026-09-23 15:17:04,IFD003 Energy meter,143.1854
49,2026-09-23 15:18:07,IFD003 Energy meter,143.205
50,2026-09-23 15:19:10,IFD003 Energy meter,143.2241
51,2026-09-23 15:20:13,IFD003 Energy meter,143.2446
52,2026-09-23 15:21:16,IFD003 Energy meter,143.2647
53,2026-09-23 15:22:19,IFD003 Energy meter,143.2815
54,2026-09-23 15:23:22,IFD003 Energy meter,143.3014
55,2026-09-23 15:24:25,IFD003 Energy meter,143.3203
56,2026-09-23 15:25:28,IFD003 Energy meter,143.3427
57,2026-09-23 15:26:31,IFD003 Energy meter,143.3671
58,2026-09-23 15:27:34,IFD003 Energy meter,143.3845
59,2026-09-23 15:28:37,IFD003 Energy meter,143.4022
60,2026-09-23 15:29:40,IFD003 Energy meter,143.4201
61,2026-09-23 15:30:43,IFD003 Energy meter,143.4384
62,2026-09-23 15:31:46,IFD003 Energy meter,143.4566
63,2026-09-23 15:32:49,IFD003 Energy meter,143.4764
64,2026-09-23 15:33:52,IFD003 Energy meter,143.4981
65,2026-09-23 15:34:55,IFD003 Energy meter,143.5152
66,2026-09-23 15:35:58,IFD003 Energy meter,143.5317
67,2026-09-23 15:37:01,IFD003 Energy meter,143.5476
68,2026-09-23 15:38:04,IFD003 Energy meter,143.5694
69,2026-09-23 15:39:07,IFD003 Energy meter,143.5917
70,2026-09-23 15:40:10,IFD003 Energy meter,143.6082
71,2026-09-23 15:41:13,IFD003 Energy meter,143.6246
72,2026-09-23 15:42:16,IFD003 Energy meter,143.6445
73,2026-09-23 15:43:19,IFD003 Energy meter,143.6663
74,2026-09-23 15:44:22,IFD003 Energy meter,143.6879
75,2026-09-23 15:45:25,IFD003 Energy meter,143.7079
76,2026-09-23 15:46:28,IFD003 Energy meter,143.7289
77,2026-09-23 15:47:31,IFD003 Energy meter,143.7491
78,2026-09-23 15:48:34,IFD003 Energy meter,143.7676
79,2026-09-23 15:49:37,IFD003 Energy meter,143.7911
80,2026-09-23 15:50:40,IFD003 Energy meter,143.8107
81,2026-09-23 15:51:43,IFD003 Energy meter,143.8281
82,2026-09-23 15:52:46,IFD003 Energy meter,143.8467
83,2026-09-23 15:53:49,IFD003 Energy meter,143.8633
84,2026-09-23 15:54:52,IFD003 Energy meter,143.8829
85,2026-09-23 15:55:55,IFD003 Energy meter,143.9047
86,2026-09-23 15:56:58,IFD003 Energy meter,143.9218
87,2026-09-23 15:58:01,IFD003 Energy meter,143.9437
88,2026-09-23 15:59:04,IFD003 Energy meter,143.9675
89,2026-09-23 16:00:07,IFD003 Energy meter,143.9879
90,2026-09-23 16:01:10,IFD003 Energy meter,144.0052
91,2026-09-23 16:02:13,IFD003 Energy meter,144.0231
92,2026-09-23 16:03:16,IFD003 Energy meter,144.042
93,2026-09-23 16:04:19,IFD003 Energy meter,144.0591
94,2026-09-23 16:05:22,IFD003 Energy meter,144.0762
95,2026-09-23 16:06:25,IFD003 Energy meter,144.0953
96,2026-09-23 16:07:28,IFD003 Energy meter,144.1145
97,2026-09-23 16:08:31,IFD003 Energy meter,144.1353
98,2026-09-23 16:09:34,IFD003 Energy meter,144.1526
99,2026-09-23 16:10:37,IFD003 Energy meter,144.1759
100,2026-09-23 16:11:40,IFD003 Energy meter,144.1977
101,2026-09-23 16:12:43,IFD003 Energy meter,144.2191
102,2026-09-23 16:13:46,IFD003 Energy meter,144.2374
103,2026-09-23 16:14:49,IFD003 Energy meter,144.2605
104,2026-09-23 16:15:52,IFD003 Energy meter,144.2794
105,2026-09-23 16:16:55,IFD003 Energy meter,144.3026
106,2026-09-23 16:17:58,IFD003 Energy meter,144.3244
107,2026-09-23 16:19:01,IFD003 Energy meter,144.3422
108,2026-09-23 16:20:04,IFD003 Energy meter,144.3609
109,2026-09-23 16:21:07,IFD003 Energy meter,144.3843
110,2026-09-23 16:22:10,IFD003 Energy meter,144.4059
111,2026-09-23 16:23:13,IFD003 Energy meter,144.4252
112,2026-09-23 16:24:16,IFD003 Energy meter,144.4452
113,2026-09-23 16:25:19,IFD003 Energy meter,144.4652
114,2026-09-23 16:26:22,IFD003 Energy meter,144.4833
115,2026-09-23 16:27:25,IFD003 Energy meter,144.5025
116,2026-09-23 16:28:28,IFD003 Energy meter,144.5208
117,2026-09-23 16:29:31,IFD003 Energy meter,144.5396
118,2026-09-23 16:30:34,IFD003 Energy meter,144.5601
119,2026-09-23 16:31:37,IFD003 Energy meter,144.5778
120,2026-09-23 16:32:40,IFD003 Energy meter,144.5989
121,2026-09-23 16:33:43,IFD003 Energy meter,144.6187
122,2026-09-23 16:34:46,IFD003 Energy meter,144.6399
123,2026-09-23 16:35:49,IFD003 Energy meter,144.6613
124,2026-09-23 16:36:52,IFD003 Energy meter,144.6834
125,2026-09-23 16:37:55,IFD003 Energy meter,144.7043
126,2026-09-23 16:38:58,IFD003 Energy meter,144.7253
127,2026-09-23 16:40:01,IFD003 Energy meter,144.7445
128,2026-09-23 16:41:04,IFD003 Energy meter,144.7653
129,2026-09-23 16:42:07,IFD003 Energy meter,144.7831
130,2026-09-23 16:43:10,IFD003 Energy meter,144.8022
131,2026-09-23 16:44:13,IFD003 Energy meter,144.8233
132,2026-09-23 16:45:16,IFD003 Energy meter,144.8429
133,2026-09-23 16:46:19,IFD003 Energy meter,144.8634
134,2026-09-23 16:47:22,IFD003 Energy meter,144.8809
135,2026-09-23 16:48:25,IFD003 Energy meter,144.9032
136,2026-09-23 16:49:28,IFD003 Energy meter,144.9217
137,2026-09-23 16:50:31,IFD003 Energy meter,144.9421
138,2026-09-23 16:51:34,IFD003 Energy meter,144.9617
139,2026-09-23 16:52:37,IFD003 Energy meter,144.9831
140,2026-09-23 16:53:40,IFD003 Energy meter,145.002
141,2026-09-23 16:54:43,IFD003 Energy meter,145.0196
142,2026-09-23 16:55:46,IFD003 Energy meter,145.0354
143,2026-09-23 16:56:49,IFD003 Energy meter,145.0544
144,2026-09-23 16:57:52,IFD003 Energy meter,145.0716
145,2026-09-23 16:58:55,IFD003 Energy meter,145.0923
146,2026-09-23 16:59:58,IFD003 Energy meter,145.1148
147,2026-09-23 17:01:01,IFD003 Energy meter,145.13
148,2026-09-23 17:02:04,IFD003 Energy meter,145.147
149,2026-09-23 17:03:07,IFD003 Energy meter,145.1672
150,2026-09-23 17:04:10,IFD003 Energy meter,145.1893
151,2026-09-23 17:05:13,IFD003 Energy meter,145.2096
152,2026-09-23 17:06:16,IFD003 Energy meter,145.2298
153,2026-09-23 17:07:19,IFD003 Energy meter,145.2505
154,2026-09-23 17:08:22,IFD003 Energy meter,145.2712
155,2026-09-23 17:09:25,IFD003 Energy meter,145.2941
156,2026-09-23 17:10:28,IFD003 Energy meter,145.315
157,2026-09-23 17:11:31,IFD003 Energy meter,145.3321
158,2026-09-23 17:12:34,IFD003 Energy meter,145.3508
159,2026-09-23 17:13:37,IFD003 Energy meter,145.3708
160,2026-09-23 17:14:40,IFD003 Energy meter,145.3888
161,2026-09-23 17:15:43,IFD003 Energy meter,145.4079
162,2026-09-23 17:16:46,IFD003 Energy meter,145.4264
163,2026-09-23 17:17:49,IFD003 Energy meter,145.4446
164,2026-09-23 17:18:52,IFD003 Energy meter,145.4657
165,2026-09-23 17:19:55,IFD003 Energy meter,145.4845
166,2026-09-23 17:20:58,IFD003 Energy meter,145.5019
167,2026-09-23 17:22:01,IFD003 Energy meter,145.5201
168,2026-09-23 17:23:04,IFD003 Energy meter,145.5398
169,2026-09-23 17:24:07,IFD003 Energy meter,145.5636
170,2026-09-23 17:25:10,IFD003 Energy meter,145.5838
171,2026-09-23 17:26:13,IFD003 Energy meter,145.6064
172,2026-09-23 17:27:16,IFD003 Energy meter,145.627
173,2026-09-23 17:28:19,IFD003 Energy meter,145.6423
174,2026-09-23 17:29:22,IFD003 Energy meter,145.6626
175,2026-09-23 17:30:25,IFD003 Energy meter,145.6805
176,2026-09-23 17:31:28,IFD003 Energy meter,145.6974
177,2026-09-23 17:32:31,IFD003 Energy meter,145.7149
178,2026-09-23 17:33:34,IFD003 Energy meter,145.7381
179,2026-09-23 17:34:37,IFD003 Energy meter,145.7545
180,2026-09-23 17:35:40,IFD003 Energy meter,145.7729
181,2026-09-23 17:36:43,IFD003 Energy meter,145.7948
182,2026-09-23 17:37:46,IFD003 Energy meter,145.8158
183,2026-09-23 17:38:49,IFD003 Energy meter,145.832
184,2026-09-23 17:39:52,IFD003 Energy meter,145.8513
185,2026-09-23 17:40:55,IFD003 Energy meter,145.8699
186,2026-09-23 17:41:58,IFD003 Energy meter,145.8891
187,2026-09-23 17:43:01,IFD003 Energy meter,145.9103
188,2026-09-23 17:44:04,IFD003 Energy meter,145.9287
189,2026-09-23 17:45:07,IFD003 Energy meter,145.9477
190,2026-09-23 17:46:10,IFD003 Energy meter,145.9702
191,2026-09-23 17:47:13,IFD003 Energy meter,145.9861
192,2026-09-23 17:48:16,IFD003 Energy meter,146.005
193,2026-09-23 17:49:19,IFD003 Energy meter,146.0255
194,2026-09-23 17:50:22,IFD003 Energy meter,146.0426
195,2026-09-23 17:51:25,IFD003 Energy meter,146.061
196,2026-09-23 17:52:28,IFD003 Energy meter,146.078
197,2026-09-23 17:53:31,IFD003 Energy meter,146.0979
198,2026-09-23 17:54:34,IFD003 Energy meter,146.1162
199,2026-09-23 17:55:37,IFD003 Energy meter,146.1374
200,2026-09-23 17:56:40,IFD003 Energy meter,146.1591
201,2026-09-23 17:57:43,IFD003 Energy meter,146.1788
202,2026-09-23 17:58:46,IFD003 Energy meter,146.1976
203,2026-09-23 17:59:49,IFD003 Energy meter,146.2178
204,2026-09-23 18:00:52,IFD003 Energy meter,146.2375
205,2026-09-23 18:01:55,IFD003 Energy meter,146.2546
206,2026-09-23 18:02:58,IFD003 Energy meter,146.2764
207,2026-09-23 18:04:01,IFD003 Energy meter,146.2965
208,2026-09-23 18:05:04,IFD003 Energy meter,146.3177
209,2026-09-23 18:06:07,IFD003 Energy meter,146.3345
210,2026-09-23 18:07:10,IFD003 Energy meter,146.3559
211,2026-09-23 18:08:13,IFD003 Energy meter,146.3798
212,2026-09-23 18:09:16,IFD003 Energy meter,146.4006
213,2026-09-23 18:10:19,IFD003 Energy meter,146.4173
214,2026-09-23 18:11:22,IFD003 Energy meter,146.437
215,2026-09-23 18:12:25,IFD003 Energy meter,146.4565
216,2026-09-23 18:13:28,IFD003 Energy meter,146.4765
217,2026-09-23 18:14:31,IFD003 Energy meter,146.4956
218,2026-09-23 18:15:34,IFD003 Energy meter,146.5162
219,2026-09-23 18:16:37,IFD003 Energy meter,146.5349
220,2026-09-23 18:17:40,IFD003 Energy meter,146.555
221,2026-09-23 18:18:43,IFD003 Energy meter,146.5732
222,2026-09-23 18:19:46,IFD003 Energy meter,146.593
223,2026-09-23 18:20:49,IFD003 Energy meter,146.6146
224,2026-09-23 18:21:52,IFD003 Energy meter,146.6332
225,2026-09-23 18:22:55,IFD003 Energy meter,146.6542
226,2026-09-23 18:23:58,IFD003 Energy meter,146.672
227,2026-09-23 18:25:01,IFD003 Energy meter,146.6908
228,2026-09-23 18:26:04,IFD003 Energy meter,146.7099
229,2026-09-23 18:27:07,IFD003 Energy meter,146.7321
230,2026-09-23 18:28:10,IFD003 Energy meter,146.7501
231,2026-09-23 18:29:13,IFD003 Energy meter,146.7722
232,2026-09-23 18:30:16,IFD003 Energy meter,146.7888
233,2026-09-23 18:31:19,IFD003 Energy meter,146.8081
234,2026-09-23 18:32:22,IFD003 Energy meter,146.8295
235,2026-09-23 18:33:25,IFD003 Energy meter,146.8505
236,2026-09-23 18:34:28,IFD003 Energy meter,146.8681
237,2026-09-23 18:35:31,IFD003 Energy meter,146.8852
238,2026-09-23 18:36:34,IFD003 Energy meter,146.9066
239,2026-09-23 18:37:37,IFD003 Energy meter,146.9236
240,2026-09-23 18:38:40,IFD003 Energy meter,146.9444
241,2026-09-23 18:39:43,IFD003 Energy meter,146.963
242,2026-09-23 18:40:46,IFD003 Energy meter,146.9825
243,2026-09-23 18:41:49,IFD003 Energy meter,147.0068
244,2026-09-23 18:42:52,IFD003 Energy meter,147.0295
245,2026-09-23 18:43:55,IFD003 Energy meter,147.0508
246,2026-09-23 18:44:58,IFD003 Energy meter,147.0676
247,2026-09-23 18:46:01,IFD003 Energy meter,147.0879
248,2026-09-23 18:47:04,IFD003 Energy meter,147.1076
249,2026-09-23 18:48:07,IFD003 Energy meter,147.127
250,2026-09-23 18:49:10,IFD003 Energy meter,147.1493
251,2026-09-23 18:50:13,IFD003 Energy meter,147.1654
252,2026-09-23 18:51:16,IFD003 Energy meter,147.1856
253,2026-09-23 18:52:19,IFD003 Energy meter,147.2055
254,2026-09-23 18:53:22,IFD003 Energy meter,147.2235
255,2026-09-23 18:54:25,IFD003 Energy meter,147.2466
256,2026-09-23 18:55:28,IFD003 Energy meter,147.2637
257,2026-09-23 18:56:31,IFD003 Energy meter,147.2833
258,2026-09-23 18:57:34,IFD003 Energy meter,147.3031
259,2026-09-23 18:58:37,IFD003 Energy meter,147.3182
260,2026-09-23 18:59:40,IFD003 Energy meter,147.3349
261,2026-09-23 19:00:43,IFD003 Energy meter,147.3525
262,2026-09-23 19:01:46,IFD003 Energy meter,147.3737
263,2026-09-23 19:02:49,IFD003 Energy meter,147.3952
264,2026-09-23 19:03:52,IFD003 Energy meter,147.416
265,2026-09-23 19:04:55,IFD003 Energy meter,147.4361
266,2026-09-23 19:05:58,IFD003 Energy meter,147.4512
267,2026-09-23 19:07:01,IFD003 Energy meter,147.4713
268,2026-09-23 19:08:04,IFD003 Energy meter,147.4898
269,2026-09-23 19:09:07,IFD003 Energy meter,147.5118
270,2026-09-23 19:10:10,IFD003 Energy meter,147.5341
271,2026-09-23 19:11:13,IFD003 Energy meter,147.5582
272,2026-09-23 19:12:16,IFD003 Energy meter,147.5792
273,2026-09-23 19:13:19,IFD003 Energy meter,147.6004
274,2026-09-23 19:14:22,IFD003 Energy meter,147.6179
275,2026-09-23 19:15:25,IFD003 Energy meter,147.6377
276,2026-09-23 19:16:28,IFD003 Energy meter,147.6548
277,2026-09-23 19:17:31,IFD003 Energy meter,147.6762
278,2026-09-23 19:18:34,IFD003 Energy meter,147.6933
279,2026-09-23 19:19:37,IFD003 Energy meter,147.7125
280,2026-09-23 19:20:40,IFD003 Energy meter,147.7304
281,2026-09-23 19:21:43,IFD003 Energy meter,147.749
282,2026-09-23 19:22:46,IFD003 Energy meter,147.7695
283,2026-09-23 19:23:49,IFD003 Energy meter,147.788
284,2026-09-23 19:24:52,IFD003 Energy meter,147.808
285,2026-09-23 19:25:55,IFD003 Energy meter,147.8256
286,2026-09-23 19:26:58,IFD003 Energy meter,147.848
287,2026-09-23 19:28:01,IFD003 Energy meter,147.8662
288,2026-09-23 19:29:04,IFD003 Energy meter,147.8879
289,2026-09-23 19:30:07,IFD003 Energy meter,147.9118
290,2026-09-23 19:31:10,IFD003 Energy meter,147.9264
291,2026-09-23 19:32:13,IFD003 Energy meter,147.944
292,2026-09-23 19:33:16,IFD003 Energy meter,147.9632
293,2026-09-23 19:34:19,IFD003 Energy meter,147.9851
294,2026-09-23 19:35:22,IFD003 Energy meter,148.0037
295,2026-09-23 19:36:25,IFD003 Energy meter,148.024
296,2026-09-23 19:37:28,IFD003 Energy meter,148.0421
297,2026-09-23 19:38:31,IFD003 Energy meter,148.0629
298,2026-09-23 19:39:34,IFD003 Energy meter,148.08
299,2026-09-23 19:40:37,IFD003 Energy meter,148.1012
300,2026-09-23 19:41:40,IFD003 Energy meter,148.1147
301,2026-09-23 19:42:43,IFD003 Energy meter,148.1305
302,2026-09-23 19:43:46,IFD003 Energy meter,148.1537
303,2026-09-23 19:44:49,IFD003 Energy meter,148.1737
304,2026-09-23 19:45:52,IFD003 Energy meter,148.1914
305,2026-09-23 19:46:55,IFD003 Energy meter,148.2155
306,2026-09-23 19:47:58,IFD003 Energy meter,148.2372
307,2026-09-23 19:49:01,IFD003 Energy meter,148.259
308,2026-09-23 19:50:04,IFD003 Energy meter,148.2778
309,2026-09-23 19:51:07,IFD003 Energy meter,148.2986
310,2026-09-23 19:52:10,IFD003 Energy meter,148.3192
311,2026-09-23 19:53:13,IFD003 Energy meter,148.3354
312,2026-09-23 19:54:16,IFD003 Energy meter,148.3562
313,2026-09-23 19:55:19,IFD003 Energy meter,148.3754
314,2026-09-23 19:56:22,IFD003 Energy meter,148.3976
315,2026-09-23 19:57:25,IFD003 Energy meter,148.4198
316,2026-09-23 19:58:28,IFD003 Energy meter,148.438
317,2026-09-23 19:59:31,IFD003 Energy meter,148.4564
318,2026-09-23 20:00:34,IFD003 Energy meter,148.4763
319,2026-09-23 20:01:37,IFD003 Energy meter,148.4972
320,2026-09-23 20:02:40,IFD003 Energy meter,148.516
321,2026-09-23 20:03:43,IFD003 Energy meter,148.5353
322,2026-09-23 20:04:46,IFD003 Energy meter,148.5561
323,2026-09-23 20:05:49,IFD003 Energy meter,148.5765
324,2026-09-23 20:06:52,IFD003 Energy meter,148.5985
325,2026-09-23 20:07:55,IFD003 Energy meter,148.6185
326,2026-09-23 20:08:58,IFD003 Energy meter,148.6363
327,2026-09-23 20:10:01,IFD003 Energy meter,148.6523
328,2026-09-23 20:11:04,IFD003 Energy meter,148.6735
329,2026-09-23 20:12:07,IFD003 Energy meter,148.6924
330,2026-09-23 20:13:10,IFD003 Energy meter,148.7112
331,2026-09-23 20:14:13,IFD003 Energy meter,148.7302
332,2026-09-23 20:15:16,IFD003 Energy meter,148.7465
333,2026-09-23 20:16:19,IFD003 Energy meter,148.7653
334,2026-09-23 20:17:22,IFD003 Energy meter,148.7795
335,2026-09-23 20:18:25,IFD003 Energy meter,148.7983
336,2026-09-23 20:19:28,IFD003 Energy meter,148.816
337,2026-09-23 20:20:31,IFD003 Energy meter,148.8393
338,2026-09-23 20:21:34,IFD003 Energy meter,148.8598
339,2026-09-23 20:22:37,IFD003 Energy meter,148.8789
340,2026-09-23 20:23:40,IFD003 Energy meter,148.8988
341,2026-09-23 20:24:43,IFD003 Energy meter,148.9199
342,2026-09-23 20:25:46,IFD003 Energy meter,148.9379
343,2026-09-23 20:26:49,IFD003 Energy meter,148.957
344,2026-09-23 20:27:52,IFD003 Energy meter,148.9758
345,2026-09-23 20:28:55,IFD003 Energy meter,149.0005
346,2026-09-23 20:29:58,IFD003 Energy meter,149.0202
347,2026-09-23 20:31:01,IFD003 Energy meter,149.0357
348,2026-09-23 20:32:04,IFD003 Energy meter,149.0569
349,2026-09-23 20:33:07,IFD003 Energy meter,149.0817
350,2026-09-23 20:34:10,IFD003 Energy meter,149.0993
351,2026-09-23 20:35:13,IFD003 Energy meter,149.126
352,2026-09-23 20:36:16,IFD003 Energy meter,149.1455
353,2026-09-23 20:37:19,IFD003 Energy meter,149.1671
354,2026-09-23 20:38:22,IFD003 Energy meter,149.1855
355,2026-09-23 20:39:25,IFD003 Energy meter,149.2045
356,2026-09-23 20:40:28,IFD003 Energy meter,149.2215
357,2026-09-23 20:41:31,IFD003 Energy meter,149.2389
358,2026-09-23 20:42:34,IFD003 Energy meter,149.254
359,2026-09-23 20:43:37,IFD003 Energy meter,149.2759
360,2026-09-23 20:44:40,IFD003 Energy meter,149.2931
361,2026-09-23 20:45:43,IFD003 Energy meter,149.3135
362,2026-09-23 20:46:46,IFD003 Energy meter,149.3337
363,2026-09-23 20:47:49,IFD003 Energy meter,149.3519
364,2026-09-23 20:48:52,IFD003 Energy meter,149.3716
365,2026-09-23 20:49:55,IFD003 Energy meter,149.3909
366,2026-09-23 20:50:58,IFD003 Energy meter,149.4094
367,2026-09-23 20:52:01,IFD003 Energy meter,149.4291
368,2026-09-23 20:53:04,IFD003 Energy meter,149.4488
369,2026-09-23 20:54:07,IFD003 Energy meter,149.4662
370,2026-09-23 20:55:10,IFD003 Energy meter,149.4831
371,2026-09-23 20:56:13,IFD003 Energy meter,149.5009
372,2026-09-23 20:57:16,IFD003 Energy meter,149.5207
373,2026-09-23 20:58:19,IFD003 Energy meter,149.5431
374,2026-09-23 20:59:22,IFD003 Energy meter,149.5657
375,2026-09-23 21:00:25,IFD003 Energy meter,149.5859
376,2026-09-23 21:01:28,IFD003 Energy meter,149.6074
377,2026-09-23 21:02:31,IFD003 Energy meter,149.6272
378,2026-09-23 21:03:34,IFD003 Energy meter,149.649
379,2026-09-23 21:04:37,IFD003 Energy meter,149.6688
380,2026-09-23 21:05:40,IFD003 Energy meter,149.6891
381,2026-09-23 21:06:43,IFD003 Energy meter,149.7081
382,2026-09-23 21:07:46,IFD003 Energy meter,149.7276
383,2026-09-23 21:08:49,IFD003 Energy meter,149.7511
384,2026-09-23 21:09:52,IFD003 Energy meter,149.7682
385,2026-09-23 21:10:55,IFD003 Energy meter,149.7877
386,2026-09-23 21:11:58,IFD003 Energy meter,149.806
387,2026-09-23 21:13:01,IFD003 Energy meter,149.8276
388,2026-09-23 21:14:04,IFD003 Energy meter,149.8509
389,2026-09-23 21:15:07,IFD003 Energy meter,149.8697
390,2026-09-23 21:16:10,IFD003 Energy meter,149.8836
391,2026-09-23 21:17:13,IFD003 Energy meter,149.9044
392,2026-09-23 21:18:16,IFD003 Energy meter,149.9252
393,2026-09-23 21:19:19,IFD003 Energy meter,149.9413
394,2026-09-23 21:20:22,IFD003 Energy meter,149.9603
395,2026-09-23 21:21:25,IFD003 Energy meter,149.9797
396,2026-09-23 21:22:28,IFD003 Energy meter,149.9944
397,2026-09-23 21:23:31,IFD003 Energy meter,150.0154
398,2026-09-23 21:24:34,IFD003 Energy meter,150.0358
399,2026-09-23 21:25:37,IFD003 Energy meter,150.0559
0,2026-09-23 14:26:40,IFD004 Energy meter,153.3303
1,2026-09-23 14:27:43,IFD004 Energy meter,153.342
2,2026-09-23 14:28:46,IFD004 Energy meter,153.3561
3,2026-09-23 14:29:49,IFD004 Energy meter,153.3671
4,2026-09-23 14:30:52,IFD004 Energy meter,153.3832
5,2026-09-23 14:31:55,IFD004 Energy meter,153.397
6,2026-09-23 14:32:58,IFD004 Energy meter,153.4056
7,2026-09-23 14:34:01,IFD004 Energy meter,153.4221
8,2026-09-23 14:35:04,IFD004 Energy meter,153.4355
9,2026-09-23 14:36:07,IFD004 Energy meter,153.4474
10,2026-09-23 14:37:10,IFD004 Energy meter,153.4607
11,2026-09-23 14:38:13,IFD004 Energy meter,153.4699
12,2026-09-23 14:39:16,IFD004 Energy meter,153.4834
13,2026-09-23 14:40:19,IFD004 Energy meter,153.4913
14,2026-09-23 14:41:22,IFD004 Energy meter,153.5023
15,2026-09-23 14:42:25,IFD004 Energy meter,153.5181
16,2026-09-23 14:43:28,IFD004 Energy meter,153.5338
17,2026-09-23 14:44:31,IFD004 Energy meter,153.5462
18,2026-09-23 14:45:34,IFD004 Energy meter,153.5572
19,2026-09-23 14:46:37,IFD004 Energy meter,153.5722
20,2026-09-23 14:47:40,IFD004 Energy meter,153.5851
21,2026-09-23 14:48:43,IFD004 Energy meter,153.5986
22,2026-09-23 14:49:46,IFD004 Energy meter,153.613
23,2026-09-23 14:50:49,IFD004 Energy meter,153.6238
24,2026-09-23 14:51:52,IFD004 Energy meter,153.6385
25,2026-09-23 14:52:55,IFD004 Energy meter,153.6471
26,2026-09-23 14:53:58,IFD004 Energy meter,153.6632
27,2026-09-23 14:55:01,IFD004 Energy meter,153.673
28,2026-09-23 14:56:04,IFD004 Energy meter,153.6847
29,2026-09-23 14:57:07,IFD004 Energy meter,153.6964
30,2026-09-23 14:58:10,IFD004 Energy meter,153.7109
31,2026-09-23 14:59:13,IFD004 Energy meter,153.7255
32,2026-09-23 15:00:16,IFD004 Energy meter,153.7393
33,2026-09-23 15:01:19,IFD004 Energy meter,153.7535
34,2026-09-23 15:02:22,IFD004 Energy meter,153.7675
35,2026-09-23 15:03:25,IFD004 Energy meter,153.7804
36,2026-09-23 15:04:28,IFD004 Energy meter,153.7894
37,2026-09-23 15:05:31,IFD004 Energy meter,153.7977
38,2026-09-23 15:06:34,IFD004 Energy meter,153.8059
39,2026-09-23 15:07:37,IFD004 Energy meter,153.8188
40,2026-09-23 15:08:40,IFD004 Energy meter,153.8314
41,2026-09-23 15:09:43,IFD004 Energy meter,153.8441
42,2026-09-23 15:10:46,IFD004 Energy meter,153.8576
43,2026-09-23 15:11:49,IFD004 Energy meter,153.8702
44,2026-09-23 15:12:52,IFD004 Energy meter,153.8811
45,2026-09-23 15:13:55,IFD004 Energy meter,153.891
46,2026-09-23 15:14:58,IFD004 Energy meter,153.9001
47,2026-09-23 15:16:01,IFD004 Energy meter,153.9157
48,2026-09-23 15:17:04,IFD004 Energy meter,153.9306
49,2026-09-23 15:18:07,IFD004 Energy meter,153.9408
50,2026-09-23 15:19:10,IFD004 Energy meter,153.9532
51,2026-09-23 15:20:13,IFD004 Energy meter,153.9672
52,2026-09-23 15:21:16,IFD004 Energy meter,153.9835
53,2026-09-23 15:22:19,IFD004 Energy meter,153.9953
54,2026-09-23 15:23:22,IFD004 Energy meter,154.0087
55,2026-09-23 15:24:25,IFD004 Energy meter,154.0241
56,2026-09-23 15:25:28,IFD004 Energy meter,154.0335
57,2026-09-23 15:26:31,IFD004 Energy meter,154.045
58,2026-09-23 15:27:34,IFD004 Energy meter,154.058
59,2026-09-23 15:28:37,IFD004 Energy meter,154.0695
60,2026-09-23 15:29:40,IFD004 Energy meter,154.0869
61,2026-09-23 15:30:43,IFD004 Energy meter,154.1017
62,2026-09-23 15:31:46,IFD004 Energy meter,154.1152
63,2026-09-23 15:32:49,IFD004 Energy meter,154.1262
64,2026-09-23 15:33:52,IFD004 Energy meter,154.141
65,2026-09-23 15:34:55,IFD004 Energy meter,154.1553
66,2026-09-23 15:35:58,IFD004 Energy meter,154.1673
67,2026-09-23 15:37:01,IFD004 Energy meter,154.1794
68,2026-09-23 15:38:04,IFD004 Energy meter,154.1893
69,2026-09-23 15:39:07,IFD004 Energy meter,154.2022
70,2026-09-23 15:40:10,IFD004 Energy meter,154.217
71,2026-09-23 15:41:13,IFD004 Energy meter,154.2321
72,2026-09-23 15:42:16,IFD004 Energy meter,154.2463
73,2026-09-23 15:43:19,IFD004 Energy meter,154.2611
74,2026-09-23 15:44:22,IFD004 Energy meter,154.2729
75,2026-09-23 15:45:25,IFD004 Energy meter,154.2849
76,2026-09-23 15:46:28,IFD004 Energy meter,154.3004
77,2026-09-23 15:47:31,IFD004 Energy meter,154.3144
78,2026-09-23 15:48:34,IFD004 Energy meter,154.3257
79,2026-09-23 15:49:37,IFD004 Energy meter,154.3398
80,2026-09-23 15:50:40,IFD004 Energy meter,154.3545
81,2026-09-23 15:51:43,IFD004 Energy meter,154.369
82,2026-09-23 15:52:46,IFD004 Energy meter,154.3822
83,2026-09-23 15:53:49,IFD004 Energy meter,154.3942
84,2026-09-23 15:54:52,IFD004 Energy meter,154.408
85,2026-09-23 15:55:55,IFD004 Energy meter,154.4245
86,2026-09-23 15:56:58,IFD004 Energy meter,154.4379
87,2026-09-23 15:58:01,IFD004 Energy meter,154.4495
88,2026-09-23 15:59:04,IFD004 Energy meter,154.4632
89,2026-09-23 16:00:07,IFD004 Energy meter,154.4736
90,2026-09-23 16:01:10,IFD004 Energy meter,154.4871
91,2026-09-23 16:02:13,IFD004 Energy meter,154.4995
92,2026-09-23 16:03:16,IFD004 Energy meter,154.5145
93,2026-09-23 16:04:19,IFD004 Energy meter,154.5277
94,2026-09-23 16:05:22,IFD004 Energy meter,154.5429
95,2026-09-23 16:06:25,IFD004 Energy meter,154.5607
96,2026-09-23 16:07:28,IFD004 Energy meter,154.5732
97,2026-09-23 16:08:31,IFD004 Energy meter,154.5845
98,2026-09-23 16:09:34,IFD004 Energy meter,154.5985
99,2026-09-23 16:10:37,IFD004 Energy meter,154.6113
100,2026-09-23 16:11:40,IFD004 Energy meter,154.6246
101,2026-09-23 16:12:43,IFD004 Energy meter,154.6363
102,2026-09-23 16:13:46,IFD004 Energy meter,154.6505
103,2026-09-23 16:14:49,IFD004 Energy meter,154.6636
104,2026-09-23 16:15:52,IFD004 Energy meter,154.6721
105,2026-09-23 16:16:55,IFD004 Energy meter,154.6846
106,2026-09-23 16:17:58,IFD004 Energy meter,154.6983
107,2026-09-23 16:19:01,IFD004 Energy meter,154.7138
108,2026-09-23 16:20:04,IFD004 Energy meter,154.7256
109,2026-09-23 16:21:07,IFD004 Energy meter,154.7369
110,2026-09-23 16:22:10,IFD004 Energy meter,154.7523
111,2026-09-23 16:23:13,IFD004 Energy meter,154.764
112,2026-09-23 16:24:16,IFD004 Energy meter,154.7772
113,2026-09-23 16:25:19,IFD004 Energy meter,154.7912
114,2026-09-23 16:26:22,IFD004 Energy meter,154.8057
115,2026-09-23 16:27:25,IFD004 Energy meter,154.8187
116,2026-09-23 16:28:28,IFD004 Energy meter,154.8294
117,2026-09-23 16:29:31,IFD004 Energy meter,154.8445
118,2026-09-23 16:30:34,IFD004 Energy meter,154.8566
119,2026-09-23 16:31:37,IFD004 Energy meter,154.8685
120,2026-09-23 16:32:40,IFD004 Energy meter,154.8857
121,2026-09-23 16:33:43,IFD004 Energy meter,154.9005
122,2026-09-23 16:34:46,IFD004 Energy meter,154.9113
123,2026-09-23 16:35:49,IFD004 Energy meter,154.9233
124,2026-09-23 16:36:52,IFD004 Energy meter,154.9358
125,2026-09-23 16:37:55,IFD004 Energy meter,154.9472
126,2026-09-23 16:38:58,IFD004 Energy meter,154.9562
127,2026-09-23 16:40:01,IFD004 Energy meter,154.9709
128,2026-09-23 16:41:04,IFD004 Energy meter,154.9855
129,2026-09-23 16:42:07,IFD004 Energy meter,154.999
130,2026-09-23 16:43:10,IFD004 Energy meter,155.0111
131,2026-09-23 16:44:13,IFD004 Energy meter,155.0246
132,2026-09-23 16:45:16,IFD004 Energy meter,155.0389
133,2026-09-23 16:46:19,IFD004 Energy meter,155.0497
134,2026-09-23 16:47:22,IFD004 Energy meter,155.062
135,2026-09-23 16:48:25,IFD004 Energy meter,155.0738
136,2026-09-23 16:49:28,IFD004 Energy meter,155.0883
137,2026-09-23 16:50:31,IFD004 Energy meter,155.1018
138,2026-09-23 16:51:34,IFD004 Energy meter,155.1121
139,2026-09-23 16:52:37,IFD004 Energy meter,155.1238
140,2026-09-23 16:53:40,IFD004 Energy meter,155.1405
141,2026-09-23 16:54:43,IFD004 Energy meter,155.1514
142,2026-09-23 16:55:46,IFD004 Energy meter,155.1647
143,2026-09-23 16:56:49,IFD004 Energy meter,155.1764
144,2026-09-23 16:57:52,IFD004 Energy meter,155.192
145,2026-09-23 16:58:55,IFD004 Energy meter,155.2048
146,2026-09-23 16:59:58,IFD004 Energy meter,155.2169
147,2026-09-23 17:01:01,IFD004 Energy meter,155.2275
148,2026-09-23 17:02:04,IFD004 Energy meter,155.24
149,2026-09-23 17:03:07,IFD004 Energy meter,155.2547
150,2026-09-23 17:04:10,IFD004 Energy meter,155.269
151,2026-09-23 17:05:13,IFD004 Energy meter,155.2793
152,2026-09-23 17:06:16,IFD004 Energy meter,155.2955
153,2026-09-23 17:07:19,IFD004 Energy meter,155.308
154,2026-09-23 17:08:22,IFD004 Energy meter,155.3188
155,2026-09-23 17:09:25,IFD004 Energy meter,155.332
156,2026-09-23 17:10:28,IFD004 Energy meter,155.3437
157,2026-09-23 17:11:31,IFD004 Energy meter,155.3555
158,2026-09-23 17:12:34,IFD004 Energy meter,155.3672
159,2026-09-23 17:13:37,IFD004 Energy meter,155.3799
160,2026-09-23 17:14:40,IFD004 Energy meter,155.3919
161,2026-09-23 17:15:43,IFD004 Energy meter,155.4013
162,2026-09-23 17:16:46,IFD004 Energy meter,155.4154
163,2026-09-23 17:17:49,IFD004 Energy meter,155.4273
164,2026-09-23 17:18:52,IFD004 Energy meter,155.4427
165,2026-09-23 17:19:55,IFD004 Energy meter,155.4568
166,2026-09-23 17:20:58,IFD004 Energy meter,155.4711
167,2026-09-23 17:22:01,IFD004 Energy meter,155.4844
168,2026-09-23 17:23:04,IFD004 Energy meter,155.5001
169,2026-09-23 17:24:07,IFD004 Energy meter,155.5124
170,2026-09-23 17:25:10,IFD004 Energy meter,155.5233
171,2026-09-23 17:26:13,IFD004 Energy meter,155.537
172,2026-09-23 17:27:16,IFD004 Energy meter,155.5443
173,2026-09-23 17:28:19,IFD004 Energy meter,155.5565
174,2026-09-23 17:29:22,IFD004 Energy meter,155.57
175,2026-09-23 17:30:25,IFD004 Energy meter,155.5821
176,2026-09-23 17:31:28,IFD004 Energy meter,155.5976
177,2026-09-23 17:32:31,IFD004 Energy meter,155.6121
178,2026-09-23 17:33:34,IFD004 Energy meter,155.6253
179,2026-09-23 17:34:37,IFD004 Energy meter,155.6374
180,2026-09-23 17:35:40,IFD004 Energy meter,155.6526
181,2026-09-23 17:36:43,IFD004 Energy meter,155.6642
182,2026-09-23 17:37:46,IFD004 Energy meter,155.6763
183,2026-09-23 17:38:49,IFD004 Energy meter,155.6908
184,2026-09-23 17:39:52,IFD004 Energy meter,155.705
185,2026-09-23 17:40:55,IFD004 Energy meter,155.7222
186,2026-09-23 17:41:58,IFD004 Energy meter,155.7347
187,2026-09-23 17:43:01,IFD004 Energy meter,155.7438
188,2026-09-23 17:44:04,IFD004 Energy meter,155.7581
189,2026-09-23 17:45:07,IFD004 Energy meter,155.7737
190,2026-09-23 17:46:10,IFD004 Energy meter,155.7863
191,2026-09-23 17:47:13,IFD004 Energy meter,155.8025
192,2026-09-23 17:48:16,IFD004 Energy meter,155.8192
193,2026-09-23 17:49:19,IFD004 Energy meter,155.8308
194,2026-09-23 17:50:22,IFD004 Energy meter,155.8427
195,2026-09-23 17:51:25,IFD004 Energy meter,155.8531
196,2026-09-23 17:52:28,IFD004 Energy meter,155.8672
197,2026-09-23 17:53:31,IFD004 Energy meter,155.8816
198,2026-09-23 17:54:34,IFD004 Energy meter,155.8959
199,2026-09-23 17:55:37,IFD004 Energy meter,155.9063
200,2026-09-23 17:56:40,IFD004 Energy meter,155.9177
201,2026-09-23 17:57:43,IFD004 Energy meter,155.9277
202,2026-09-23 17:58:46,IFD004 Energy meter,155.9373
203,2026-09-23 17:59:49,IFD004 Energy meter,155.9475
204,2026-09-23 18:00:52,IFD004 Energy meter,155.9572
205,2026-09-23 18:01:55,IFD004 Energy meter,155.9698
206,2026-09-23 18:02:58,IFD004 Energy meter,155.9836
207,2026-09-23 18:04:01,IFD004 Energy meter,155.9978
208,2026-09-23 18:05:04,IFD004 Energy meter,156.0108
209,2026-09-23 18:06:07,IFD004 Energy meter,156.0223
210,2026-09-23 18:07:10,IFD004 Energy meter,156.0353
211,2026-09-23 18:08:13,IFD004 Energy meter,156.0494
212,2026-09-23 18:09:16,IFD004 Energy meter,156.0617
213,2026-09-23 18:10:19,IFD004 Energy meter,156.0748
214,2026-09-23 18:11:22,IFD004 Energy meter,156.0871
215,2026-09-23 18:12:25,IFD004 Energy meter,156.099
216,2026-09-23 18:13:28,IFD004 Energy meter,156.112
217,2026-09-23 18:14:31,IFD004 Energy meter,156.1227
218,2026-09-23 18:15:34,IFD004 Energy meter,156.1378
219,2026-09-23 18:16:37,IFD004 Energy meter,156.1475
220,2026-09-23 18:17:40,IFD004 Energy meter,156.1614
221,2026-09-23 18:18:43,IFD004 Energy meter,156.1716
222,2026-09-23 18:19:46,IFD004 Energy meter,156.1877
223,2026-09-23 18:20:49,IFD004 Energy meter,156.2024
224,2026-09-23 18:21:52,IFD004 Energy meter,156.2137
225,2026-09-23 18:22:55,IFD004 Energy meter,156.2257
226,2026-09-23 18:23:58,IFD004 Energy meter,156.2363
227,2026-09-23 18:25:01,IFD004 Energy meter,156.2492
228,2026-09-23 18:26:04,IFD004 Energy meter,156.263
229,2026-09-23 18:27:07,IFD004 Energy meter,156.2812
230,2026-09-23 18:28:10,IFD004 Energy meter,156.2913
231,2026-09-23 18:29:13,IFD004 Energy meter,156.3068
232,2026-09-23 18:30:16,IFD004 Energy meter,156.3186
233,2026-09-23 18:31:19,IFD004 Energy meter,156.3321
234,2026-09-23 18:32:22,IFD004 Energy meter,156.3468
235,2026-09-23 18:33:25,IFD004 Energy meter,156.3609
236,2026-09-23 18:34:28,IFD004 Energy meter,156.3747
237,2026-09-23 18:35:31,IFD004 Energy meter,156.3873
238,2026-09-23 18:36:34,IFD004 Energy meter,156.4002
239,2026-09-23 18:37:37,IFD004 Energy meter,156.4135
240,2026-09-23 18:38:40,IFD004 Energy meter,156.4289
241,2026-09-23 18:39:43,IFD004 Energy meter,156.4388
242,2026-09-23 18:40:46,IFD004 Energy meter,156.4508
243,2026-09-23 18:41:49,IFD004 Energy meter,156.4611
244,2026-09-23 18:42:52,IFD004 Energy meter,156.4721
245,2026-09-23 18:43:55,IFD004 Energy meter,156.4834
246,2026-09-23 18:44:58,IFD004 Energy meter,156.4986
247,2026-09-23 18:46:01,IFD004 Energy meter,156.516
248,2026-09-23 18:47:04,IFD004 Energy meter,156.5317
249,2026-09-23 18:48:07,IFD004 Energy meter,156.5422
250,2026-09-23 18:49:10,IFD004 Energy meter,156.5553
251,2026-09-23 18:50:13,IFD004 Energy meter,156.566
252,2026-09-23 18:51:16,IFD004 Energy meter,156.5798
253,2026-09-23 18:52:19,IFD004 Energy meter,156.5954
254,2026-09-23 18:53:22,IFD004 Energy meter,156.6095
255,2026-09-23 18:54:25,IFD004 Energy meter,156.6243
256,2026-09-23 18:55:28,IFD004 Energy meter,156.6369
257,2026-09-23 18:56:31,IFD004 Energy meter,156.6458
258,2026-09-23 18:57:34,IFD004 Energy meter,156.6547
259,2026-09-23 18:58:37,IFD004 Energy meter,156.6675
260,2026-09-23 18:59:40,IFD004 Energy meter,156.6816
261,2026-09-23 19:00:43,IFD004 Energy meter,156.6971
262,2026-09-23 19:01:46,IFD004 Energy meter,156.7094
263,2026-09-23 19:02:49,IFD004 Energy meter,156.7225
264,2026-09-23 19:03:52,IFD004 Energy meter,156.736
265,2026-09-23 19:04:55,IFD004 Energy meter,156.7511
266,2026-09-23 19:05:58,IFD004 Energy meter,156.7639
267,2026-09-23 19:07:01,IFD004 Energy meter,156.7746
268,2026-09-23 19:08:04,IFD004 Energy meter,156.7898
269,2026-09-23 19:09:07,IFD004 Energy meter,156.8036
270,2026-09-23 19:10:10,IFD004 Energy meter,156.8173
271,2026-09-23 19:11:13,IFD004 Energy meter,156.8276
272,2026-09-23 19:12:16,IFD004 Energy meter,156.8406
273,2026-09-23 19:13:19,IFD004 Energy meter,156.85
274,2026-09-23 19:14:22,IFD004 Energy meter,156.8588
275,2026-09-23 19:15:25,IFD004 Energy meter,156.8713
276,2026-09-23 19:16:28,IFD004 Energy meter,156.8833
277,2026-09-23 19:17:31,IFD004 Energy meter,156.8974
278,2026-09-23 19:18:34,IFD004 Energy meter,156.9134
279,2026-09-23 19:19:37,IFD004 Energy meter,156.9262
280,2026-09-23 19:20:40,IFD004 Energy meter,156.9429
281,2026-09-23 19:21:43,IFD004 Energy meter,156.9546
282,2026-09-23 19:22:46,IFD004 Energy meter,156.9691
283,2026-09-23 19:23:49,IFD004 Energy meter,156.9795
284,2026-09-23 19:24:52,IFD004 Energy meter,156.9927
285,2026-09-23 19:25:55,IFD004 Energy meter,157.005
286,2026-09-23 19:26:58,IFD004 Energy meter,157.0175
287,2026-09-23 19:28:01,IFD004 Energy meter,157.0317
288,2026-09-23 19:29:04,IFD004 Energy meter,157.0407
289,2026-09-23 19:30:07,IFD004 Energy meter,157.0539
290,2026-09-23 19:31:10,IFD004 Energy meter,157.0652
291,2026-09-23 19:32:13,IFD004 Energy meter,157.0784
292,2026-09-23 19:33:16,IFD004 Energy meter,157.0921
293,2026-09-23 19:34:19,IFD004 Energy meter,157.1043
294,2026-09-23 19:35:22,IFD004 Energy meter,157.1165
295,2026-09-23 19:36:25,IFD004 Energy meter,157.1271
296,2026-09-23 19:37:28,IFD004 Energy meter,157.1412
297,2026-09-23 19:38:31,IFD004 Energy meter,157.1527
298,2026-09-23 19:39:34,IFD004 Energy meter,157.1666
299,2026-09-23 19:40:37,IFD004 Energy meter,157.1766
300,2026-09-23 19:41:40,IFD004 Energy meter,157.1924
301,2026-09-23 19:42:43,IFD004 Energy meter,157.2032
302,2026-09-23 19:43:46,IFD004 Energy meter,157.2186
303,2026-09-23 19:44:49,IFD004 Energy meter,157.2306
304,2026-09-23 19:45:52,IFD004 Energy meter,157.2447
305,2026-09-23 19:46:55,IFD004 Energy meter,157.2573
306,2026-09-23 19:47:58,IFD004 Energy meter,157.2717
307,2026-09-23 19:49:01,IFD004 Energy meter,157.2846
308,2026-09-23 19:50:04,IFD004 Energy meter,157.3002
309,2026-09-23 19:51:07,IFD004 Energy meter,157.3145
310,2026-09-23 19:52:10,IFD004 Energy meter,157.3288
311,2026-09-23 19:53:13,IFD004 Energy meter,157.3452
312,2026-09-23 19:54:16,IFD004 Energy meter,157.3567
313,2026-09-23 19:55:19,IFD004 Energy meter,157.3724
314,2026-09-23 19:56:22,IFD004 Energy meter,157.3855
315,2026-09-23 19:57:25,IFD004 Energy meter,157.3954
316,2026-09-23 19:58:28,IFD004 Energy meter,157.4093
317,2026-09-23 19:59:31,IFD004 Energy meter,157.4218
318,2026-09-23 20:00:34,IFD004 Energy meter,157.4382
319,2026-09-23 20:01:37,IFD004 Energy meter,157.4502
320,2026-09-23 20:02:40,IFD004 Energy meter,157.4632
321,2026-09-23 20:03:43,IFD004 Energy meter,157.4767
322,2026-09-23 20:04:46,IFD004 Energy meter,157.4857
323,2026-09-23 20:05:49,IFD004 Energy meter,157.4997
324,2026-09-23 20:06:52,IFD004 Energy meter,157.5106
325,2026-09-23 20:07:55,IFD004 Energy meter,157.5264
326,2026-09-23 20:08:58,IFD004 Energy meter,157.5428
327,2026-09-23 20:10:01,IFD004 Energy meter,157.5557
328,2026-09-23 20:11:04,IFD004 Energy meter,157.5654
329,2026-09-23 20:12:07,IFD004 Energy meter,157.5788
330,2026-09-23 20:13:10,IFD004 Energy meter,157.5921
331,2026-09-23 20:14:13,IFD004 Energy meter,157.6065
332,2026-09-23 20:15:16,IFD004 Energy meter,157.6188
333,2026-09-23 20:16:19,IFD004 Energy meter,157.6293
334,2026-09-23 20:17:22,IFD004 Energy meter,157.642
335,2026-09-23 20:18:25,IFD004 Energy meter,157.6531
336,2026-09-23 20:19:28,IFD004 Energy meter,157.6696
337,2026-09-23 20:20:31,IFD004 Energy meter,157.6811
338,2026-09-23 20:21:34,IFD004 Energy meter,157.6928
339,2026-09-23 20:22:37,IFD004 Energy meter,157.7056
340,2026-09-23 20:23:40,IFD004 Energy meter,157.716
341,2026-09-23 20:24:43,IFD004 Energy meter,157.728
342,2026-09-23 20:25:46,IFD004 Energy meter,157.7407
343,2026-09-23 20:26:49,IFD004 Energy meter,157.7527
344,2026-09-23 20:27:52,IFD004 Energy meter,157.7651
345,2026-09-23 20:28:55,IFD004 Energy meter,157.7806
346,2026-09-23 20:29:58,IFD004 Energy meter,157.7944
347,2026-09-23 20:31:01,IFD004 Energy meter,157.8046
348,2026-09-23 20:32:04,IFD004 Energy meter,157.8167
349,2026-09-23 20:33:07,IFD004 Energy meter,157.8312
350,2026-09-23 20:34:10,IFD004 Energy meter,157.8428
351,2026-09-23 20:35:13,IFD004 Energy meter,157.8559
352,2026-09-23 20:36:16,IFD004 Energy meter,157.8688
353,2026-09-23 20:37:19,IFD004 Energy meter,157.8828
354,2026-09-23 20:38:22,IFD004 Energy meter,157.8954
355,2026-09-23 20:39:25,IFD004 Energy meter,157.9081
356,2026-09-23 20:40:28,IFD004 Energy meter,157.9193
357,2026-09-23 20:41:31,IFD004 Energy meter,157.933
358,2026-09-23 20:42:34,IFD004 Energy meter,157.944
359,2026-09-23 20:43:37,IFD004 Energy meter,157.9605
360,2026-09-23 20:44:40,IFD004 Energy meter,157.9734
361,2026-09-23 20:45:43,IFD004 Energy meter,157.9859
362,2026-09-23 20:46:46,IFD004 Energy meter,158.0005
363,2026-09-23 20:47:49,IFD004 Energy meter,158.0133
364,2026-09-23 20:48:52,IFD004 Energy meter,158.0264
365,2026-09-23 20:49:55,IFD004 Energy meter,158.0392
366,2026-09-23 20:50:58,IFD004 Energy meter,158.0507
367,2026-09-23 20:52:01,IFD004 Energy meter,158.0618
368,2026-09-23 20:53:04,IFD004 Energy meter,158.0733
369,2026-09-23 20:54:07,IFD004 Energy meter,158.0885
370,2026-09-23 20:55:10,IFD004 Energy meter,158.1002
371,2026-09-23 20:56:13,IFD004 Energy meter,158.1123
372,2026-09-23 20:57:16,IFD004 Energy meter,158.1244
373,2026-09-23 20:58:19,IFD004 Energy meter,158.1387
374,2026-09-23 20:59:22,IFD004 Energy meter,158.1557
375,2026-09-23 21:00:25,IFD004 Energy meter,158.1668
376,2026-09-23 21:01:28,IFD004 Energy meter,158.1809
377,2026-09-23 21:02:31,IFD004 Energy meter,158.1941
378,2026-09-23 21:03:34,IFD004 Energy meter,158.2064
379,2026-09-23 21:04:37,IFD004 Energy meter,158.2204
380,2026-09-23 21:05:40,IFD004 Energy meter,158.2307
381,2026-09-23 21:06:43,IFD004 Energy meter,158.2454
382,2026-09-23 21:07:46,IFD004 Energy meter,158.2588
383,2026-09-23 21:08:49,IFD004 Energy meter,158.2697
384,2026-09-23 21:09:52,IFD004 Energy meter,158.2859
385,2026-09-23 21:10:55,IFD004 Energy meter,158.3006
386,2026-09-23 21:11:58,IFD004 Energy meter,158.3159
387,2026-09-23 21:13:01,IFD004 Energy meter,158.3259
388,2026-09-23 21:14:04,IFD004 Energy meter,158.3383
389,2026-09-23 21:15:07,IFD004 Energy meter,158.3502
390,2026-09-23 21:16:10,IFD004 Energy meter,158.3644
391,2026-09-23 21:17:13,IFD004 Energy meter,158.3801
392,2026-09-23 21:18:16,IFD004 Energy meter,158.3892
393,2026-09-23 21:19:19,IFD004 Energy meter,158.4022
394,2026-09-23 21:20:22,IFD004 Energy meter,158.4149
395,2026-09-23 21:21:25,IFD004 Energy meter,158.4299
396,2026-09-23 21:22:28,IFD004 Energy meter,158.4427
397,2026-09-23 21:23:31,IFD004 Energy meter,158.4531
398,2026-09-23 21:24:34,IFD004 Energy meter,158.4656
399,2026-09-23 21:25:37,IFD004 Energy meter,158.4765
0,2026-09-23 14:26:40,IFD005 Energy meter,437.0717
1,2026-09-23 14:27:43,IFD005 Energy meter,437.0766
2,2026-09-23 14:28:46,IFD005 Energy meter,437.0831
3,2026-09-23 14:29:49,IFD005 Energy meter,437.0886
4,2026-09-23 14:30:52,IFD005 Energy meter,437.0957
5,2026-09-23 14:31:55,IFD005 Energy meter,437.099
6,2026-09-23 14:32:58,IFD005 Energy meter,437.1102
7,2026-09-23 14:34:01,IFD005 Energy meter,437.1193
8,2026-09-23 14:35:04,IFD005 Energy meter,437.1272
9,2026-09-23 14:36:07,IFD005 Energy meter,437.1311
10,2026-09-23 14:37:10,IFD005 Energy meter,437.1331
11,2026-09-23 14:38:13,IFD005 Energy meter,437.1378
12,2026-09-23 14:39:16,IFD005 Energy meter,437.1438
13,2026-09-23 14:40:19,IFD005 Energy meter,437.1549
14,2026-09-23 14:41:22,IFD005 Energy meter,437.164
15,2026-09-23 14:42:25,IFD005 Energy meter,437.1694
16,2026-09-23 14:43:28,IFD005 Energy meter,437.1784
17,2026-09-23 14:44:31,IFD005 Energy meter,437.1874
18,2026-09-23 14:45:34,IFD005 Energy meter,437.1939
19,2026-09-23 14:46:37,IFD005 Energy meter,437.2028
20,2026-09-23 14:47:40,IFD005 Energy meter,437.21
21,2026-09-23 14:48:43,IFD005 Energy meter,437.2151
22,2026-09-23 14:49:46,IFD005 Energy meter,437.2192
23,2026-09-23 14:50:49,IFD005 Energy meter,437.2254
24,2026-09-23 14:51:52,IFD005 Energy meter,437.2339
25,2026-09-23 14:52:55,IFD005 Energy meter,437.2376
26,2026-09-23 14:53:58,IFD005 Energy meter,437.2408
27,2026-09-23 14:55:01,IFD005 Energy meter,437.2484
28,2026-09-23 14:56:04,IFD005 Energy meter,437.2493
29,2026-09-23 14:57:07,IFD005 Energy meter,437.2595
30,2026-09-23 14:58:10,IFD005 Energy meter,437.2651
31,2026-09-23 14:59:13,IFD005 Energy meter,437.2731
32,2026-09-23 15:00:16,IFD005 Energy meter,437.2833
33,2026-09-23 15:01:19,IFD005 Energy meter,437.2869
34,2026-09-23 15:02:22,IFD005 Energy meter,437.2912
35,2026-09-23 15:03:25,IFD005 Energy meter,437.3022
36,2026-09-23 15:04:28,IFD005 Energy meter,437.3081
37,2026-09-23 15:05:31,IFD005 Energy meter,437.3144
38,2026-09-23 15:06:34,IFD005 Energy meter,437.3213
39,2026-09-23 15:07:37,IFD005 Energy meter,437.3299
40,2026-09-23 15:08:40,IFD005 Energy meter,437.3391
41,2026-09-23 15:09:43,IFD005 Energy meter,437.3458
42,2026-09-23 15:10:46,IFD005 Energy meter,437.3516
43,2026-09-23 15:11:49,IFD005 Energy meter,437.358
44,2026-09-23 15:12:52,IFD005 Energy meter,437.3651
45,2026-09-23 15:13:55,IFD005 Energy meter,437.3742
46,2026-09-23 15:14:58,IFD005 Energy meter,437.381
47,2026-09-23 15:16:01,IFD005 Energy meter,437.3912
48,2026-09-23 15:17:04,IFD005 Energy meter,437.3959
49,2026-09-23 15:18:07,IFD005 Energy meter,437.4035
50,2026-09-23 15:19:10,IFD005 Energy meter,437.4135
51,2026-09-23 15:20:13,IFD005 Energy meter,437.4227
52,2026-09-23 15:21:16,IFD005 Energy meter,437.4298
53,2026-09-23 15:22:19,IFD005 Energy meter,437.4345
54,2026-09-23 15:23:22,IFD005 Energy meter,437.4395
55,2026-09-23 15:24:25,IFD005 Energy meter,437.4457
56,2026-09-23 15:25:28,IFD005 Energy meter,437.4528
57,2026-09-23 15:26:31,IFD005 Energy meter,437.4587
58,2026-09-23 15:27:34,IFD005 Energy meter,437.4622
59,2026-09-23 15:28:37,IFD005 Energy meter,437.4672
60,2026-09-23 15:29:40,IFD005 Energy meter,437.4747
61,2026-09-23 15:30:43,IFD005 Energy meter,437.4829
62,2026-09-23 15:31:46,IFD005 Energy meter,437.4865
63,2026-09-23 15:32:49,IFD005 Energy meter,437.4923
64,2026-09-23 15:33:52,IFD005 Energy meter,437.4953
65,2026-09-23 15:34:55,IFD005 Energy meter,437.5006
66,2026-09-23 15:35:58,IFD005 Energy meter,437.5143
67,2026-09-23 15:37:01,IFD005 Energy meter,437.521
68,2026-09-23 15:38:04,IFD005 Energy meter,437.5267
69,2026-09-23 15:39:07,IFD005 Energy meter,437.532
70,2026-09-23 15:40:10,IFD005 Energy meter,437.536
71,2026-09-23 15:41:13,IFD005 Energy meter,437.5387
72,2026-09-23 15:42:16,IFD005 Energy meter,437.5451
73,2026-09-23 15:43:19,IFD005 Energy meter,437.551
74,2026-09-23 15:44:22,IFD005 Energy meter,437.5605
75,2026-09-23 15:45:25,IFD005 Energy meter,437.5636
76,2026-09-23 15:46:28,IFD005 Energy meter,437.571
77,2026-09-23 15:47:31,IFD005 Energy meter,437.5802
78,2026-09-23 15:48:34,IFD005 Energy meter,437.5826
79,2026-09-23 15:49:37,IFD005 Energy meter,437.5905
80,2026-09-23 15:50:40,IFD005 Energy meter,437.5936
81,2026-09-23 15:51:43,IFD005 Energy meter,437.6012
82,2026-09-23 15:52:46,IFD005 Energy meter,437.6107
83,2026-09-23 15:53:49,IFD005 Energy meter,437.6172
84,2026-09-23 15:54:52,IFD005 Energy meter,437.6242
85,2026-09-23 15:55:55,IFD005 Energy meter,437.6293
86,2026-09-23 15:56:58,IFD005 Energy meter,437.6363
87,2026-09-23 15:58:01,IFD005 Energy meter,437.6451
88,2026-09-23 15:59:04,IFD005 Energy meter,437.6512
89,2026-09-23 16:00:07,IFD005 Energy meter,437.6574
90,2026-09-23 16:01:10,IFD005 Energy meter,437.6647
91,2026-09-23 16:02:13,IFD005 Energy meter,437.6728
92,2026-09-23 16:03:16,IFD005 Energy meter,437.676
93,2026-09-23 16:04:19,IFD005 Energy meter,437.6826
94,2026-09-23 16:05:22,IFD005 Energy meter,437.6877
95,2026-09-23 16:06:25,IFD005 Energy meter,437.6951
96,2026-09-23 16:07:28,IFD005 Energy meter,437.7037
97,2026-09-23 16:08:31,IFD005 Energy meter,437.7109
98,2026-09-23 16:09:34,IFD005 Energy meter,437.72
99,2026-09-23 16:10:37,IFD005 Energy meter,437.7244
100,2026-09-23 16:11:40,IFD005 Energy meter,437.7301
101,2026-09-23 16:12:43,IFD005 Energy meter,437.7345
102,2026-09-23 16:13:46,IFD005 Energy meter,437.7411
103,2026-09-23 16:14:49,IFD005 Energy meter,437.7478
104,2026-09-23 16:15:52,IFD005 Energy meter,437.7538
105,2026-09-23 16:16:55,IFD005 Energy meter,437.7578
106,2026-09-23 16:17:58,IFD005 Energy meter,437.7642
107,2026-09-23 16:19:01,IFD005 Energy meter,437.7697
108,2026-09-23 16:20:04,IFD005 Energy meter,437.7775
109,2026-09-23 16:21:07,IFD005 Energy meter,437.7834
110,2026-09-23 16:22:10,IFD005 Energy meter,437.7922
111,2026-09-23 16:23:13,IFD005 Energy meter,437.7992
112,2026-09-23 16:24:16,IFD005 Energy meter,437.8019
113,2026-09-23 16:25:19,IFD005 Energy meter,437.808
114,2026-09-23 16:26:22,IFD005 Energy meter,437.8115
115,2026-09-23 16:27:25,IFD005 Energy meter,437.82
116,2026-09-23 16:28:28,IFD005 Energy meter,437.8294
117,2026-09-23 16:29:31,IFD005 Energy meter,437.8358
118,2026-09-23 16:30:34,IFD005 Energy meter,437.8432
119,2026-09-23 16:31:37,IFD005 Energy meter,437.8467
120,2026-09-23 16:32:40,IFD005 Energy meter,437.8486
121,2026-09-23 16:33:43,IFD005 Energy meter,437.854
122,2026-09-23 16:34:46,IFD005 Energy meter,437.8599
123,2026-09-23 16:35:49,IFD005 Energy meter,437.8633
124,2026-09-23 16:36:52,IFD005 Energy meter,437.8699
125,2026-09-23 16:37:55,IFD005 Energy meter,437.8771
126,2026-09-23 16:38:58,IFD005 Energy meter,437.8849
127,2026-09-23 16:40:01,IFD005 Energy meter,437.8945
128,2026-09-23 16:41:04,IFD005 Energy meter,437.9026
129,2026-09-23 16:42:07,IFD005 Energy meter,437.9084
130,2026-09-23 16:43:10,IFD005 Energy meter,437.9151
131,2026-09-23 16:44:13,IFD005 Energy meter,437.9228
132,2026-09-23 16:45:16,IFD005 Energy meter,437.9271
133,2026-09-23 16:46:19,IFD005 Energy meter,437.9363
134,2026-09-23 16:47:22,IFD005 Energy meter,437.9446
135,2026-09-23 16:48:25,IFD005 Energy meter,437.9506
136,2026-09-23 16:49:28,IFD005 Energy meter,437.9558
137,2026-09-23 16:50:31,IFD005 Energy meter,437.9701
138,2026-09-23 16:51:34,IFD005 Energy meter,437.9783
139,2026-09-23 16:52:37,IFD005 Energy meter,437.9867
140,2026-09-23 16:53:40,IFD005 Energy meter,437.9969
141,2026-09-23 16:54:43,IFD005 Energy meter,438.0053
142,2026-09-23 16:55:46,IFD005 Energy meter,438.0123
143,2026-09-23 16:56:49,IFD005 Energy meter,438.0202
144,2026-09-23 16:57:52,IFD005 Energy meter,438.0248
145,2026-09-23 16:58:55,IFD005 Energy meter,438.0327
146,2026-09-23 16:59:58,IFD005 Energy meter,438.0361
147,2026-09-23 17:01:01,IFD005 Energy meter,438.0434
148,2026-09-23 17:02:04,IFD005 Energy meter,438.051
149,2026-09-23 17:03:07,IFD005 Energy meter,438.0543
150,2026-09-23 17:04:10,IFD005 Energy meter,438.0648
151,2026-09-23 17:05:13,IFD005 Energy meter,438.0689
152,2026-09-23 17:06:16,IFD005 Energy meter,438.0775
153,2026-09-23 17:07:19,IFD005 Energy meter,438.0829
154,2026-09-23 17:08:22,IFD005 Energy meter,438.0901
155,2026-09-23 17:09:25,IFD005 Energy meter,438.0952
156,2026-09-23 17:10:28,IFD005 Energy meter,438.1068
157,2026-09-23 17:11:31,IFD005 Energy meter,438.1154
158,2026-09-23 17:12:34,IFD005 Energy meter,438.1256
159,2026-09-23 17:13:37,IFD005 Energy meter,438.1337
160,2026-09-23 17:14:40,IFD005 Energy meter,438.1416
161,2026-09-23 17:15:43,IFD005 Energy meter,438.1484
162,2026-09-23 17:16:46,IFD005 Energy meter,438.1545
163,2026-09-23 17:17:49,IFD005 Energy meter,438.1622
164,2026-09-23 17:18:52,IFD005 Energy meter,438.169
165,2026-09-23 17:19:55,IFD005 Energy meter,438.1752
166,2026-09-23 17:20:58,IFD005 Energy meter,438.1789
167,2026-09-23 17:22:01,IFD005 Energy meter,438.1848
168,2026-09-23 17:23:04,IFD005 Energy meter,438.1926
169,2026-09-23 17:24:07,IFD005 Energy meter,438.1981
170,2026-09-23 17:25:10,IFD005 Energy meter,438.2053
171,2026-09-23 17:26:13,IFD005 Energy meter,438.2116
172,2026-09-23 17:27:16,IFD005 Energy meter,438.216
173,2026-09-23 17:28:19,IFD005 Energy meter,438.2206
174,2026-09-23 17:29:22,IFD005 Energy meter,438.2256
175,2026-09-23 17:30:25,IFD005 Energy meter,438.2315
176,2026-09-23 17:31:28,IFD005 Energy meter,438.2375
177,2026-09-23 17:32:31,IFD005 Energy meter,438.2463
178,2026-09-23 17:33:34,IFD005 Energy meter,438.2506
179,2026-09-23 17:34:37,IFD005 Energy meter,438.253
180,2026-09-23 17:35:40,IFD005 Energy meter,438.2609
181,2026-09-23 17:36:43,IFD005 Energy meter,438.2665
182,2026-09-23 17:37:46,IFD005 Energy meter,438.2728
183,2026-09-23 17:38:49,IFD005 Energy meter,438.2845
184,2026-09-23 17:39:52,IFD005 Energy meter,438.294
185,2026-09-23 17:40:55,IFD005 Energy meter,438.3018
186,2026-09-23 17:41:58,IFD005 Energy meter,438.3102
187,2026-09-23 17:43:01,IFD005 Energy meter,438.317
188,2026-09-23 17:44:04,IFD005 Energy meter,438.3255
189,2026-09-23 17:45:07,IFD005 Energy meter,438.3308
190,2026-09-23 17:46:10,IFD005 Energy meter,438.3358
191,2026-09-23 17:47:13,IFD005 Energy meter,438.3414
192,2026-09-23 17:48:16,IFD005 Energy meter,438.3512
193,2026-09-23 17:49:19,IFD005 Energy meter,438.3609
194,2026-09-23 17:50:22,IFD005 Energy meter,438.3662
195,2026-09-23 17:51:25,IFD005 Energy meter,438.3751
196,2026-09-23 17:52:28,IFD005 Energy meter,438.3813
197,2026-09-23 17:53:31,IFD005 Energy meter,438.3901
198,2026-09-23 17:54:34,IFD005 Energy meter,438.3959
199,2026-09-23 17:55:37,IFD005 Energy meter,438.4044
200,2026-09-23 17:56:40,IFD005 Energy meter,438.4107
201,2026-09-23 17:57:43,IFD005 Energy meter,438.4167
202,2026-09-23 17:58:46,IFD005 Energy meter,438.4232
203,2026-09-23 17:59:49,IFD005 Energy meter,438.43
204,2026-09-23 18:00:52,IFD005 Energy meter,438.4354
205,2026-09-23 18:01:55,IFD005 Energy meter,438.4391
206,2026-09-23 18:02:58,IFD005 Energy meter,438.4491
207,2026-09-23 18:04:01,IFD005 Energy meter,438.4549
208,2026-09-23 18:05:04,IFD005 Energy meter,438.4577
209,2026-09-23 18:06:07,IFD005 Energy meter,438.4596
210,2026-09-23 18:07:10,IFD005 Energy meter,438.4604
211,2026-09-23 18:08:13,IFD005 Energy meter,438.4656
212,2026-09-23 18:09:16,IFD005 Energy meter,438.475
213,2026-09-23 18:10:19,IFD005 Energy meter,438.4782
214,2026-09-23 18:11:22,IFD005 Energy meter,438.4841
215,2026-09-23 18:12:25,IFD005 Energy meter,438.4868
216,2026-09-23 18:13:28,IFD005 Energy meter,438.4956
217,2026-09-23 18:14:31,IFD005 Energy meter,438.5029
218,2026-09-23 18:15:34,IFD005 Energy meter,438.5102
219,2026-09-23 18:16:37,IFD005 Energy meter,438.5195
220,2026-09-23 18:17:40,IFD005 Energy meter,438.5294
221,2026-09-23 18:18:43,IFD005 Energy meter,438.5381
222,2026-09-23 18:19:46,IFD005 Energy meter,438.5434
223,2026-09-23 18:20:49,IFD005 Energy meter,438.5473
224,2026-09-23 18:21:52,IFD005 Energy meter,438.5517
225,2026-09-23 18:22:55,IFD005 Energy meter,438.5546
226,2026-09-23 18:23:58,IFD005 Energy meter,438.5649
227,2026-09-23 18:25:01,IFD005 Energy meter,438.571
228,2026-09-23 18:26:04,IFD005 Energy meter,438.5779
229,2026-09-23 18:27:07,IFD005 Energy meter,438.5848
230,2026-09-23 18:28:10,IFD005 Energy meter,438.5955
231,2026-09-23 18:29:13,IFD005 Energy meter,438.6009
232,2026-09-23 18:30:16,IFD005 Energy meter,438.6099
233,2026-09-23 18:31:19,IFD005 Energy meter,438.6171
234,2026-09-23 18:32:22,IFD005 Energy meter,438.6233
235,2026-09-23 18:33:25,IFD005 Energy meter,438.6259
236,2026-09-23 18:34:28,IFD005 Energy meter,438.6344
237,2026-09-23 18:35:31,IFD005 Energy meter,438.6394
238,2026-09-23 18:36:34,IFD005 Energy meter,438.645
239,2026-09-23 18:37:37,IFD005 Energy meter,438.6521
240,2026-09-23 18:38:40,IFD005 Energy meter,438.6588
241,2026-09-23 18:39:43,IFD005 Energy meter,438.6677
242,2026-09-23 18:40:46,IFD005 Energy meter,438.6729
243,2026-09-23 18:41:49,IFD005 Energy meter,438.6798
244,2026-09-23 18:42:52,IFD005 Energy meter,438.6869
245,2026-09-23 18:43:55,IFD005 Energy meter,438.6935
246,2026-09-23 18:44:58,IFD005 Energy meter,438.7015
247,2026-09-23 18:46:01,IFD005 Energy meter,438.7075
248,2026-09-23 18:47:04,IFD005 Energy meter,438.7165
249,2026-09-23 18:48:07,IFD005 Energy meter,438.7216
250,2026-09-23 18:49:10,IFD005 Energy meter,438.7252
251,2026-09-23 18:50:13,IFD005 Energy meter,438.7317
252,2026-09-23 18:51:16,IFD005 Energy meter,438.7407
253,2026-09-23 18:52:19,IFD005 Energy meter,438.7462
254,2026-09-23 18:53:22,IFD005 Energy meter,438.7515
255,2026-09-23 18:54:25,IFD005 Energy meter,438.7573
256,2026-09-23 18:55:28,IFD005 Energy meter,438.7642
257,2026-09-23 18:56:31,IFD005 Energy meter,438.7704
258,2026-09-23 18:57:34,IFD005 Energy meter,438.7776
259,2026-09-23 18:58:37,IFD005 Energy meter,438.7806
260,2026-09-23 18:59:40,IFD005 Energy meter,438.7903
261,2026-09-23 19:00:43,IFD005 Energy meter,438.798
262,2026-09-23 19:01:46,IFD005 Energy meter,438.8028
263,2026-09-23 19:02:49,IFD005 Energy meter,438.8122
264,2026-09-23 19:03:52,IFD005 Energy meter,438.8197
265,2026-09-23 19:04:55,IFD005 Energy meter,438.8293
266,2026-09-23 19:05:58,IFD005 Energy meter,438.8334
267,2026-09-23 19:07:01,IFD005 Energy meter,438.8434
268,2026-09-23 19:08:04,IFD005 Energy meter,438.8501
269,2026-09-23 19:09:07,IFD005 Energy meter,438.8524
270,2026-09-23 19:10:10,IFD005 Energy meter,438.8605
271,2026-09-23 19:11:13,IFD005 Energy meter,438.8664
272,2026-09-23 19:12:16,IFD005 Energy meter,438.8709
273,2026-09-23 19:13:19,IFD005 Energy meter,438.877
274,2026-09-23 19:14:22,IFD005 Energy meter,438.8796
275,2026-09-23 19:15:25,IFD005 Energy meter,438.8874
276,2026-09-23 19:16:28,IFD005 Energy meter,438.8935
277,2026-09-23 19:17:31,IFD005 Energy meter,438.8995
278,2026-09-23 19:18:34,IFD005 Energy meter,438.9089
279,2026-09-23 19:19:37,IFD005 Energy meter,438.9156
280,2026-09-23 19:20:40,IFD005 Energy meter,438.9208
281,2026-09-23 19:21:43,IFD005 Energy meter,438.9254
282,2026-09-23 19:22:46,IFD005 Energy meter,438.9318
283,2026-09-23 19:23:49,IFD005 Energy meter,438.9406
284,2026-09-23 19:24:52,IFD005 Energy meter,438.9459
285,2026-09-23 19:25:55,IFD005 Energy meter,438.9504
286,2026-09-23 19:26:58,IFD005 Energy meter,438.9588
287,2026-09-23 19:28:01,IFD005 Energy meter,438.9655
288,2026-09-23 19:29:04,IFD005 Energy meter,438.972
289,2026-09-23 19:30:07,IFD005 Energy meter,438.9829
290,2026-09-23 19:31:10,IFD005 Energy meter,438.9869
291,2026-09-23 19:32:13,IFD005 Energy meter,438.9939
292,2026-09-23 19:33:16,IFD005 Energy meter,438.9968
293,2026-09-23 19:34:19,IFD005 Energy meter,439.0027
294,2026-09-23 19:35:22,IFD005 Energy meter,439.0105
295,2026-09-23 19:36:25,IFD005 Energy meter,439.0194
296,2026-09-23 19:37:28,IFD005 Energy meter,439.0233
297,2026-09-23 19:38:31,IFD005 Energy meter,439.0316
298,2026-09-23 19:39:34,IFD005 Energy meter,439.0398
299,2026-09-23 19:40:37,IFD005 Energy meter,439.0461
300,2026-09-23 19:41:40,IFD005 Energy meter,439.0577
301,2026-09-23 19:42:43,IFD005 Energy meter,439.0643
302,2026-09-23 19:43:46,IFD005 Energy meter,439.069
303,2026-09-23 19:44:49,IFD005 Energy meter,439.0765
304,2026-09-23 19:45:52,IFD005 Energy meter,439.0792
305,2026-09-23 19:46:55,IFD005 Energy meter,439.089
306,2026-09-23 19:47:58,IFD005 Energy meter,439.0975
307,2026-09-23 19:49:01,IFD005 Energy meter,439.1033
308,2026-09-23 19:50:04,IFD005 Energy meter,439.1111
309,2026-09-23 19:51:07,IFD005 Energy meter,439.1188
310,2026-09-23 19:52:10,IFD005 Energy meter,439.1293
311,2026-09-23 19:53:13,IFD005 Energy meter,439.1346
312,2026-09-23 19:54:16,IFD005 Energy meter,439.1385
313,2026-09-23 19:55:19,IFD005 Energy meter,439.1409
314,2026-09-23 19:56:22,IFD005 Energy meter,439.1468
315,2026-09-23 19:57:25,IFD005 Energy meter,439.1502
316,2026-09-23 19:58:28,IFD005 Energy meter,439.1564
317,2026-09-23 19:59:31,IFD005 Energy meter,439.1638
318,2026-09-23 20:00:34,IFD005 Energy meter,439.1694
319,2026-09-23 20:01:37,IFD005 Energy meter,439.174
320,2026-09-23 20:02:40,IFD005 Energy meter,439.183
321,2026-09-23 20:03:43,IFD005 Energy meter,439.1892
322,2026-09-23 20:04:46,IFD005 Energy meter,439.1962
323,2026-09-23 20:05:49,IFD005 Energy meter,439.2047
324,2026-09-23 20:06:52,IFD005 Energy meter,439.2086
325,2026-09-23 20:07:55,IFD005 Energy meter,439.2133
326,2026-09-23 20:08:58,IFD005 Energy meter,439.225
327,2026-09-23 20:10:01,IFD005 Energy meter,439.2312
328,2026-09-23 20:11:04,IFD005 Energy meter,439.2356
329,2026-09-23 20:12:07,IFD005 Energy meter,439.2416
330,2026-09-23 20:13:10,IFD005 Energy meter,439.247
331,2026-09-23 20:14:13,IFD005 Energy meter,439.251
332,2026-09-23 20:15:16,IFD005 Energy meter,439.2568
333,2026-09-23 20:16:19,IFD005 Energy meter,439.2633
334,2026-09-23 20:17:22,IFD005 Energy meter,439.2698
335,2026-09-23 20:18:25,IFD005 Energy meter,439.2775
336,2026-09-23 20:19:28,IFD005 Energy meter,439.2805
337,2026-09-23 20:20:31,IFD005 Energy meter,439.2839
338,2026-09-23 20:21:34,IFD005 Energy meter,439.2921
339,2026-09-23 20:22:37,IFD005 Energy meter,439.2978
340,2026-09-23 20:23:40,IFD005 Energy meter,439.3068
341,2026-09-23 20:24:43,IFD005 Energy meter,439.314
342,2026-09-23 20:25:46,IFD005 Energy meter,439.3177
343,2026-09-23 20:26:49,IFD005 Energy meter,439.3253
344,2026-09-23 20:27:52,IFD005 Energy meter,439.3298
345,2026-09-23 20:28:55,IFD005 Energy meter,439.3369
346,2026-09-23 20:29:58,IFD005 Energy meter,439.346
347,2026-09-23 20:31:01,IFD005 Energy meter,439.3569
348,2026-09-23 20:32:04,IFD005 Energy meter,439.3633
349,2026-09-23 20:33:07,IFD005 Energy meter,439.3713
350,2026-09-23 20:34:10,IFD005 Energy meter,439.3785
351,2026-09-23 20:35:13,IFD005 Energy meter,439.3867
352,2026-09-23 20:36:16,IFD005 Energy meter,439.388
353,2026-09-23 20:37:19,IFD005 Energy meter,439.3937
354,2026-09-23 20:38:22,IFD005 Energy meter,439.4009
355,2026-09-23 20:39:25,IFD005 Energy meter,439.4084
356,2026-09-23 20:40:28,IFD005 Energy meter,439.4134
357,2026-09-23 20:41:31,IFD005 Energy meter,439.4217
358,2026-09-23 20:42:34,IFD005 Energy meter,439.4305
359,2026-09-23 20:43:37,IFD005 Energy meter,439.4372
360,2026-09-23 20:44:40,IFD005 Energy meter,439.4433
361,2026-09-23 20:45:43,IFD005 Energy meter,439.4491
362,2026-09-23 20:46:46,IFD005 Energy meter,439.4559
363,2026-09-23 20:47:49,IFD005 Energy meter,439.4649
364,2026-09-23 20:48:52,IFD005 Energy meter,439.4746
365,2026-09-23 20:49:55,IFD005 Energy meter,439.4802
366,2026-09-23 20:50:58,IFD005 Energy meter,439.4848
367,2026-09-23 20:52:01,IFD005 Energy meter,439.4897
368,2026-09-23 20:53:04,IFD005 Energy meter,439.4983
369,2026-09-23 20:54:07,IFD005 Energy meter,439.5053
370,2026-09-23 20:55:10,IFD005 Energy meter,439.5125
371,2026-09-23 20:56:13,IFD005 Energy meter,439.5201
372,2026-09-23 20:57:16,IFD005 Energy meter,439.5274
373,2026-09-23 20:58:19,IFD005 Energy meter,439.5337
374,2026-09-23 20:59:22,IFD005 Energy meter,439.5381
375,2026-09-23 21:00:25,IFD005 Energy meter,439.5434
376,2026-09-23 21:01:28,IFD005 Energy meter,439.5502
377,2026-09-23 21:02:31,IFD005 Energy meter,439.5576
378,2026-09-23 21:03:34,IFD005 Energy meter,439.5634
379,2026-09-23 21:04:37,IFD005 Energy meter,439.5691
380,2026-09-23 21:05:40,IFD005 Energy meter,439.5784
381,2026-09-23 21:06:43,IFD005 Energy meter,439.584
382,2026-09-23 21:07:46,IFD005 Energy meter,439.5911
383,2026-09-23 21:08:49,IFD005 Energy meter,439.597
384,2026-09-23 21:09:52,IFD005 Energy meter,439.6018
385,2026-09-23 21:10:55,IFD005 Energy meter,439.6052
386,2026-09-23 21:11:58,IFD005 Energy meter,439.6107
387,2026-09-23 21:13:01,IFD005 Energy meter,439.6155
388,2026-09-23 21:14:04,IFD005 Energy meter,439.6238
389,2026-09-23 21:15:07,IFD005 Energy meter,439.628
390,2026-09-23 21:16:10,IFD005 Energy meter,439.6338
391,2026-09-23 21:17:13,IFD005 Energy meter,439.6417
392,2026-09-23 21:18:16,IFD005 Energy meter,439.648
393,2026-09-23 21:19:19,IFD005 Energy meter,439.6556
394,2026-09-23 21:20:22,IFD005 Energy meter,439.6638
395,2026-09-23 21:21:25,IFD005 Energy meter,439.667
396,2026-09-23 21:22:28,IFD005 Energy meter,439.6727
397,2026-09-23 21:23:31,IFD005 Energy meter,439.6773
398,2026-09-23 21:24:34,IFD005 Energy meter,439.6866
399,2026-09-23 21:25:37,IFD005 Energy meter,439.6929
